  0
SECTION
  2
HEADER
  9
$ACADVER
  1
AC1015
  9
$ACADMAINTVER
 70
    20
  9
$DWGCODEPAGE
  3
ANSI_1252
  9
$INSBASE
 10
0.0
 20
0.0
 30
0.0
  9
$EXTMIN
 10
61.818414565145
 20
102.498042915341
 30
0.0
  9
$EXTMAX
 10
119.018414565146
 20
114.052487174555
 30
0.0
  9
$LIMMIN
 10
119.018414565146
 20
0.0
  9
$LIMMAX
 10
12.0
 20
9.0
  9
$ORTHOMODE
 70
     0
  9
$REGENMODE
 70
     1
  9
$FILLMODE
 70
     1
  9
$QTEXTMODE
 70
     0
  9
$MIRRTEXT
 70
     0
  9
$LTSCALE
 40
1.0
  9
$ATTMODE
 70
     1
  9
$TEXTSIZE
 40
0.2
  9
$TRACEWID
 40
0.05
  9
$TEXTSTYLE
  7
Standard
  9
$CLAYER
  8
0
  9
$CELTYPE
  6
ByLayer
  9
$CECOLOR
 62
   256
  9
$CELTSCALE
 40
1.0
  9
$DISPSILH
 70
     0
  9
$DIMSCALE
 40
1.0
  9
$DIMASZ
 40
0.18
  9
$DIMEXO
 40
0.0625
  9
$DIMDLI
 40
0.38
  9
$DIMRND
 40
0.0
  9
$DIMDLE
 40
0.0
  9
$DIMEXE
 40
0.18
  9
$DIMTP
 40
0.0
  9
$DIMTM
 40
0.0
  9
$DIMTXT
 40
0.18
  9
$DIMCEN
 40
0.09
  9
$DIMTSZ
 40
0.0
  9
$DIMTOL
 70
     0
  9
$DIMLIM
 70
     0
  9
$DIMTIH
 70
     1
  9
$DIMTOH
 70
     1
  9
$DIMSE1
 70
     0
  9
$DIMSE2
 70
     0
  9
$DIMTAD
 70
     0
  9
$DIMZIN
 70
     0
  9
$DIMBLK
  1

  9
$DIMASO
 70
     1
  9
$DIMSHO
 70
     1
  9
$DIMPOST
  1

  9
$DIMAPOST
  1

  9
$DIMALT
 70
     0
  9
$DIMALTD
 70
     2
  9
$DIMALTF
 40
25.4
  9
$DIMLFAC
 40
1.0
  9
$DIMTOFL
 70
     0
  9
$DIMTVP
 40
0.0
  9
$DIMTIX
 70
     0
  9
$DIMSOXD
 70
     0
  9
$DIMSAH
 70
     0
  9
$DIMBLK1
  1

  9
$DIMBLK2
  1

  9
$DIMSTYLE
  2
Standard
  9
$DIMCLRD
 70
     0
  9
$DIMCLRE
 70
     0
  9
$DIMCLRT
 70
     0
  9
$DIMTFAC
 40
1.0
  9
$DIMGAP
 40
0.09
  9
$DIMJUST
 70
     0
  9
$DIMSD1
 70
     0
  9
$DIMSD2
 70
     0
  9
$DIMTOLJ
 70
     1
  9
$DIMTZIN
 70
     0
  9
$DIMALTZ
 70
     0
  9
$DIMALTTZ
 70
     0
  9
$DIMUPT
 70
     0
  9
$DIMDEC
 70
     4
  9
$DIMTDEC
 70
     4
  9
$DIMALTU
 70
     2
  9
$DIMALTTD
 70
     2
  9
$DIMTXSTY
  7
Standard
  9
$DIMAUNIT
 70
     0
  9
$DIMADEC
 70
     0
  9
$DIMALTRND
 40
0.0
  9
$DIMAZIN
 70
     0
  9
$DIMDSEP
 70
    46
  9
$DIMATFIT
 70
     3
  9
$DIMFRAC
 70
     0
  9
$DIMLDRBLK
  1

  9
$DIMLUNIT
 70
     2
  9
$DIMLWD
 70
    -2
  9
$DIMLWE
 70
    -2
  9
$DIMTMOVE
 70
     0
  9
$LUNITS
 70
     2
  9
$LUPREC
 70
     4
  9
$SKETCHINC
 40
0.1
  9
$FILLETRAD
 40
0.0
  9
$AUNITS
 70
     0
  9
$AUPREC
 70
     0
  9
$MENU
  1
.
  9
$ELEVATION
 40
0.0
  9
$PELEVATION
 40
0.0
  9
$THICKNESS
 40
0.0
  9
$LIMCHECK
 70
     0
  9
$CHAMFERA
 40
0.0
  9
$CHAMFERB
 40
0.0
  9
$CHAMFERC
 40
0.0
  9
$CHAMFERD
 40
0.0
  9
$SKPOLY
 70
     0
  9
$TDCREATE
 40
2461250.708333333
  9
$TDUCREATE
 40
2461250.583333334
  9
$TDUPDATE
 40
2461251.482986111
  9
$TDUUPDATE
 40
2461251.357986111
  9
$TDINDWG
 40
0.0007407407
  9
$TDUSRTIMER
 40
0.0007407407
  9
$USRTIMER
 70
     1
  9
$ANGBASE
 50
0.0
  9
$ANGDIR
 70
     0
  9
$PDMODE
 70
     0
  9
$PDSIZE
 40
0.0
  9
$PLINEWID
 40
0.0
  9
$SPLFRAME
 70
     0
  9
$SPLINETYPE
 70
     6
  9
$SPLINESEGS
 70
     8
  9
$HANDSEED
  5
A154
  9
$SURFTAB1
 70
     6
  9
$SURFTAB2
 70
     6
  9
$SURFTYPE
 70
     6
  9
$SURFU
 70
     6
  9
$SURFV
 70
     6
  9
$UCSBASE
  2

  9
$UCSNAME
  2

  9
$UCSORG
 10
0.0
 20
0.0
 30
0.0
  9
$UCSXDIR
 10
1.0
 20
0.0
 30
0.0
  9
$UCSYDIR
 10
0.0
 20
1.0
 30
0.0
  9
$UCSORTHOREF
  2

  9
$UCSORTHOVIEW
 70
     0
  9
$UCSORGTOP
 10
0.0
 20
0.0
 30
0.0
  9
$UCSORGBOTTOM
 10
0.0
 20
0.0
 30
0.0
  9
$UCSORGLEFT
 10
0.0
 20
0.0
 30
0.0
  9
$UCSORGRIGHT
 10
0.0
 20
0.0
 30
0.0
  9
$UCSORGFRONT
 10
0.0
 20
0.0
 30
0.0
  9
$UCSORGBACK
 10
0.0
 20
0.0
 30
0.0
  9
$PUCSBASE
  2

  9
$PUCSNAME
  2

  9
$PUCSORG
 10
0.0
 20
0.0
 30
0.0
  9
$PUCSXDIR
 10
1.0
 20
0.0
 30
0.0
  9
$PUCSYDIR
 10
0.0
 20
1.0
 30
0.0
  9
$PUCSORTHOREF
  2

  9
$PUCSORTHOVIEW
 70
     0
  9
$PUCSORGTOP
 10
0.0
 20
0.0
 30
0.0
  9
$PUCSORGBOTTOM
 10
0.0
 20
0.0
 30
0.0
  9
$PUCSORGLEFT
 10
0.0
 20
0.0
 30
0.0
  9
$PUCSORGRIGHT
 10
0.0
 20
0.0
 30
0.0
  9
$PUCSORGFRONT
 10
0.0
 20
0.0
 30
0.0
  9
$PUCSORGBACK
 10
0.0
 20
0.0
 30
0.0
  9
$USERI1
 70
     0
  9
$USERI2
 70
     0
  9
$USERI3
 70
     0
  9
$USERI4
 70
     0
  9
$USERI5
 70
     0
  9
$USERR1
 40
0.0
  9
$USERR2
 40
0.0
  9
$USERR3
 40
0.0
  9
$USERR4
 40
0.0
  9
$USERR5
 40
0.0
  9
$WORLDVIEW
 70
     1
  9
$SHADEDGE
 70
     3
  9
$SHADEDIF
 70
    70
  9
$TILEMODE
 70
     1
  9
$MAXACTVP
 70
    64
  9
$PINSBASE
 10
0.0
 20
0.0
 30
0.0
  9
$PLIMCHECK
 70
     0
  9
$PEXTMIN
 10
0.0
 20
0.0
 30
0.0
  9
$PEXTMAX
 10
0.0
 20
0.0
 30
0.0
  9
$PLIMMIN
 10
0.0
 20
0.0
  9
$PLIMMAX
 10
12.0
 20
9.0
  9
$UNITMODE
 70
     0
  9
$VISRETAIN
 70
     1
  9
$PLINEGEN
 70
     0
  9
$PSLTSCALE
 70
     1
  9
$TREEDEPTH
 70
  3020
  9
$CMLSTYLE
  2
Standard
  9
$CMLJUST
 70
     0
  9
$CMLSCALE
 40
1.0
  9
$PROXYGRAPHICS
 70
     1
  9
$MEASUREMENT
 70
     0
  9
$CELWEIGHT
370
    -1
  9
$ENDCAPS
280
     0
  9
$JOINSTYLE
280
     0
  9
$LWDISPLAY
290
     0
  9
$INSUNITS
 70
     4
  9
$HYPERLINKBASE
  1

  9
$STYLESHEET
  1

  9
$XEDIT
290
     1
  9
$CEPSNTYPE
380
     0
  9
$PSTYLEMODE
290
     1
  9
$FINGERPRINTGUID
  2
{84B1C7FA-26D8-1640-A478-1DD81110DF27}
  9
$VERSIONGUID
  2
{B4A78985-73EE-9342-B1DD-C6B79C6B19A5}
  9
$EXTNAMES
290
     1
  9
$PSVPSCALE
 40
0.0
  9
$OLESTARTUP
290
     0
  0
ENDSEC
  0
SECTION
  2
CLASSES
  0
CLASS
  1
ACDBDICTIONARYWDFLT
  2
AcDbDictionaryWithDefault
  3
ObjectDBX Classes
 90
        0
280
     0
281
     0
  0
CLASS
  1
ACDBPLACEHOLDER
  2
AcDbPlaceHolder
  3
ObjectDBX Classes
 90
        0
280
     0
281
     0
  0
CLASS
  1
LAYOUT
  2
AcDbLayout
  3
ObjectDBX Classes
 90
        0
280
     0
281
     0
  0
CLASS
  1
DICTIONARYVAR
  2
AcDbDictionaryVar
  3
ObjectDBX Classes
 90
        0
280
     0
281
     0
  0
CLASS
  1
TABLESTYLE
  2
AcDbTableStyle
  3
ObjectDBX Classes
 90
     4095
280
     0
281
     0
  0
CLASS
  1
MATERIAL
  2
AcDbMaterial
  3
ObjectDBX Classes
 90
     1153
280
     0
281
     0
  0
CLASS
  1
VISUALSTYLE
  2
AcDbVisualStyle
  3
ObjectDBX Classes
 90
     4095
280
     0
281
     0
  0
CLASS
  1
SCALE
  2
AcDbScale
  3
ObjectDBX Classes
 90
     1153
280
     0
281
     0
  0
CLASS
  1
MLEADERSTYLE
  2
AcDbMLeaderStyle
  3
ACDB_MLEADERSTYLE_CLASS
 90
     4095
280
     0
281
     0
  0
CLASS
  1
CELLSTYLEMAP
  2
AcDbCellStyleMap
  3
ObjectDBX Classes
 90
     1152
280
     0
281
     0
  0
CLASS
  1
EXACXREFPANELOBJECT
  2
ExAcXREFPanelObject
  3
EXAC_ESW
 90
    33793
280
     0
281
     0
  0
CLASS
  1
NPOCOLLECTION
  2
AcDbImpNonPersistentObjectsCollection
  3
ObjectDBX Classes
 90
    33921
280
     0
281
     0
  0
CLASS
  1
LAYER_INDEX
  2
AcDbLayerIndex
  3
ObjectDBX Classes
 90
    32768
280
     0
281
     0
  0
CLASS
  1
SPATIAL_INDEX
  2
AcDbSpatialIndex
  3
ObjectDBX Classes
 90
    32768
280
     0
281
     0
  0
CLASS
  1
IDBUFFER
  2
AcDbIdBuffer
  3
ObjectDBX Classes
 90
    32768
280
     0
281
     0
  0
CLASS
  1
ACDBSECTIONVIEWSTYLE
  2
AcDbSectionViewStyle
  3
ObjectDBX Classes
 90
     1025
280
     0
281
     0
  0
CLASS
  1
ACDBDETAILVIEWSTYLE
  2
AcDbDetailViewStyle
  3
ObjectDBX Classes
 90
     1025
280
     0
281
     0
  0
CLASS
  1
DMMAPMANAGER
  2
AcMapDMMapManager
  3
AcMapDisplayManagement
 90
     1024
280
     0
281
     0
  0
CLASS
  1
DMSTYLELIBRARY
  2
AcMapDMStyleLibrary
  3
AcMapDisplayManagement
 90
     1024
280
     0
281
     0
  0
CLASS
  1
DMSTYLECATEGORY
  2
AcMapDMStyleCategory
  3
AcMapDisplayManagement
 90
     1024
280
     0
281
     0
  0
CLASS
  1
ACDBDATATABLE
  2
AcDbDataTable
  3
ObjectDBX Classes
 90
        0
280
     0
281
     0
  0
CLASS
  1
MAPRESOURCEMANAGEROBJECT
  2
AcMapResourceManager
  3
AcMapSharedComponents
 90
    33792
280
     0
281
     0
  0
CLASS
  1
MAPGWSUNDOOBJECT
  2
AcMapGWSUndoRecorder
  3
AcMapFeatureSourceManager
 90
    33793
280
     0
281
     0
  0
CLASS
  1
DMMAP
  2
AcMapDMMap
  3
AcMapDisplayManagement
 90
     1024
280
     0
281
     0
  0
CLASS
  1
DMBASEELEMENT
  2
AcMapDMBaseElement
  3
AcMapDisplayManagement
 90
     1024
280
     0
281
     0
  0
CLASS
  1
DMDEFAULTSTYLE
  2
AcMapDMDefaultStyle
  3
AcMapDisplayManagement
 90
     1024
280
     0
281
     0
  0
CLASS
  1
DMSTYLEREFERENCE
  2
AcMapDMStyleReference
  3
AcMapDisplayManagement
 90
     1024
280
     0
281
     0
  0
CLASS
  1
DMSURROGATESTYLESETS
  2
AcMapDMSurrogateStyleSets
  3
AcMapDisplayManagement
 90
     1153
280
     0
281
     0
  0
CLASS
  1
SORTENTSTABLE
  2
AcDbSortentsTable
  3
ObjectDBX Classes
 90
        0
280
     0
281
     0
  0
CLASS
  1
DMSTYLIZEDENTITIESTABLE
  2
AcMapDMStylizedEntitiesTable
  3
AcMapDisplayManagement
 90
     1024
280
     0
281
     0
  0
CLASS
  1
SOLID_BACKGROUND
  2
AcDbSolidBackground
  3
SCENEOE
 90
    36863
280
     0
281
     0
  0
CLASS
  1
SUN
  2
AcDbSun
  3
SCENEOE
 90
    33921
280
     0
281
     0
  0
CLASS
  1
GEODATA
  2
AcDbGeoData
  3
ObjectDBX Classes
 90
     4095
280
     0
281
     0
  0
CLASS
  1
MAPFSMRVOBJECT
  2
AcMapDMResourceVersionObject
  3
AcMapFeatureSourceManager
 90
    33793
280
     0
281
     0
  0
CLASS
  1
MAPMETADATAOBJECT
  2
AcMapMetadataPersistObject
  3
AcMapFeatureSourceManager
 90
     1025
280
     0
281
     0
  0
CLASS
  1
ACMAPPRINTLAYOUTELEMENTDBOBJECTCONTAINER
  2
AcMapPrintLayoutElementDbObjectContainer
  3
AcMapPrintLayoutSystem
 90
    33793
280
     0
281
     0
  0
CLASS
  1
ACMAPMAPVIEWPORTDBOBJECT
  2
AcMapMapViewportDbObject
  3
AcMapPrintLayoutSystem
 90
    33793
280
     0
281
     0
  0
CLASS
  1
DMLEGEND
  2
AcMapDMLegend
  3
AcMapDisplayManagement
 90
    33792
280
     0
281
     1
  0
CLASS
  1
ACMAPLEGENDDBOBJECT
  2
AcMapLegendDbObject
  3
AcMapPrintLayoutSystem
 90
    33793
280
     0
281
     0
  0
CLASS
  1
ACMAPLEGENDITEMDBOBJECT
  2
AcMapLegendItemDbObject
  3
AcMapPrintLayoutSystem
 90
    33793
280
     0
281
     0
  0
ENDSEC
  0
SECTION
  2
TABLES
  0
TABLE
  2
VPORT
  5
8
330
0
100
AcDbSymbolTable
 70
     1
  0
VPORT
  5
94
330
8
100
AcDbSymbolTableRecord
100
AcDbViewportTableRecord
  2
*Active
 70
     0
 10
0.0
 20
0.0
 11
1.0
 21
1.0
 12
107.2888943107822
 22
106.7597236386648
 13
0.0
 23
0.0
 14
0.5
 24
0.5
 15
0.5
 25
0.5
 16
0.0
 26
0.0
 36
1.0
 17
0.0
 27
0.0
 37
0.0
 40
70.71122242951563
 41
2.176538908246225
 42
50.0
 43
0.0
 44
0.0
 50
0.0
 51
0.0
 71
     0
 72
  1000
 73
     1
 74
     3
 75
     0
 76
     0
 77
     0
 78
     0
281
     0
 65
     1
110
0.0
120
0.0
130
0.0
111
1.0
121
0.0
131
0.0
112
0.0
122
1.0
132
0.0
 79
     0
146
0.0
1001
ACAD_NAV_VCDISPLAY
1070
     3
  0
ENDTAB
  0
TABLE
  2
LTYPE
  5
5
330
0
100
AcDbSymbolTable
 70
     2
  0
LTYPE
  5
14
330
5
100
AcDbSymbolTableRecord
100
AcDbLinetypeTableRecord
  2
ByBlock
 70
     0
  3

 72
    65
 73
     0
 40
0.0
  0
LTYPE
  5
15
330
5
100
AcDbSymbolTableRecord
100
AcDbLinetypeTableRecord
  2
ByLayer
 70
     0
  3

 72
    65
 73
     0
 40
0.0
  0
LTYPE
  5
16
330
5
100
AcDbSymbolTableRecord
100
AcDbLinetypeTableRecord
  2
Continuous
 70
     0
  3
Solid line
 72
    65
 73
     0
 40
0.0
  0
LTYPE
  5
1A9
330
5
100
AcDbSymbolTableRecord
100
AcDbLinetypeTableRecord
  2
PHANTOM2
 70
     0
  3
Phantom (.5x) ___ _ _ ___ _ _ ___ _ _ ___ _ _
 72
    65
 73
     6
 40
1.25
 49
0.625
 74
     0
 49
-0.125
 74
     0
 49
0.125
 74
     0
 49
-0.125
 74
     0
 49
0.125
 74
     0
 49
-0.125
 74
     0
  0
ENDTAB
  0
TABLE
  2
LAYER
  5
2
102
{ACAD_XDICTIONARY
360
18E
102
}
330
0
100
AcDbSymbolTable
 70
     6
  0
LAYER
  5
10
102
{ACAD_XDICTIONARY
360
E6
102
}
330
2
100
AcDbSymbolTableRecord
100
AcDbLayerTableRecord
  2
0
 70
     0
 62
     7
  6
Continuous
370
    -3
390
F
  0
LAYER
  5
1E5
330
2
100
AcDbSymbolTableRecord
100
AcDbLayerTableRecord
  2
Defpoints
 70
     0
 62
     7
  6
Continuous
290
     0
370
    -3
390
F
  0
LAYER
  5
31E
102
{ACAD_XDICTIONARY
360
31F
102
}
330
2
100
AcDbSymbolTableRecord
100
AcDbLayerTableRecord
  2
S01_Bemaßung
 70
     0
 62
   140
  6
Continuous
370
    25
390
F
  0
LAYER
  5
320
102
{ACAD_XDICTIONARY
360
321
102
}
330
2
100
AcDbSymbolTableRecord
100
AcDbLayerTableRecord
  2
S27_Grau_13
 70
     0
 62
   151
  6
Continuous
370
    25
390
F
1001
AcAecLayerStandard
1000

1000

  0
LAYER
  5
322
102
{ACAD_XDICTIONARY
360
323
102
}
330
2
100
AcDbSymbolTableRecord
100
AcDbLayerTableRecord
  2
S03_AL_Kontur
 70
     0
 62
   255
  6
Continuous
370
    35
390
F
  0
LAYER
  5
324
102
{ACAD_XDICTIONARY
360
325
102
}
330
2
100
AcDbSymbolTableRecord
100
AcDbLayerTableRecord
  2
S13_Zubehör_Kontur
 70
     0
 62
    32
  6
Continuous
370
    50
390
F
  0
ENDTAB
  0
TABLE
  2
STYLE
  5
3
330
0
100
AcDbSymbolTable
 70
     5
  0
STYLE
  5
11
330
3
100
AcDbSymbolTableRecord
100
AcDbTextStyleTableRecord
  2
Standard
 70
     0
 40
0.0
 41
1.0
 50
0.0
 71
     0
 42
0.2
  3
arial.ttf
  4

1001
ACAD
1000
Arial
1071
       34
  0
STYLE
  5
DC
330
3
100
AcDbSymbolTableRecord
100
AcDbTextStyleTableRecord
  2
Annotative
 70
     0
 40
0.0
 41
1.0
 50
0.0
 71
     0
 42
0.2
  3
arial.ttf
  4

1001
AcadAnnotative
1000
AnnotativeData
1002
{
1070
     1
1070
     1
1002
}
1001
ACAD
1000
Arial
1071
       34
  0
STYLE
  5
1B8
330
3
100
AcDbSymbolTableRecord
100
AcDbTextStyleTableRecord
  2
Legend
 70
     0
 40
0.0
 41
1.0
 50
0.0
 71
     0
 42
0.2
  3
calibri.ttf
  4

1001
ACAD
1000
Calibri
1071
      256
  0
STYLE
  5
326
330
3
100
AcDbSymbolTableRecord
100
AcDbTextStyleTableRecord
  2
Arial
 70
     0
 40
0.0
 41
1.0
 50
0.0
 71
     0
 42
3.2
  3
arial.ttf
  4

1001
ACAD
1000
Arial
1071
       34
  0
STYLE
  5
327
330
3
100
AcDbSymbolTableRecord
100
AcDbTextStyleTableRecord
  2
1_1_H_Art
 70
     0
 40
2.825
 41
1.0
 50
0.0
 71
     0
 42
3.2
  3
arialbd.ttf
  4

1001
ACAD
1000
Arial
1071
 33554466
  0
ENDTAB
  0
TABLE
  2
VIEW
  5
6
330
0
100
AcDbSymbolTable
 70
     0
  0
ENDTAB
  0
TABLE
  2
UCS
  5
7
330
0
100
AcDbSymbolTable
 70
     0
  0
ENDTAB
  0
TABLE
  2
APPID
  5
9
330
0
100
AcDbSymbolTable
 70
    19
  0
APPID
  5
12
330
9
100
AcDbSymbolTableRecord
100
AcDbRegAppTableRecord
  2
ACAD
 70
     0
  0
APPID
  5
DD
330
9
100
AcDbSymbolTableRecord
100
AcDbRegAppTableRecord
  2
AcadAnnoPO
 70
     0
  0
APPID
  5
DE
330
9
100
AcDbSymbolTableRecord
100
AcDbRegAppTableRecord
  2
AcadAnnotative
 70
     0
  0
APPID
  5
DF
330
9
100
AcDbSymbolTableRecord
100
AcDbRegAppTableRecord
  2
ACAD_DSTYLE_DIMJAG
 70
     0
  0
APPID
  5
E0
330
9
100
AcDbSymbolTableRecord
100
AcDbRegAppTableRecord
  2
ACAD_DSTYLE_DIMTALN
 70
     0
  0
APPID
  5
107
330
9
100
AcDbSymbolTableRecord
100
AcDbRegAppTableRecord
  2
ACAD_MLEADERVER
 70
     0
  0
APPID
  5
1A6
330
9
100
AcDbSymbolTableRecord
100
AcDbRegAppTableRecord
  2
ACAD_NAV_VCDISPLAY
 70
     0
  0
APPID
  5
1BC
330
9
100
AcDbSymbolTableRecord
100
AcDbRegAppTableRecord
  2
AcMapDMDisplayStyleRegapp
 70
     0
  0
APPID
  5
1C8
330
9
100
AcDbSymbolTableRecord
100
AcDbRegAppTableRecord
  2
ADE
 70
     0
  0
APPID
  5
1D0
330
9
100
AcDbSymbolTableRecord
100
AcDbRegAppTableRecord
  2
DCO15
 70
     0
  0
APPID
  5
1D2
330
9
100
AcDbSymbolTableRecord
100
AcDbRegAppTableRecord
  2
ADE_PROJECTION
 70
     0
  0
APPID
  5
1D3
330
9
100
AcDbSymbolTableRecord
100
AcDbRegAppTableRecord
  2
MapGWS
 70
     0
  0
APPID
  5
1F2
330
9
100
AcDbSymbolTableRecord
100
AcDbRegAppTableRecord
  2
ACAD_PSEXT
 70
     0
  0
APPID
  5
32E
330
9
100
AcDbSymbolTableRecord
100
AcDbRegAppTableRecord
  2
CPL_
 70
     0
  0
APPID
  5
32F
330
9
100
AcDbSymbolTableRecord
100
AcDbRegAppTableRecord
  2
AcAecLayerStandard
 70
     0
  0
APPID
  5
330
330
9
100
AcDbSymbolTableRecord
100
AcDbRegAppTableRecord
  2
ACAD_DSTYLE_DIMBREAK
 70
     0
  0
APPID
  5
331
330
9
100
AcDbSymbolTableRecord
100
AcDbRegAppTableRecord
  2
GradientColor1ACI
 70
     0
  0
APPID
  5
332
330
9
100
AcDbSymbolTableRecord
100
AcDbRegAppTableRecord
  2
GradientColor2ACI
 70
     0
  0
APPID
  5
3A6
330
9
100
AcDbSymbolTableRecord
100
AcDbRegAppTableRecord
  2
MapManagementAppName
 70
     0
  0
ENDTAB
  0
TABLE
  2
DIMSTYLE
  5
A
330
0
100
AcDbSymbolTable
 70
     8
100
AcDbDimStyleTable
 71
     2
340
27
340
E1
  0
DIMSTYLE
105
27
330
A
100
AcDbSymbolTableRecord
100
AcDbDimStyleTableRecord
  2
Standard
 70
     0
340
11
  0
DIMSTYLE
105
E1
330
A
100
AcDbSymbolTableRecord
100
AcDbDimStyleTableRecord
  2
Annotative
 70
     0
 40
0.0
340
11
1001
AcadAnnotative
1000
AnnotativeData
1002
{
1070
     1
1070
     1
1002
}
1001
ACAD_DSTYLE_DIMJAG
1070
   388
1040
1.5
1001
ACAD_DSTYLE_DIMTALN
1070
   392
1070
     0
  0
DIMSTYLE
105
328
330
A
100
AcDbSymbolTableRecord
100
AcDbDimStyleTableRecord
  2
1 zu 10_skal. 0.1
 70
     0
 41
1.25
 42
0.15
 43
3.0
 44
0.25
 45
0.5
 73
     0
 74
     0
 78
     8
140
1.399999999999999
141
0.0
143
0.03937007874016
144
10.0
147
0.5
171
     3
176
   256
177
   256
178
   256
271
     1
272
     1
274
     3
284
     8
289
     1
340
326
341
2AD
342
2AD
371
    25
372
    25
1001
ACAD_DSTYLE_DIMBREAK
1070
   391
1040
1.0
1001
ACAD_DSTYLE_DIMJAG
1070
   388
1040
1.5
1001
ACAD_DSTYLE_DIMTALN
1070
   392
1070
     0
  0
DIMSTYLE
105
329
330
A
100
AcDbSymbolTableRecord
100
AcDbDimStyleTableRecord
  2
1 zu 1
 70
     0
 41
3.2
 42
1.0
 43
4.0
 44
1.0
 45
0.5
 73
     0
 74
     0
 78
     8
140
2.5
141
0.0
143
0.03937007874016
147
1.5
171
     3
176
   256
177
   256
178
   256
271
     1
272
     1
274
     3
284
     8
289
     1
340
326
371
    25
372
    25
1001
ACAD_DSTYLE_DIMBREAK
1070
   391
1040
2.0
1001
ACAD_DSTYLE_DIMJAG
1070
   388
1040
1.5
1001
ACAD_DSTYLE_DIMTALN
1070
   392
1070
     0
  0
DIMSTYLE
105
32A
330
A
100
AcDbSymbolTableRecord
100
AcDbDimStyleTableRecord
  2
1 zu 2.5_skal. 0.4
 70
     0
 41
1.5
 42
0.4
 43
3.0
 44
0.4
 45
0.5
 73
     0
 74
     0
 78
     8
140
1.7
141
0.0
143
0.03937007874016
144
2.5
147
0.75
171
     3
176
   256
177
   256
178
   256
271
     1
272
     1
274
     3
284
     8
289
     1
340
326
341
2AD
342
2AD
371
    15
372
    15
1001
ACAD_DSTYLE_DIMBREAK
1070
   391
1040
1.25
1001
ACAD_DSTYLE_DIMJAG
1070
   388
1040
1.5
1001
ACAD_DSTYLE_DIMTALN
1070
   392
1070
     0
  0
DIMSTYLE
105
32B
330
A
100
AcDbSymbolTableRecord
100
AcDbDimStyleTableRecord
  2
1 zu 2_skal. 0.5
 70
     0
 41
2.0
 42
0.5
 43
4.0
 44
0.5
 45
0.5
 73
     0
 74
     0
 78
     8
140
2.0
141
0.0
143
0.03937007874016
144
2.0
147
1.0
171
     3
176
   256
177
   256
178
   256
271
     1
272
     1
274
     3
284
     8
289
     1
340
326
341
2AD
342
2AD
371
    15
372
    15
1001
ACAD_DSTYLE_DIMBREAK
1070
   391
1040
1.25
1001
ACAD_DSTYLE_DIMJAG
1070
   388
1040
1.5
1001
ACAD_DSTYLE_DIMTALN
1070
   392
1070
     0
  0
DIMSTYLE
105
32C
330
A
100
AcDbSymbolTableRecord
100
AcDbDimStyleTableRecord
  2
1 zu 4_skal. 0.25
 70
     0
 41
1.5
 42
0.5
 43
3.0
 44
0.5
 45
0.5
 73
     0
 74
     0
 78
     8
140
1.7
141
0.0
143
0.03937007874016
144
4.0
147
0.75
171
     3
176
   256
177
   256
178
   256
271
     1
272
     1
274
     3
284
     8
289
     1
340
326
341
2AD
342
2AD
371
    15
372
    15
1001
ACAD_DSTYLE_DIMBREAK
1070
   391
1040
1.25
1001
ACAD_DSTYLE_DIMJAG
1070
   388
1040
1.5
1001
ACAD_DSTYLE_DIMTALN
1070
   392
1070
     0
  0
DIMSTYLE
105
32D
330
A
100
AcDbSymbolTableRecord
100
AcDbDimStyleTableRecord
  2
1 zu 5_skal. 0.2
 70
     0
 41
1.25
 42
0.5
 43
2.0
 44
0.5
 45
0.5
 73
     0
 74
     0
 78
     8
140
1.399999999999999
141
0.0
143
0.03937007874016
144
5.0
147
0.75
171
     3
176
   256
177
   256
178
   256
271
     1
272
     1
274
     3
284
     8
289
     1
340
326
341
2AD
342
2AD
371
    15
372
    25
1001
ACAD_DSTYLE_DIMBREAK
1070
   391
1040
1.25
1001
ACAD_DSTYLE_DIMJAG
1070
   388
1040
1.5
1001
ACAD_DSTYLE_DIMTALN
1070
   392
1070
     0
  0
ENDTAB
  0
TABLE
  2
BLOCK_RECORD
  5
1
330
0
100
AcDbSymbolTable
 70
     3
  0
BLOCK_RECORD
  5
1F
102
{ACAD_XDICTIONARY
360
15D
102
}
330
1
100
AcDbSymbolTableRecord
100
AcDbBlockTableRecord
  2
*Model_Space
340
22
  0
BLOCK_RECORD
  5
277
330
1
100
AcDbSymbolTableRecord
100
AcDbBlockTableRecord
  2
*Paper_Space
340
278
  0
BLOCK_RECORD
  5
27C
330
1
100
AcDbSymbolTableRecord
100
AcDbBlockTableRecord
  2
*Paper_Space0
340
27D
  0
BLOCK_RECORD
  5
2AD
330
1
100
AcDbSymbolTableRecord
100
AcDbBlockTableRecord
  2
Pfeilspitze 1zu1
340
0
310
2800000020000000200000000100080000000000000400000000000000000000000000000000000000000000000080000080000000808000800000008000800080800000C0C0C000C0DCC000F0CAA6000020400000206000002080000020A0000020C0000020E00000400000004020000040400000406000004080000040A0
310
000040C0000040E00000600000006020000060400000606000006080000060A0000060C0000060E00000800000008020000080400000806000008080000080A0000080C0000080E00000A0000000A0200000A0400000A0600000A0800000A0A00000A0C00000A0E00000C0000000C0200000C0400000C0600000C0800000C0
310
A00000C0C00000C0E00000E0000000E0200000E0400000E0600000E0800000E0A00000E0C00000E0E00040000000400020004000400040006000400080004000A0004000C0004000E00040200000402020004020400040206000402080004020A0004020C0004020E000404000004040200040404000404060004040800040
310
40A0004040C0004040E00040600000406020004060400040606000406080004060A0004060C0004060E00040800000408020004080400040806000408080004080A0004080C0004080E00040A0000040A0200040A0400040A0600040A0800040A0A00040A0C00040A0E00040C0000040C0200040C0400040C0600040C08000
310
40C0A00040C0C00040C0E00040E0000040E0200040E0400040E0600040E0800040E0A00040E0C00040E0E00080000000800020008000400080006000800080008000A0008000C0008000E00080200000802020008020400080206000802080008020A0008020C0008020E00080400000804020008040400080406000804080
310
008040A0008040C0008040E00080600000806020008060400080606000806080008060A0008060C0008060E00080800000808020008080400080806000808080008080A0008080C0008080E00080A0000080A0200080A0400080A0600080A0800080A0A00080A0C00080A0E00080C0000080C0200080C0400080C0600080C0
310
800080C0A00080C0C00080C0E00080E0000080E0200080E0400080E0600080E0800080E0A00080E0C00080E0E000C0000000C0002000C0004000C0006000C0008000C000A000C000C000C000E000C0200000C0202000C0204000C0206000C0208000C020A000C020C000C020E000C0400000C0402000C0404000C0406000C0
310
408000C040A000C040C000C040E000C0600000C0602000C0604000C0606000C0608000C060A000C060C000C060E000C0800000C0802000C0804000C0806000C0808000C080A000C080C000C080E000C0A00000C0A02000C0A04000C0A06000C0A08000C0A0A000C0A0C000C0A0E000C0C00000C0C02000C0C04000C0C06000
310
C0C08000C0C0A000F0FBFF00A4A0A000808080000000FF0000FF000000FFFF00FF000000FF00FF00FFFF0000FFFFFF0000000000000000000000000000000000000000000000000000000000000000000000000000000000000000000000000000000000000000000000000000000000000000000000000000000000000000
310
00000000000000000000000000000000000000000000000000000000000000000000000000000000000000000000000000000000000000000000000000000000000000000000000000000000000000000000000000000000000000000000000000000000000000000000000000000000000000000000000000000000000000
310
00000000000000000000000000000000000000000000000000000000000000000000000000000000000000000000000000000000000000000000000000000000000000000000000000000000000000000000000000000000000000000000000000000000000000000000000000000000000000000000000000000000000000
310
0000000000000000000000000000000000000000FBFBFB0000000000000000000000000000000000000000000000000000000000FBFBFBFBFBFBFBFBFB0000000000000000000000000000000000000000000000FB0000FBFB00000000FBFBFBFBFBFB0000000000000000000000000000000000FB00000000FBFB00000000
310
00000000FBFBFBFBFBFB0000000000000000000000FB000000000000FBFB000000000000000000000000FBFBFBFBFBFB0000000000FB0000000000000000FBFBFBFBFBFBFBFBFBFBFBFBFBFBFBFBFBFBFBFBFB0000FB000000000000FBFB00000000000000000000FBFBFBFBFBFBFB000000000000FB000000FBFBFB000000
310
00FBFBFBFBFBFBFBFB00000000000000000000000000FB00FBFBFBFBFBFBFBFBFB000000000000000000000000000000000000000000FBFBFBFB000000000000000000000000000000000000000000000000000000000000000000000000000000000000000000000000000000000000000000000000000000000000000000
310
00000000000000000000000000000000000000000000000000000000000000000000000000000000000000000000000000000000000000000000000000000000000000000000000000000000000000000000000000000000000000000000000000000000000000000000000000000000000000000000000000000000000000
310
00000000000000000000000000000000000000000000000000000000000000000000000000000000000000000000000000000000000000000000000000000000000000000000000000000000000000000000000000000000000000000000000000000000000000000000000000000000000000000000000000000000000000
310
0000000000000000000000000000000000000000000000000000000000000000000000000000000000000000000000000000000000000000
1001
ACAD
1000
DesignCenter Data
1002
{
1070
     1
1070
     4
1002
}
  0
BLOCK_RECORD
  5
2B2
102
{ACAD_XDICTIONARY
360
2B3
102
}
330
1
100
AcDbSymbolTableRecord
100
AcDbBlockTableRecord
  2
288319_s
340
0
1001
ACAD
1000
DesignCenter Data
1002
{
1070
     1
1070
     4
1002
}
  0
ENDTAB
  0
ENDSEC
  0
SECTION
  2
BLOCKS
  0
BLOCK
  5
20
330
1F
100
AcDbEntity
  8
0
100
AcDbBlockBegin
  2
*Model_Space
 70
     0
 10
0.0
 20
0.0
 30
0.0
  3
*Model_Space
  1

  0
ENDBLK
  5
21
330
1F
100
AcDbEntity
  8
0
100
AcDbBlockEnd
  0
BLOCK
  5
279
330
277
100
AcDbEntity
 67
     1
  8
0
100
AcDbBlockBegin
  2
*Paper_Space
 70
     0
 10
0.0
 20
0.0
 30
0.0
  3
*Paper_Space
  1

  0
ENDBLK
  5
27A
330
277
100
AcDbEntity
 67
     1
  8
0
100
AcDbBlockEnd
  0
BLOCK
  5
27E
330
27C
100
AcDbEntity
 67
     1
  8
0
100
AcDbBlockBegin
  2
*Paper_Space0
 70
     0
 10
0.0
 20
0.0
 30
0.0
  3
*Paper_Space0
  1

  0
ENDBLK
  5
27F
330
27C
100
AcDbEntity
 67
     1
  8
0
100
AcDbBlockEnd
  0
BLOCK
  5
2AE
330
2AD
100
AcDbEntity
  8
0
100
AcDbBlockBegin
  2
Pfeilspitze 1zu1
 70
     0
 10
0.0
 20
0.0
 30
0.0
  3
Pfeilspitze 1zu1
  1

  0
HATCH
  5
2AF
330
2AD
100
AcDbEntity
  8
S01_Bemaßung
100
AcDbHatch
 10
0.0
 20
0.0
 30
0.0
210
0.0
220
0.0
230
1.0
  2
SOLID
 70
     1
 71
     0
 91
        1
 92
        7
 72
     0
 73
     1
 93
        3
 10
-0.0000000000000284
 20
0.0
 10
-0.9999999999999856
 20
0.1666666666666678
 10
-0.9999999999999856
 20
-0.1666666666666643
 97
        0
 75
     0
 76
     1
 47
0.0025831751716759
 98
        1
 10
-0.632967131301669
 20
-0.0206024482885354
  0
LWPOLYLINE
  5
2B0
330
2AD
100
AcDbEntity
  8
S01_Bemaßung
100
AcDbPolyline
 90
        3
 70
     1
 43
0.0
 10
-1.0
 20
0.1666666666666678
 10
0.0
 20
0.0
 10
-1.0
 20
-0.1666666666666678
  0
ENDBLK
  5
2B1
330
2AD
100
AcDbEntity
  8
0
100
AcDbBlockEnd
  0
BLOCK
  5
2B5
330
2B2
100
AcDbEntity
  8
0
100
AcDbBlockBegin
  2
288319_s
 70
     0
 10
0.0
 20
0.0
 30
0.0
  3
288319_s
  1

  0
ARC
  5
2B6
330
2B2
100
AcDbEntity
  8
S13_Zubehör_Kontur
100
AcDbCircle
 10
0.7999999999996419
 20
-1.84555574078584
 30
0.0
 40
0.5
210
0.0
220
0.0
230
-1.0
100
AcDbArc
 50
90.0
 51
180.0
  0
ARC
  5
2B7
330
2B2
100
AcDbEntity
  8
S13_Zubehör_Kontur
100
AcDbCircle
 10
1.699999999999278
 20
-1.84555574078584
 30
0.0
 40
0.5
210
0.0
220
0.0
230
-1.0
100
AcDbArc
 50
0.0
 51
90.0
  0
ELLIPSE
  5
2B8
330
2B2
100
AcDbEntity
  8
S13_Zubehör_Kontur
100
AcDbEllipse
 10
-1.699999999999278
 20
-4.565129952733315
 30
0.0
 11
-0.5000000000000001
 21
0.0000000000000022
 31
0.0
210
0.0
220
0.0
230
1.0
 40
0.2588190451025214
 41
0.0000000000001281
 42
1.570796326795032
  0
ELLIPSE
  5
2B9
330
2B2
100
AcDbEntity
  8
S13_Zubehör_Kontur
100
AcDbEllipse
 10
-0.7999999999996419
 20
-4.565129952733315
 30
0.0
 11
0.5000000000000002
 21
-0.0000000000000002
 31
0.0
210
0.0
220
0.0
230
1.0
 40
0.2588190451025198
 41
4.712388980384688
 42
6.283185307179597
  0
ELLIPSE
  5
2BA
330
2B2
100
AcDbEntity
  8
S13_Zubehör_Kontur
100
AcDbEllipse
 10
-0.0999999999989143
 20
-4.368427478454377
 30
0.0
 11
-0.2
 21
0.0
 31
0.0
210
0.0
220
0.0
230
-1.0
 40
0.2588190451025214
 41
-0.0000000000003197
 42
1.570796326794553
  0
ELLIPSE
  5
2BB
330
2B2
100
AcDbEntity
  8
S13_Zubehör_Kontur
100
AcDbEllipse
 10
0.5999999999999944
 20
-4.264899860413406
 30
0.0
 11
0.2000000000000339
 21
0.0
 31
0.0
210
0.0
220
0.0
230
1.0
 40
0.2588190451025223
 41
4.712388980384688
 42
6.283185307179633
  0
SPLINE
  5
2BC
330
2B2
100
AcDbEntity
  8
S13_Zubehör_Kontur
100
AcDbSpline
210
0.0
220
0.0
230
1.0
 70
     8
 71
     3
 72
    18
 73
    14
 74
     0
 42
0.000000001
 43
0.0000000001
 40
1.570796326794896
 40
1.570796326794896
 40
1.570796326794896
 40
1.570796326794896
 40
1.878188823991243
 40
1.878188823991243
 40
2.18775959776938
 40
2.18775959776938
 40
2.501918863128359
 40
2.501918863128359
 40
2.816078128487339
 40
2.816078128487339
 40
3.130237393846321
 40
3.130237393846321
 40
3.141592653589796
 40
3.141592653589796
 40
3.141592653589796
 40
3.141592653589796
 10
-0.0999999999989143
 20
-2.799999999999982
 30
0.0
 10
-0.1206877866883644
 20
-2.799999999999982
 30
0.0
 10
-0.1413708644471683
 20
-2.796803931517189
 30
0.0
 10
-0.1808447819297782
 20
-2.784320430303324
 30
0.0
 10
-0.1996129801358677
 20
-2.774994193862568
 30
0.0
 10
-0.2335283547894562
 20
-2.751028395247685
 30
0.0
 10
-0.2486127131182059
 20
-2.736318863625256
 30
0.0
 10
-0.2733953655501011
 20
-2.703137247420073
 30
0.0
 10
-0.2830931514621682
 20
-2.684671860736471
 30
0.0
 10
-0.2962720002873595
 20
-2.645774407724076
 30
0.0
 10
-0.299754083700833
 20
-2.625346543668256
 30
0.0
 10
-0.2999957841442722
 20
-2.604143122797522
 30
0.0
 10
-0.2999999999996419
 20
-2.603403417066856
 30
0.0
 10
-0.2999999999996419
 20
-2.602663711336191
 30
0.0
  0
SPLINE
  5
2BD
330
2B2
100
AcDbEntity
  8
S13_Zubehör_Kontur
100
AcDbSpline
210
0.0
220
0.0
230
1.0
 70
     8
 71
     3
 72
    18
 73
    14
 74
     0
 42
0.000000001
 43
0.0000000001
 40
-0.0872664625996858
 40
-0.0872664625996858
 40
-0.0872664625996858
 40
-0.0872664625996858
 40
-0.0698131700797561
 40
-0.0698131700797561
 40
-0.0523598775598264
 40
-0.0523598775598264
 40
-0.037803247175567
 40
-0.037803247175567
 40
-0.023554044702018
 40
-0.023554044702018
 40
-0.0066241172911624
 40
-0.0066241172911624
 40
-0.0000000000000372
 40
-0.0000000000000372
 40
-0.0000000000000372
 40
-0.0000000000000372
 10
0.5988584094280613
 20
-2.799999999999982
 30
0.0
 10
0.6123607964669589
 20
-2.799999999999982
 30
0.0
 10
0.6286627733767034
 20
-2.801235155465093
 30
0.0
 10
0.6669594752762295
 20
-2.810816626128854
 30
0.0
 10
0.6891350168440056
 20
-2.819506481359694
 30
0.0
 10
0.7284078769822317
 20
-2.845695036060334
 30
0.0
 10
0.745363464382166
 20
-2.86148576811027
 30
0.0
 10
0.7717167100177848
 20
-2.895961515398795
 30
0.0
 10
0.7812283105955375
 20
-2.914281555364851
 30
0.0
 10
0.7949399886943809
 20
-2.951349243402347
 30
0.0
 10
0.7980754226260558
 20
-2.96944111402152
 30
0.0
 10
0.7998078576543719
 20
-2.99050916932245
 30
0.0
 10
0.8000000000007219
 20
-2.996016976100492
 30
0.0
 10
0.8000000000007219
 20
-3.001141590572643
 30
0.0
  0
LINE
  5
2BE
330
2B2
100
AcDbEntity
  8
S13_Zubehör_Kontur
100
AcDbLine
 10
13.83268393757643
 20
-12.90000000000003
 30
0.0
 11
14.59999999999999
 21
-12.13268393757647
 31
0.0
  0
LINE
  5
2BF
330
2B2
100
AcDbEntity
  8
S13_Zubehör_Kontur
100
AcDbLine
 10
12.89668912057968
 20
-12.90000000000003
 30
0.0
 11
11.59999999999999
 21
-11.60331087942035
 31
0.0
  0
LINE
  5
2C0
330
2B2
100
AcDbEntity
  8
S13_Zubehör_Kontur
100
AcDbLine
 10
43.93132369749728
 20
-12.87571254106336
 30
0.0
 11
43.51424626919068
 21
-12.45863511275678
 31
0.0
  0
LINE
  5
2C1
330
2B2
100
AcDbEntity
  8
S13_Zubehör_Kontur
100
AcDbLine
 10
-0.7999999999996419
 20
-1.34555574078584
 30
0.0
 11
-1.699999999999278
 21
-1.34555574078584
 31
0.0
  0
LINE
  5
2C2
330
2B2
100
AcDbEntity
  8
S13_Zubehör_Kontur
100
AcDbLine
 10
0.5988584094280613
 20
-2.799999999999982
 30
0.0
 11
-0.0999999999989143
 21
-2.799999999999982
 31
0.0
  0
LINE
  5
2C3
330
2B2
100
AcDbEntity
  8
S13_Zubehör_Kontur
100
AcDbLine
 10
-1.699999999999278
 20
-4.694539475284527
 30
0.0
 11
-0.7999999999996419
 21
-4.694539475284527
 31
0.0
  0
LINE
  5
2C4
330
2B2
100
AcDbEntity
  8
S13_Zubehör_Kontur
100
AcDbLine
 10
-0.0999999999989143
 20
-4.316663669433893
 30
0.0
 11
0.5999999999999944
 21
-4.316663669433893
 31
0.0
  0
ARC
  5
2C5
330
2B2
100
AcDbEntity
  8
S13_Zubehör_Kontur
100
AcDbCircle
 10
-15.09999999999999
 20
-11.40000000000003
 30
0.0
 40
0.5
210
0.0
220
0.0
230
-1.0
100
AcDbArc
 50
0.0
 51
90.0
  0
ARC
  5
2C6
330
2B2
100
AcDbEntity
  8
S13_Zubehör_Kontur
100
AcDbCircle
 10
-42.98995881025584
 20
-11.40000000000003
 30
0.0
 40
0.5
210
0.0
220
0.0
230
-1.0
100
AcDbArc
 50
90.0
 51
180.0
  0
ARC
  5
2C7
330
2B2
100
AcDbEntity
  8
S13_Zubehör_Kontur
100
AcDbCircle
 10
-48.69000000000013
 20
-11.79999999999967
 30
0.0
 40
0.5
210
0.0
220
0.0
230
-1.0
100
AcDbArc
 50
0.0
 51
90.0
  0
ARC
  5
2C8
330
2B2
100
AcDbEntity
  8
S13_Zubehör_Kontur
100
AcDbCircle
 10
-48.99000000000123
 20
-11.79999999999967
 30
0.0
 40
0.5
210
0.0
220
0.0
230
-1.0
100
AcDbArc
 50
90.0
 51
180.0
  0
ARC
  5
2C9
330
2B2
100
AcDbEntity
  8
S13_Zubehör_Kontur
100
AcDbCircle
 10
-1.300000000000721
 20
-11.40000000000003
 30
0.0
 40
0.5000000000000002
210
0.0
220
0.0
230
-1.0
100
AcDbArc
 50
0.0
 51
90.0
  0
ARC
  5
2CA
330
2B2
100
AcDbEntity
  8
S13_Zubehör_Kontur
100
AcDbCircle
 10
-11.09999999999999
 20
-11.40000000000003
 30
0.0
 40
0.5000000000000027
210
0.0
220
0.0
230
-1.0
100
AcDbArc
 50
90.0
 51
180.0
  0
LINE
  5
2CB
330
2B2
100
AcDbEntity
  8
S13_Zubehör_Kontur
100
AcDbLine
 10
43.48995881025584
 20
-12.40000000000003
 30
0.0
 11
43.48995881025584
 21
-11.40000000000003
 31
0.0
  0
LINE
  5
2CC
330
2B2
100
AcDbEntity
  8
S13_Zubehör_Kontur
100
AcDbLine
 10
48.99000000000123
 20
-11.29999999999967
 30
0.0
 11
48.69000000000013
 21
-11.29999999999967
 31
0.0
  0
LINE
  5
2CD
330
2B2
100
AcDbEntity
  8
S13_Zubehör_Kontur
100
AcDbLine
 10
11.09999999999999
 20
-10.90000000000003
 30
0.0
 11
1.300000000000721
 21
-10.90000000000003
 31
0.0
  0
LINE
  5
2CE
330
2B2
100
AcDbEntity
  8
S13_Zubehör_Kontur
100
AcDbLine
 10
11.59999999999999
 20
-11.40000000000003
 30
0.0
 11
11.59999999999999
 21
-12.40000000000003
 31
0.0
  0
ARC
  5
2CF
330
2B2
100
AcDbEntity
  8
S13_Zubehör_Kontur
100
AcDbCircle
 10
12.09999999999999
 20
-12.40000000000003
 30
0.0
 40
0.5
100
AcDbArc
 50
180.0
 51
270.0
  0
LINE
  5
2D0
330
2B2
100
AcDbEntity
  8
S13_Zubehör_Kontur
100
AcDbLine
 10
12.09999999999999
 20
-12.90000000000003
 30
0.0
 11
47.69000000000015
 21
-12.90000000000003
 31
0.0
  0
ARC
  5
2D1
330
2B2
100
AcDbEntity
  8
S13_Zubehör_Kontur
100
AcDbCircle
 10
47.69000000000014
 20
-12.40000000000005
 30
0.0
 40
0.4999999999999948
100
AcDbArc
 50
270.0000000000008
 51
0.0
  0
LINE
  5
2D2
330
2B2
100
AcDbEntity
  8
S13_Zubehör_Kontur
100
AcDbLine
 10
48.19000000000014
 20
-12.40000000000005
 30
0.0
 11
48.19000000000014
 21
-11.79999999999967
 31
0.0
  0
LINE
  5
2D3
330
2B2
100
AcDbEntity
  8
S13_Zubehör_Kontur
100
AcDbLine
 10
0.8000000000007219
 20
-11.40000000000003
 30
0.0
 11
0.8000000000007219
 21
-12.40000000000003
 31
0.0
  0
ARC
  5
2D4
330
2B2
100
AcDbEntity
  8
S13_Zubehör_Kontur
100
AcDbCircle
 10
0.3000000000007219
 20
-12.40000000000005
 30
0.0
 40
0.4999999999999992
100
AcDbArc
 50
270.0
 51
0.0
  0
LINE
  5
2D5
330
2B2
100
AcDbEntity
  8
S13_Zubehör_Kontur
100
AcDbLine
 10
0.3000000000007219
 20
-12.90000000000003
 30
0.0
 11
-0.9000000000000055
 21
-12.90000000000003
 31
0.0
  0
ARC
  5
2D6
330
2B2
100
AcDbEntity
  8
S13_Zubehör_Kontur
100
AcDbCircle
 10
-0.9000000000000055
 20
-11.40000000000003
 30
0.0
 40
1.5
100
AcDbArc
 50
180.0
 51
270.0
  0
LINE
  5
2D7
330
2B2
100
AcDbEntity
  8
S13_Zubehör_Kontur
100
AcDbLine
 10
-2.400000000000004
 20
-11.40000000000003
 30
0.0
 11
-2.400000000000004
 21
-8.900000000000046
 31
0.0
  0
LINE
  5
2D8
330
2B2
100
AcDbEntity
  8
S13_Zubehör_Kontur
100
AcDbLine
 10
-2.400000000000004
 20
-8.900000000000046
 30
0.0
 11
-2.199999999999278
 21
-8.900000000000046
 31
0.0
  0
LINE
  5
2D9
330
2B2
100
AcDbEntity
  8
S13_Zubehör_Kontur
100
AcDbLine
 10
-2.199999999999278
 20
-8.900000000000046
 30
0.0
 11
-2.199999999999278
 21
-8.189747002143519
 31
0.0
  0
LINE
  5
2DA
330
2B2
100
AcDbEntity
  8
S13_Zubehör_Kontur
100
AcDbLine
 10
-2.199999999999278
 20
-8.189747002143519
 30
0.0
 11
0.8000000000007219
 21
-8.189747002143519
 31
0.0
  0
LINE
  5
2DB
330
2B2
100
AcDbEntity
  8
S13_Zubehör_Kontur
100
AcDbLine
 10
0.8000000000007219
 20
-8.189747002143519
 30
0.0
 11
0.8000000000007219
 21
-8.900000000000034
 31
0.0
  0
LINE
  5
2DC
330
2B2
100
AcDbEntity
  8
S13_Zubehör_Kontur
100
AcDbLine
 10
0.8000000000007219
 20
-8.900000000000034
 30
0.0
 11
49.30504516109031
 21
-8.900000000000034
 31
0.0
  0
LINE
  5
2DD
330
2B2
100
AcDbEntity
  8
S13_Zubehör_Kontur
100
AcDbLine
 10
49.30504516109031
 20
-8.900000000000034
 30
0.0
 11
54.80000000000072
 21
-10.90000000000003
 31
0.0
  0
LINE
  5
2DE
330
2B2
100
AcDbEntity
  8
S13_Zubehör_Kontur
100
AcDbLine
 10
54.80000000000072
 20
-10.90000000000003
 30
0.0
 11
54.80000000000071
 21
-12.90000000000003
 31
0.0
  0
LINE
  5
2DF
330
2B2
100
AcDbEntity
  8
S13_Zubehör_Kontur
100
AcDbLine
 10
54.80000000000071
 20
-12.90000000000003
 30
0.0
 11
49.99000000000123
 21
-12.90000000000003
 31
0.0
  0
ARC
  5
2E0
330
2B2
100
AcDbEntity
  8
S13_Zubehör_Kontur
100
AcDbCircle
 10
49.99000000000123
 20
-12.40000000000003
 30
0.0
 40
0.5
100
AcDbArc
 50
180.0
 51
270.0
  0
LINE
  5
2E1
330
2B2
100
AcDbEntity
  8
S13_Zubehör_Kontur
100
AcDbLine
 10
49.49000000000123
 20
-12.40000000000003
 30
0.0
 11
49.49000000000123
 21
-11.79999999999967
 31
0.0
  0
LINE
  5
2E2
330
2B2
100
AcDbEntity
  8
S13_Zubehör_Kontur
100
AcDbLine
 10
47.59164770147036
 20
-8.900000000000034
 30
0.0
 11
47.50504516109103
 21
-8.599999999998942
 31
0.0
  0
LINE
  5
2E3
330
2B2
100
AcDbEntity
  8
S13_Zubehör_Kontur
100
AcDbLine
 10
47.50504516109103
 20
-8.599999999998942
 30
0.0
 11
25.05252258054643
 21
-8.599999999998942
 31
0.0
  0
LINE
  5
2E4
330
2B2
100
AcDbEntity
  8
S13_Zubehör_Kontur
100
AcDbLine
 10
25.05252258054643
 20
-8.599999999998942
 30
0.0
 11
25.05252258054643
 21
-8.900000000000034
 31
0.0
  0
LINE
  5
2E5
330
2B2
100
AcDbEntity
  8
S13_Zubehör_Kontur
100
AcDbLine
 10
42.98995881025584
 20
-10.90000000000003
 30
0.0
 11
32.91642693329377
 21
-10.90000000000003
 31
0.0
  0
LINE
  5
2E6
330
2B2
100
AcDbEntity
  8
S13_Zubehör_Kontur
100
AcDbLine
 10
32.91642693329377
 20
-10.90000000000003
 30
0.0
 11
32.91642693329376
 21
-11.09999999999894
 31
0.0
  0
LINE
  5
2E7
330
2B2
100
AcDbEntity
  8
S13_Zubehör_Kontur
100
AcDbLine
 10
32.91642693329376
 20
-11.09999999999894
 30
0.0
 11
30.82566894778174
 21
-11.09999999999894
 31
0.0
  0
LINE
  5
2E8
330
2B2
100
AcDbEntity
  8
S13_Zubehör_Kontur
100
AcDbLine
 10
30.82566894778174
 20
-11.09999999999894
 30
0.0
 11
30.82566894778174
 21
-10.90000000000003
 31
0.0
  0
LINE
  5
2E9
330
2B2
100
AcDbEntity
  8
S13_Zubehör_Kontur
100
AcDbLine
 10
30.82566894778174
 20
-10.90000000000003
 30
0.0
 11
30.31104794053826
 21
-10.90000000000003
 31
0.0
  0
LINE
  5
2EA
330
2B2
100
AcDbEntity
  8
S13_Zubehör_Kontur
100
AcDbLine
 10
30.31104794053826
 20
-10.90000000000003
 30
0.0
 11
30.31104794053826
 21
-11.09999999999894
 31
0.0
  0
LINE
  5
2EB
330
2B2
100
AcDbEntity
  8
S13_Zubehör_Kontur
100
AcDbLine
 10
30.31104794053826
 20
-11.09999999999894
 30
0.0
 11
29.87904794053756
 21
-11.09999999999894
 31
0.0
  0
LINE
  5
2EC
330
2B2
100
AcDbEntity
  8
S13_Zubehör_Kontur
100
AcDbLine
 10
29.87904794053756
 20
-11.09999999999894
 30
0.0
 11
29.87904794053756
 21
-10.90000000000005
 31
0.0
  0
LINE
  5
2ED
330
2B2
100
AcDbEntity
  8
S13_Zubehör_Kontur
100
AcDbLine
 10
29.87904794053756
 20
-10.90000000000005
 30
0.0
 11
27.78304794053802
 21
-10.90000000000005
 31
0.0
  0
LINE
  5
2EE
330
2B2
100
AcDbEntity
  8
S13_Zubehör_Kontur
100
AcDbLine
 10
27.78304794053802
 20
-10.90000000000005
 30
0.0
 11
27.78304794053801
 21
-11.09999999999894
 31
0.0
  0
LINE
  5
2EF
330
2B2
100
AcDbEntity
  8
S13_Zubehör_Kontur
100
AcDbLine
 10
27.78304794053801
 20
-11.09999999999894
 30
0.0
 11
25.46304794053831
 21
-11.09999999999894
 31
0.0
  0
LINE
  5
2F0
330
2B2
100
AcDbEntity
  8
S13_Zubehör_Kontur
100
AcDbLine
 10
25.46304794053831
 20
-11.09999999999894
 30
0.0
 11
25.4630479405383
 21
-10.90000000000003
 31
0.0
  0
LINE
  5
2F1
330
2B2
100
AcDbEntity
  8
S13_Zubehör_Kontur
100
AcDbLine
 10
25.4630479405383
 20
-10.90000000000003
 30
0.0
 11
24.95104794053768
 21
-10.90000000000003
 31
0.0
  0
LINE
  5
2F2
330
2B2
100
AcDbEntity
  8
S13_Zubehör_Kontur
100
AcDbLine
 10
24.95104794053768
 20
-10.90000000000003
 30
0.0
 11
24.95104794053768
 21
-11.09999999999894
 31
0.0
  0
LINE
  5
2F3
330
2B2
100
AcDbEntity
  8
S13_Zubehör_Kontur
100
AcDbLine
 10
24.95104794053768
 20
-11.09999999999894
 30
0.0
 11
24.51904794053698
 21
-11.09999999999894
 31
0.0
  0
LINE
  5
2F4
330
2B2
100
AcDbEntity
  8
S13_Zubehör_Kontur
100
AcDbLine
 10
24.51904794053698
 20
-11.09999999999894
 30
0.0
 11
24.51904794053698
 21
-10.90000000000003
 31
0.0
  0
LINE
  5
2F5
330
2B2
100
AcDbEntity
  8
S13_Zubehör_Kontur
100
AcDbLine
 10
24.51904794053698
 20
-10.90000000000003
 30
0.0
 11
22.98304794053692
 21
-10.90000000000003
 31
0.0
  0
LINE
  5
2F6
330
2B2
100
AcDbEntity
  8
S13_Zubehör_Kontur
100
AcDbLine
 10
22.98304794053692
 20
-10.90000000000003
 30
0.0
 11
22.98304794053692
 21
-11.09999999999894
 31
0.0
  0
LINE
  5
2F7
330
2B2
100
AcDbEntity
  8
S13_Zubehör_Kontur
100
AcDbLine
 10
22.98304794053692
 20
-11.09999999999894
 30
0.0
 11
22.55104794053804
 21
-11.09999999999894
 31
0.0
  0
LINE
  5
2F8
330
2B2
100
AcDbEntity
  8
S13_Zubehör_Kontur
100
AcDbLine
 10
22.55104794053804
 20
-11.09999999999894
 30
0.0
 11
22.55104794053805
 21
-10.90000000000005
 31
0.0
  0
LINE
  5
2F9
330
2B2
100
AcDbEntity
  8
S13_Zubehör_Kontur
100
AcDbLine
 10
22.55104794053805
 20
-10.90000000000005
 30
0.0
 11
22.05504794053704
 21
-10.90000000000003
 31
0.0
  0
LINE
  5
2FA
330
2B2
100
AcDbEntity
  8
S13_Zubehör_Kontur
100
AcDbLine
 10
22.05504794053704
 20
-10.90000000000003
 30
0.0
 11
22.05504794053704
 21
-11.09999999999894
 31
0.0
  0
LINE
  5
2FB
330
2B2
100
AcDbEntity
  8
S13_Zubehör_Kontur
100
AcDbLine
 10
22.05504794053704
 20
-11.09999999999894
 30
0.0
 11
21.62304794053816
 21
-11.09999999999894
 31
0.0
  0
LINE
  5
2FC
330
2B2
100
AcDbEntity
  8
S13_Zubehör_Kontur
100
AcDbLine
 10
21.62304794053816
 20
-11.09999999999894
 30
0.0
 11
21.62304794053816
 21
-10.90000000000003
 31
0.0
  0
LINE
  5
2FD
330
2B2
100
AcDbEntity
  8
S13_Zubehör_Kontur
100
AcDbLine
 10
21.62304794053816
 20
-10.90000000000003
 30
0.0
 11
19.59104794053709
 21
-10.90000000000003
 31
0.0
  0
LINE
  5
2FE
330
2B2
100
AcDbEntity
  8
S13_Zubehör_Kontur
100
AcDbLine
 10
19.59104794053709
 20
-10.90000000000003
 30
0.0
 11
19.59104794053709
 21
-11.09999999999894
 31
0.0
  0
LINE
  5
2FF
330
2B2
100
AcDbEntity
  8
S13_Zubehör_Kontur
100
AcDbLine
 10
19.59104794053709
 20
-11.09999999999894
 30
0.0
 11
19.15904794053821
 21
-11.09999999999894
 31
0.0
  0
LINE
  5
300
330
2B2
100
AcDbEntity
  8
S13_Zubehör_Kontur
100
AcDbLine
 10
19.15904794053821
 20
-11.09999999999894
 30
0.0
 11
19.15904794053821
 21
-10.90000000000003
 31
0.0
  0
LINE
  5
301
330
2B2
100
AcDbEntity
  8
S13_Zubehör_Kontur
100
AcDbLine
 10
19.15904794053821
 20
-10.90000000000003
 30
0.0
 11
17.4630479405383
 21
-10.90000000000003
 31
0.0
  0
LINE
  5
302
330
2B2
100
AcDbEntity
  8
S13_Zubehör_Kontur
100
AcDbLine
 10
17.4630479405383
 20
-10.90000000000003
 30
0.0
 11
17.4630479405383
 21
-11.09999999999894
 31
0.0
  0
LINE
  5
303
330
2B2
100
AcDbEntity
  8
S13_Zubehör_Kontur
100
AcDbLine
 10
17.4630479405383
 20
-11.09999999999894
 30
0.0
 11
17.0310479405376
 21
-11.09999999999895
 31
0.0
  0
LINE
  5
304
330
2B2
100
AcDbEntity
  8
S13_Zubehör_Kontur
100
AcDbLine
 10
17.0310479405376
 20
-11.09999999999895
 30
0.0
 11
17.0310479405376
 21
-10.90000000000003
 31
0.0
  0
LINE
  5
305
330
2B2
100
AcDbEntity
  8
S13_Zubehör_Kontur
100
AcDbLine
 10
17.0310479405376
 20
-10.90000000000003
 30
0.0
 11
15.09999999999999
 21
-10.90000000000003
 31
0.0
  0
LINE
  5
306
330
2B2
100
AcDbEntity
  8
S13_Zubehör_Kontur
100
AcDbLine
 10
2.513397459622495
 20
-8.900000000000034
 30
0.0
 11
2.599999999999993
 21
-8.599999999998942
 31
0.0
  0
LINE
  5
307
330
2B2
100
AcDbEntity
  8
S13_Zubehör_Kontur
100
AcDbLine
 10
2.599999999999993
 20
-8.599999999998942
 30
0.0
 11
25.05252258054643
 21
-8.599999999998942
 31
0.0
  0
LINE
  5
308
330
2B2
100
AcDbEntity
  8
S13_Zubehör_Kontur
100
AcDbLine
 10
0.8000000000007219
 20
-3.001141590572643
 30
0.0
 11
0.8000000000007219
 21
-8.189747002143519
 31
0.0
  0
LINE
  5
309
330
2B2
100
AcDbEntity
  8
S13_Zubehör_Kontur
100
AcDbLine
 10
-2.199999999999278
 20
-8.189747002143519
 30
0.0
 11
-2.199999999999278
 21
-2.161249432365764
 31
0.0
  0
ARC
  5
30A
330
2B2
100
AcDbEntity
  8
S13_Zubehör_Kontur
100
AcDbCircle
 10
14.09999999999999
 20
-12.40000000000003
 30
0.0
 40
0.5
100
AcDbArc
 50
270.0
 51
0.0
  0
LINE
  5
30B
330
2B2
100
AcDbEntity
  8
S13_Zubehör_Kontur
100
AcDbLine
 10
14.59999999999999
 20
-12.40000000000003
 30
0.0
 11
14.59999999999999
 21
-11.40000000000003
 31
0.0
  0
LINE
  5
30C
330
2B2
100
AcDbEntity
  8
S13_Zubehör_Kontur
100
AcDbLine
 10
28.15104794053841
 20
-10.90000000000003
 30
0.0
 11
28.15104794053841
 21
-11.09999999999894
 31
0.0
  0
LINE
  5
30D
330
2B2
100
AcDbEntity
  8
S13_Zubehör_Kontur
100
AcDbLine
 10
28.15104794053841
 20
-11.09999999999894
 30
0.0
 11
28.26304794053758
 21
-11.09999999999894
 31
0.0
  0
LINE
  5
30E
330
2B2
100
AcDbEntity
  8
S13_Zubehör_Kontur
100
AcDbLine
 10
28.26304794053758
 20
-11.09999999999894
 30
0.0
 11
28.26304794053758
 21
-10.90000000000003
 31
0.0
  0
LINE
  5
30F
330
2B2
100
AcDbEntity
  8
S13_Zubehör_Kontur
100
AcDbLine
 10
28.26304794053758
 20
-11.09999999999894
 30
0.0
 11
29.87904794053756
 21
-11.09999999999894
 31
0.0
  0
LINE
  5
310
330
2B2
100
AcDbEntity
  8
S13_Zubehör_Kontur
100
AcDbLine
 10
30.82566894778174
 20
-11.09999999999894
 30
0.0
 11
30.7110479405379
 21
-11.09999999999894
 31
0.0
  0
LINE
  5
311
330
2B2
100
AcDbEntity
  8
S13_Zubehör_Kontur
100
AcDbLine
 10
30.7110479405379
 20
-11.09999999999894
 30
0.0
 11
30.7110479405379
 21
-10.90000000000003
 31
0.0
  0
LINE
  5
312
330
2B2
100
AcDbEntity
  8
S13_Zubehör_Kontur
100
AcDbLine
 10
32.91642693329376
 20
-11.09999999999894
 30
0.0
 11
32.99904794053836
 21
-11.09999999999894
 31
0.0
  0
LINE
  5
313
330
2B2
100
AcDbEntity
  8
S13_Zubehör_Kontur
100
AcDbLine
 10
32.99904794053836
 20
-11.09999999999894
 30
0.0
 11
32.99904794053836
 21
-10.90000000000003
 31
0.0
  0
LINE
  5
314
330
2B2
100
AcDbEntity
  8
S13_Zubehör_Kontur
100
AcDbLine
 10
24.51904794053698
 20
-11.09999999999894
 30
0.0
 11
22.98304794053692
 21
-11.09999999999894
 31
0.0
  0
LINE
  5
315
330
2B2
100
AcDbEntity
  8
S13_Zubehör_Kontur
100
AcDbLine
 10
-0.2999999999996419
 20
-4.565129952733315
 30
0.0
 11
-0.2999999999996419
 21
-1.84555574078584
 31
0.0
  0
LINE
  5
316
330
2B2
100
AcDbEntity
  8
S13_Zubehör_Kontur
100
AcDbLine
 10
21.62304794053816
 20
-11.09999999999894
 30
0.0
 11
20.00704794053817
 21
-11.09999999999894
 31
0.0
  0
LINE
  5
317
330
2B2
100
AcDbEntity
  8
S13_Zubehör_Kontur
100
AcDbLine
 10
20.00704794053817
 20
-11.09999999999894
 30
0.0
 11
20.00704794053817
 21
-10.90000000000003
 31
0.0
  0
LINE
  5
318
330
2B2
100
AcDbEntity
  8
S13_Zubehör_Kontur
100
AcDbLine
 10
-2.199999999999278
 20
-4.565129952733315
 30
0.0
 11
-2.199999999999278
 21
-1.84555574078584
 31
0.0
  0
LINE
  5
319
330
2B2
100
AcDbEntity
  8
S13_Zubehör_Kontur
100
AcDbLine
 10
19.15904794053821
 20
-11.09999999999894
 30
0.0
 11
17.4630479405383
 21
-11.09999999999894
 31
0.0
  0
LINE
  5
31A
330
2B2
100
AcDbEntity
  8
S13_Zubehör_Kontur
100
AcDbLine
 10
20.00704794053817
 20
-11.09999999999894
 30
0.0
 11
19.89504794053718
 21
-11.09999999999894
 31
0.0
  0
LINE
  5
31B
330
2B2
100
AcDbEntity
  8
S13_Zubehör_Kontur
100
AcDbLine
 10
19.89504794053718
 20
-11.09999999999894
 30
0.0
 11
19.89504794053718
 21
-10.90000000000003
 31
0.0
  0
HATCH
  5
31C
330
2B2
100
AcDbEntity
  8
S27_Grau_13
100
AcDbHatch
 10
0.0
 20
0.0
 30
0.0
210
0.0
220
0.0
230
1.0
  2
SOLID
 70
     1
 71
     0
 91
       16
 92
        5
 93
        8
 72
     2
 10
-0.7999999999996419
 20
-1.84555574078584
 40
0.5
 50
0.0
 51
90.0
 73
     1
 72
     1
 10
-0.7999999999996419
 20
-1.34555574078584
 11
-1.699999999999278
 21
-1.34555574078584
 72
     2
 10
-1.699999999999278
 20
-1.84555574078584
 40
0.5
 50
90.0
 51
180.0
 73
     1
 72
     1
 10
-2.199999999999278
 20
-1.84555574078584
 11
-2.199999999999278
 21
-4.565129952733329
 72
     3
 10
-1.699999999999278
 20
-4.565129952733315
 11
-0.5000000000000001
 21
0.0000000000000022
 40
0.2588190451025214
 50
0.0000000000018992
 51
90.00000000003003
 73
     1
 72
     1
 10
-1.700000000001324
 20
-4.694539475284527
 11
-0.7999999999975387
 21
-4.694539475284527
 72
     3
 10
-0.7999999999996419
 20
-4.565129952733315
 11
0.5000000000000002
 21
-0.0000000000000002
 40
0.2588190451025198
 50
269.9999999999999
 51
360.0000000000002
 73
     1
 72
     1
 10
-0.2999999999996419
 20
-4.565129952733315
 11
-0.2999999999996419
 21
-1.845555740785839
 97
        0
 92
        5
 93
       10
 72
     3
 10
0.5999999999999944
 20
-4.264899860413406
 11
0.2000000000000339
 21
0.0
 40
0.2588190451025223
 50
-0.0000000000006849
 51
89.99999999999998
 73
     0
 72
     1
 10
0.6000000000005345
 20
-4.316663669433893
 11
-0.0999999999992555
 21
-4.316663669433893
 72
     3
 10
-0.0999999999989143
 20
-4.368427478454377
 11
-0.2
 21
0.0
 40
0.2588190451025214
 50
270.0000000000756
 51
360.0000000000047
 73
     1
 72
     1
 10
-0.2999999999996419
 20
-4.36842747845533
 11
-0.2999999999996419
 21
-4.578737715111357
 72
     3
 10
-0.7999999999996419
 20
-4.565129952733315
 11
0.5000000000000002
 21
-0.0000000000000002
 40
0.2588190451025198
 50
-0.0000000000001844
 51
89.99999999999998
 73
     0
 72
     1
 10
-0.7999999999975529
 20
-4.694539475284527
 11
-1.700000000001295
 21
-4.694539475284527
 72
     3
 10
-1.699999999999278
 20
-4.565129952733315
 11
-0.5000000000000001
 21
0.0000000000000022
 40
0.2588190451025214
 50
269.9999999999699
 51
359.999999999998
 73
     0
 72
     1
 10
-2.199999999999278
 20
-4.578737715111373
 11
-2.199999999999278
 21
-8.189747002143519
 72
     1
 10
-2.199999999999278
 20
-8.189747002143519
 11
0.8000000000007219
 21
-8.189747002143519
 72
     1
 10
0.8000000000007219
 20
-8.189747002143519
 11
0.8000000000007219
 21
-4.278811958772563
 97
        0
 92
        5
 93
        8
 72
     4
 94
        3
 73
     0
 74
     0
 95
       18
 96
       14
 40
-0.0872664625996858
 40
-0.0872664625996858
 40
-0.0872664625996858
 40
-0.0872664625996858
 40
-0.0806423453085606
 40
-0.0806423453085606
 40
-0.063712417897705
 40
-0.063712417897705
 40
-0.049463215424156
 40
-0.049463215424156
 40
-0.0349065850398967
 40
-0.0349065850398967
 40
-0.017453292519967
 40
-0.017453292519967
 40
-0.0000000000000372
 40
-0.0000000000000372
 40
-0.0000000000000372
 40
-0.0000000000000372
 10
0.8000000000007219
 20
-3.001141590572643
 10
0.8000000000007219
 20
-2.996016976100492
 10
0.7998078576543719
 20
-2.99050916932245
 10
0.7980754226260558
 20
-2.96944111402152
 10
0.7949399886943809
 20
-2.951349243402347
 10
0.7812283105955375
 20
-2.914281555364851
 10
0.7717167100177848
 20
-2.895961515398795
 10
0.745363464382166
 20
-2.86148576811027
 10
0.7284078769822317
 20
-2.845695036060334
 10
0.6891350168440056
 20
-2.819506481359694
 10
0.6669594752762295
 20
-2.810816626128854
 10
0.6286627733767034
 20
-2.801235155465093
 10
0.6123607964669589
 20
-2.799999999999982
 10
0.5988584094280613
 20
-2.799999999999982
 72
     1
 10
0.5988584094280613
 20
-2.799999999999982
 11
-0.1356233520079401
 21
-2.799999999999982
 72
     4
 94
        3
 73
     0
 74
     0
 95
       18
 96
       14
 40
1.570796326794896
 40
1.570796326794896
 40
1.570796326794896
 40
1.570796326794896
 40
1.582151586538371
 40
1.582151586538371
 40
1.896310851897351
 40
1.896310851897351
 40
2.210470117256332
 40
2.210470117256332
 40
2.524629382615311
 40
2.524629382615311
 40
2.834200156393448
 40
2.834200156393448
 40
3.141592653589796
 40
3.141592653589796
 40
3.141592653589796
 40
3.141592653589796
 10
-0.2999999999996419
 20
-2.602663711336191
 10
-0.2999999999996419
 20
-2.603403417066856
 10
-0.2999957841442722
 20
-2.604143122797522
 10
-0.299754083700833
 20
-2.625346543668256
 10
-0.2962720002873595
 20
-2.645774407724076
 10
-0.2830931514621682
 20
-2.684671860736471
 10
-0.2733953655501011
 20
-2.703137247420073
 10
-0.2486127131182059
 20
-2.736318863625256
 10
-0.2335283547894562
 20
-2.751028395247685
 10
-0.1996129801358677
 20
-2.774994193862568
 10
-0.1808447819297782
 20
-2.784320430303324
 10
-0.1413708644471683
 20
-2.796803931517189
 10
-0.1206877866883644
 20
-2.799999999999982
 10
-0.0999999999989143
 20
-2.799999999999982
 72
     1
 10
-0.2999999999996419
 20
-2.666373778052586
 11
-0.2999999999996419
 21
-4.354515380095263
 72
     3
 10
-0.0999999999989143
 20
-4.368427478454377
 11
-0.2
 21
0.0
 40
0.2588190451025214
 50
-0.0000000000047416
 51
89.99999999992418
 73
     0
 72
     1
 10
-0.0999999999992554
 20
-4.316663669433893
 11
0.6000000000005488
 21
-4.316663669433893
 72
     3
 10
0.5999999999999944
 20
-4.264899860413406
 11
0.2000000000000339
 21
0.0
 40
0.2588190451025223
 50
269.9999999999999
 51
360.0000000000007
 73
     1
 72
     1
 10
0.8000000000007219
 20
-4.264899860412498
 11
0.8000000000007219
 21
-3.001141590572643
 97
        0
 92
        7
 72
     1
 73
     1
 93
      100
 10
49.3050451610903
 20
-8.900000000000034
 42
0.0
 10
0.8000000000007219
 20
-8.900000000000034
 42
0.0
 10
0.8000000000007219
 20
-8.189747002143519
 42
0.0
 10
-2.199999999999278
 20
-8.189747002143519
 42
0.0
 10
-2.199999999999278
 20
-8.900000000000046
 42
0.0
 10
-2.400000000000004
 20
-8.900000000000046
 42
0.0
 10
-2.400000000000004
 20
-11.40000000000003
 42
0.4142135623730951
 10
-0.9000000000000055
 20
-12.90000000000003
 42
0.0
 10
0.3000000000007219
 20
-12.90000000000005
 42
0.4142135623730951
 10
0.8000000000007219
 20
-12.40000000000005
 42
0.0
 10
0.8000000000007219
 20
-11.40000000000003
 42
-0.4142135623730951
 10
1.300000000000721
 20
-10.90000000000003
 42
0.0
 10
11.09999999999999
 20
-10.90000000000003
 42
-0.4142135623730951
 10
11.59999999999999
 20
-11.40000000000003
 42
0.0
 10
11.59999999999999
 20
-11.60331087942035
 42
0.0
 10
12.89668912057968
 20
-12.90000000000003
 42
0.0
 10
13.83268393757643
 20
-12.90000000000003
 42
0.0
 10
14.59999999999999
 20
-12.13268393757647
 42
0.0
 10
14.59999999999999
 20
-11.40000000000003
 42
-0.4142135623730962
 10
15.09999999999999
 20
-10.90000000000003
 42
0.0
 10
17.0310479405376
 20
-10.90000000000003
 42
0.0
 10
17.0310479405376
 20
-11.09999999999895
 42
0.0
 10
17.4630479405383
 20
-11.09999999999894
 42
0.0
 10
17.4630479405383
 20
-10.90000000000003
 42
0.0
 10
19.15904794053821
 20
-10.90000000000003
 42
0.0
 10
19.15904794053821
 20
-11.09999999999894
 42
0.0
 10
19.59104794053709
 20
-11.09999999999894
 42
0.0
 10
19.59104794053709
 20
-10.90000000000003
 42
0.0
 10
21.62304794053816
 20
-10.90000000000003
 42
0.0
 10
21.62304794053816
 20
-11.09999999999894
 42
0.0
 10
22.05504794053704
 20
-11.09999999999894
 42
0.0
 10
22.05504794053704
 20
-10.90000000000003
 42
0.0
 10
22.55104794053805
 20
-10.90000000000005
 42
0.0
 10
22.55104794053804
 20
-11.09999999999894
 42
0.0
 10
22.98304794053692
 20
-11.09999999999894
 42
0.0
 10
22.98304794053692
 20
-10.90000000000003
 42
0.0
 10
24.51904794053698
 20
-10.90000000000003
 42
0.0
 10
24.51904794053698
 20
-11.09999999999894
 42
0.0
 10
24.95104794053768
 20
-11.09999999999894
 42
0.0
 10
24.95104794053768
 20
-10.90000000000003
 42
0.0
 10
25.4630479405383
 20
-10.90000000000003
 42
0.0
 10
25.46304794053832
 20
-11.09999999999894
 42
0.0
 10
27.78304794053801
 20
-11.09999999999894
 42
0.0
 10
27.78304794053801
 20
-10.90000000000005
 42
0.0
 10
29.87904794053756
 20
-10.90000000000005
 42
0.0
 10
29.87904794053756
 20
-11.09999999999894
 42
0.0
 10
30.31104794053826
 20
-11.09999999999894
 42
0.0
 10
30.31104794053826
 20
-10.90000000000003
 42
0.0
 10
30.82566894778174
 20
-10.90000000000003
 42
0.0
 10
30.82566894778174
 20
-11.09999999999894
 42
0.0
 10
32.91642693329376
 20
-11.09999999999894
 42
0.0
 10
32.91642693329378
 20
-10.90000000000003
 42
0.0
 10
32.99904794053836
 20
-10.90000000000003
 42
0.0
 10
32.99904794053836
 20
-11.09999999999894
 42
0.0
 10
32.91642693329376
 20
-11.09999999999894
 42
0.0
 10
30.82566894778174
 20
-11.09999999999894
 42
0.0
 10
30.7110479405379
 20
-11.09999999999894
 42
0.0
 10
30.7110479405379
 20
-10.90000000000003
 42
0.0
 10
30.31104794053826
 20
-10.90000000000003
 42
0.0
 10
30.31104794053826
 20
-11.09999999999894
 42
0.0
 10
29.87904794053756
 20
-11.09999999999894
 42
0.0
 10
28.26304794053758
 20
-11.09999999999894
 42
0.0
 10
28.15104794053841
 20
-11.09999999999894
 42
0.0
 10
28.15104794053841
 20
-10.90000000000005
 42
0.0
 10
27.78304794053801
 20
-10.90000000000005
 42
0.0
 10
27.78304794053801
 20
-11.09999999999894
 42
0.0
 10
25.46304794053831
 20
-11.09999999999894
 42
0.0
 10
25.4630479405383
 20
-10.90000000000003
 42
0.0
 10
24.95104794053768
 20
-10.90000000000003
 42
0.0
 10
24.95104794053768
 20
-11.09999999999894
 42
0.0
 10
24.51904794053698
 20
-11.09999999999894
 42
0.0
 10
22.98304794053692
 20
-11.09999999999894
 42
0.0
 10
22.55104794053804
 20
-11.09999999999894
 42
0.0
 10
22.55104794053805
 20
-10.90000000000005
 42
0.0
 10
22.05504794053704
 20
-10.90000000000003
 42
0.0
 10
22.05504794053704
 20
-11.09999999999894
 42
0.0
 10
21.62304794053816
 20
-11.09999999999894
 42
0.0
 10
20.00704794053817
 20
-11.09999999999894
 42
0.0
 10
19.89504794053718
 20
-11.09999999999894
 42
0.0
 10
19.89504794053718
 20
-10.90000000000003
 42
0.0
 10
19.59104794053709
 20
-10.90000000000003
 42
0.0
 10
19.59104794053709
 20
-11.09999999999894
 42
0.0
 10
19.15904794053821
 20
-11.09999999999894
 42
0.0
 10
17.4630479405383
 20
-11.09999999999894
 42
0.0
 10
17.0310479405376
 20
-11.09999999999895
 42
0.0
 10
17.0310479405376
 20
-10.90000000000003
 42
0.0
 10
15.09999999999999
 20
-10.90000000000003
 42
0.4142135623730951
 10
14.59999999999999
 20
-11.40000000000003
 42
0.0
 10
14.59999999999999
 20
-12.40000000000003
 42
-0.4142135623730951
 10
14.09999999999999
 20
-12.90000000000003
 42
0.0
 10
47.69000000000014
 20
-12.90000000000005
 42
0.4142135623730973
 10
48.19000000000014
 20
-12.40000000000005
 42
0.0
 10
48.19000000000014
 20
-11.79999999999967
 42
-0.4142135623730951
 10
48.69000000000013
 20
-11.29999999999967
 42
0.0
 10
48.99000000000123
 20
-11.29999999999967
 42
-0.4142135623730951
 10
49.49000000000123
 20
-11.79999999999967
 42
0.0
 10
49.49000000000123
 20
-12.40000000000003
 42
0.4142135623730951
 10
49.99000000000123
 20
-12.90000000000003
 42
0.0
 10
54.80000000000071
 20
-12.90000000000003
 42
0.0
 10
54.80000000000071
 20
-10.90000000000003
 42
0.0
 97
        0
 92
       23
 72
     1
 73
     1
 93
        4
 10
11.59999999999999
 20
-11.60331087942035
 42
0.0
 10
11.59999999999999
 20
-12.40000000000003
 42
0.4142135623730951
 10
12.09999999999999
 20
-12.90000000000003
 42
0.0
 10
12.89668912057968
 20
-12.90000000000003
 42
0.0
 97
        0
 92
       23
 72
     1
 73
     1
 93
        4
 10
14.59999999999999
 20
-12.40000000000003
 42
0.0
 10
14.59999999999999
 20
-12.13268393757647
 42
0.0
 10
13.83268393757643
 20
-12.90000000000003
 42
0.0
 10
14.09999999999999
 20
-12.90000000000003
 42
0.4142135623730973
 97
        0
 92
       23
 72
     0
 73
     1
 93
        4
 10
19.15904794053821
 20
-10.90000000000003
 10
17.4630479405383
 20
-10.90000000000003
 10
17.4630479405383
 20
-11.09999999999894
 10
19.15904794053821
 20
-11.09999999999894
 97
        0
 92
       23
 72
     0
 73
     1
 93
        4
 10
21.62304794053816
 20
-10.90000000000003
 10
20.00704794053817
 20
-10.90000000000003
 10
20.00704794053817
 20
-11.09999999999894
 10
21.62304794053816
 20
-11.09999999999894
 97
        0
 92
       23
 72
     0
 73
     1
 93
        4
 10
20.00704794053817
 20
-10.90000000000003
 10
19.89504794053718
 20
-10.90000000000003
 10
19.89504794053718
 20
-11.09999999999894
 10
20.00704794053817
 20
-11.09999999999894
 97
        0
 92
       23
 72
     0
 73
     1
 93
        4
 10
24.51904794053698
 20
-10.90000000000003
 10
22.98304794053692
 20
-10.90000000000003
 10
22.98304794053692
 20
-11.09999999999894
 10
24.51904794053698
 20
-11.09999999999894
 97
        0
 92
       23
 72
     0
 73
     1
 93
        4
 10
29.87904794053756
 20
-10.90000000000005
 10
28.26304794053758
 20
-10.90000000000005
 10
28.26304794053758
 20
-11.09999999999894
 10
29.87904794053756
 20
-11.09999999999894
 97
        0
 92
       23
 72
     0
 73
     1
 93
        4
 10
28.26304794053758
 20
-10.90000000000005
 10
28.15104794053841
 20
-10.90000000000005
 10
28.15104794053841
 20
-11.09999999999894
 10
28.26304794053758
 20
-11.09999999999894
 97
        0
 92
       23
 72
     0
 73
     1
 93
        4
 10
30.82566894778174
 20
-10.90000000000003
 10
30.7110479405379
 20
-10.90000000000003
 10
30.7110479405379
 20
-11.09999999999894
 10
30.82566894778174
 20
-11.09999999999894
 97
        0
 92
       23
 72
     0
 73
     1
 93
        4
 10
32.99904794053836
 20
-10.90000000000003
 10
32.91642693329377
 20
-10.90000000000003
 10
32.91642693329376
 20
-11.09999999999894
 10
32.99904794053836
 20
-11.09999999999894
 97
        0
 92
       23
 72
     0
 73
     1
 93
        4
 10
25.05252258054643
 20
-8.599999999998942
 10
2.599999999999993
 20
-8.599999999998942
 10
2.513397459622495
 20
-8.900000000000034
 10
25.05252258054643
 20
-8.900000000000034
 97
        0
 92
       23
 72
     0
 73
     1
 93
        4
 10
47.50504516109102
 20
-8.599999999998942
 10
25.05252258054643
 20
-8.599999999998942
 10
25.05252258054643
 20
-8.900000000000034
 10
47.59164770147036
 20
-8.900000000000034
 97
        0
 75
     1
 76
     1
 47
0.0510292674871323
 98
       16
 10
-1.088389927572279
 20
-3.154004880191763
 10
-0.7248268665038041
 20
-6.197233954026472
 10
0.1840797732766077
 20
-3.290268706210752
 10
-0.3870601146360286
 20
-10.30778788675045
 10
11.86039301894595
 20
-12.02498239272276
 10
14.39693859253214
 20
-12.56344911506161
 10
18.20937338714395
 20
-11.05433288822084
 10
20.49803514753717
 20
-11.05433288822084
 10
19.93227168530541
 20
-10.97377285562342
 10
23.10265915421599
 20
-11.02318695964695
 10
28.36504039325871
 20
-10.98881071456125
 10
28.20181603960782
 20
-11.02143245643569
 10
30.74713730123062
 20
-10.96433314141652
 10
32.92957211300461
 20
-10.97874058098384
 10
19.37472479525182
 20
-8.711203432796395
 10
28.31023589734514
 20
-8.741788355471925
1001
GradientColor1ACI
1070
     5
1001
GradientColor2ACI
1070
     2
1001
ACAD
1010
0.0
1020
0.0
1030
0.0
  0
ENDBLK
  5
31D
330
2B2
100
AcDbEntity
  8
0
100
AcDbBlockEnd
  0
ENDSEC
  0
SECTION
  2
ENTITIES
  0
LWPOLYLINE
  5
A001
330
1F
100
AcDbEntity
  8
S27_Grau_13
 62
   151
100
AcDbPolyline
 90
      584
 70
     1
 43
0.0
 10
113.523459726236
 20
106.498042915341
 10
65.018414565146
 20
106.498042915341
 10
65.018414565146
 20
107.208295913197
 10
62.018414565146
 20
107.208295913197
 10
62.018414565146
 20
106.498042915341
 10
61.818414565145
 20
106.498042915341
 10
61.818414565145
 20
103.998042915341
 10
61.81932832461701
 20
103.945693670287
 10
61.82206848975599
 20
103.893408204725
 10
61.82663172209299
 20
103.841250220439
 10
61.833012462033
 20
103.789283263901
 10
61.841202935627
 20
103.73757064884
 10
61.851193164045
 20
103.686175379114
 10
61.862970975731
 20
103.635160071941
 10
61.876522021238
 20
103.584586881615
 10
61.891829790703
 20
103.534517423778
 10
61.90887563396699
 20
103.485012700352
 10
61.927638783295
 20
103.436133025217
 10
61.948096378681
 20
103.387937950727
 10
61.970223495697
 20
103.340486195157
 10
61.993993175857
 20
103.293835571162
 10
62.019376459469
 20
103.248042915341
 10
62.04634242091099
 20
103.203164018991
 10
62.074858206313
 20
103.159253560135
 10
62.104889073583
 20
103.116365036902
 10
62.136398434735
 20
103.074550702352
 10
62.169347900467
 20
103.033861500811
 10
62.20369732692899
 20
102.994347005803
 10
62.239404864637
 20
102.956055359652
 10
62.276427009457
 20
102.919033214833
 10
62.314718655607
 20
102.883325677125
 10
62.35423315061599
 20
102.848976250662
 10
62.394922352157
 20
102.816026784931
 10
62.436736686707
 20
102.784517423778
 10
62.479625209939
 20
102.754486556508
 10
62.52353566879599
 20
102.725970771106
 10
62.568414565145
 20
102.699004809664
 10
62.61420722096699
 20
102.673621526052
 10
62.66085784496199
 20
102.649851845892
 10
62.70830960053199
 20
102.627724728877
 10
62.756504675022
 20
102.607267133491
 10
62.805384350157
 20
102.588503984162
 10
62.854889073583
 20
102.571458140898
 10
62.90495853141999
 20
102.556150371433
 10
62.95553172174599
 20
102.542599325927
 10
63.006547028919
 20
102.53082151424
 10
63.057942298645
 20
102.520831285823
 10
63.10965491370499
 20
102.512640812229
 10
63.16162187024399
 20
102.506260072288
 10
63.213779854529
 20
102.501696839951
 10
63.26606532009201
 20
102.498956674812
 10
63.31841456514499
 20
102.498042915341
 10
64.518414565146
 20
102.498042915341
 10
64.535864313497
 20
102.498347501831
 10
64.55329280201801
 20
102.499260890211
 10
64.57067879678
 20
102.500781967657
 10
64.588001115626
 20
102.50290888097
 10
64.60523865398001
 20
102.505639038835
 10
64.62237041055501
 20
102.508969114974
 10
64.63937551294598
 20
102.512895052203
 10
64.656233243055
 20
102.517412067372
 10
64.672923062334
 20
102.522514657193
 10
64.689424636809
 20
102.528196604948
 10
64.70571786185399
 20
102.534450988057
 10
64.72178288668399
 20
102.54127018652
 10
64.737600138541
 20
102.548645892191
 10
64.753150346539
 20
102.556569118911
 10
64.768414565146
 20
102.565030213449
 10
64.783374197263
 20
102.574018867263
 10
64.79801101688099
 20
102.583524129063
 10
64.812307191292
 20
102.593534418153
 10
64.826245302809
 20
102.604037538537
 10
64.839808369989
 20
102.615020693781
 10
64.852979868326
 20
102.626470502602
 10
64.865743750376
 20
102.638373015172
 10
64.878084465315
 20
102.650713730111
 10
64.889986977885
 20
102.663477612161
 10
64.901436786706
 20
102.676649110498
 10
64.912419941949
 20
102.690212177678
 10
64.92292306233401
 20
102.704150289195
 10
64.932933351424
 20
102.718446463605
 10
64.942438613224
 20
102.733083283224
 10
64.951427267038
 20
102.748042915341
 10
64.959888361576
 20
102.763307133948
 10
64.967811588296
 20
102.778857341946
 10
64.97518729396699
 20
102.794674593803
 10
64.98200649243
 20
102.810739618633
 10
64.988260875539
 20
102.827032843678
 10
64.99394282329401
 20
102.843534418153
 10
64.999045413115
 20
102.860224237432
 10
65.003562428284
 20
102.877081967541
 10
65.00748836551299
 20
102.894087069932
 10
65.010818441652
 20
102.911218826507
 10
65.01354859951701
 20
102.928456364861
 10
65.01567551283002
 20
102.945778683707
 10
65.017196590276
 20
102.963164678469
 10
65.018109978656
 20
102.98059316699
 10
65.018414565146
 20
102.998042915341
 10
65.018414565146
 20
103.998042915341
 10
65.018719151637
 20
104.015492663692
 10
65.01963254001601
 20
104.032921152213
 10
65.02115361746199
 20
104.050307146975
 10
65.023280530775
 20
104.067629465821
 10
65.02601068864
 20
104.084867004174
 10
65.02934076477899
 20
104.10199876075
 10
65.03326670200799
 20
104.119003863141
 10
65.037783717177
 20
104.135861593249
 10
65.042886306999
 20
104.152551412528
 10
65.04856825475299
 20
104.169052987004
 10
65.054822637863
 20
104.185346212049
 10
65.06164183632499
 20
104.201411236879
 10
65.069017541997
 20
104.217228488735
 10
65.076940768717
 20
104.232778696734
 10
65.08540186325401
 20
104.248042915341
 10
65.09439051706801
 20
104.263002547457
 10
65.103895778869
 20
104.277639367076
 10
65.11390606795901
 20
104.291935541487
 10
65.12440918834299
 20
104.305873653004
 10
65.135392343587
 20
104.319436720184
 10
65.146842152407
 20
104.33260821852
 10
65.15874466497699
 20
104.34537210057
 10
65.171085379917
 20
104.35771281551
 10
65.18384926196699
 20
104.36961532808
 10
65.197020760303
 20
104.3810651369
 10
65.21058382748299
 20
104.392048292144
 10
65.224521939
 20
104.402551412528
 10
65.238818113411
 20
104.412561701618
 10
65.25345493302999
 20
104.422066963419
 10
65.268414565146
 20
104.431055617233
 10
65.283678783753
 20
104.43951671177
 10
65.299228991752
 20
104.44743993849
 10
65.31504624360799
 20
104.454815644162
 10
65.33111126843799
 20
104.461634842624
 10
65.347404493483
 20
104.467889225734
 10
65.36390606795901
 20
104.473571173488
 10
65.380595887238
 20
104.47867376331
 10
65.397453617346
 20
104.483190778479
 10
65.41445871973699
 20
104.487116715708
 10
65.431590476313
 20
104.490446791847
 10
65.448828014666
 20
104.493176949712
 10
65.466150333512
 20
104.495303863025
 10
65.48353632827399
 20
104.496824940471
 10
65.50096481679499
 20
104.49773832885
 10
65.518414565146
 20
104.498042915341
 10
75.31841456514499
 20
104.498042915341
 10
75.335864313497
 20
104.49773832885
 10
75.353292802017
 20
104.496824940471
 10
75.370678796779
 20
104.495303863025
 10
75.388001115625
 20
104.493176949712
 10
75.405238653979
 20
104.490446791847
 10
75.422370410554
 20
104.487116715708
 10
75.43937551294501
 20
104.483190778479
 10
75.456233243054
 20
104.47867376331
 10
75.47292306233299
 20
104.473571173488
 10
75.48942463680801
 20
104.467889225734
 10
75.505717861853
 20
104.461634842624
 10
75.521782886683
 20
104.454815644162
 10
75.53760013854
 20
104.44743993849
 10
75.553150346538
 20
104.43951671177
 10
75.56841456514499
 20
104.431055617233
 10
75.583374197262
 20
104.422066963419
 10
75.598011016881
 20
104.412561701618
 10
75.612307191292
 20
104.402551412528
 10
75.626245302808
 20
104.392048292144
 10
75.639808369989
 20
104.3810651369
 10
75.65297986832501
 20
104.36961532808
 10
75.665743750375
 20
104.35771281551
 10
75.678084465315
 20
104.34537210057
 10
75.68998697788399
 20
104.33260821852
 10
75.701436786705
 20
104.319436720184
 10
75.71241994194899
 20
104.305873653004
 10
75.722923062333
 20
104.291935541487
 10
75.732933351423
 20
104.277639367076
 10
75.742438613224
 20
104.263002547457
 10
75.75142726703799
 20
104.248042915341
 10
75.75988836157501
 20
104.232778696734
 10
75.76781158829501
 20
104.217228488735
 10
75.77518729396699
 20
104.201411236879
 10
75.78200649242901
 20
104.185346212049
 10
75.788260875538
 20
104.169052987004
 10
75.793942823293
 20
104.152551412528
 10
75.79904541311499
 20
104.135861593249
 10
75.803562428283
 20
104.119003863141
 10
75.807488365512
 20
104.10199876075
 10
75.81081844165099
 20
104.084867004174
 10
75.81354859951599
 20
104.067629465821
 10
75.81567551283001
 20
104.050307146975
 10
75.817196590275
 20
104.032921152213
 10
75.818109978655
 20
104.015492663692
 10
75.81841456514499
 20
103.998042915341
 10
75.81841456514499
 20
103.794732035921
 10
77.11510368572501
 20
102.498042915341
 10
78.051098502722
 20
102.498042915341
 10
78.81841456514499
 20
103.265358977764
 10
78.81841456514499
 20
103.998042915341
 10
78.818719151636
 20
104.015492663692
 10
78.81963254001501
 20
104.032921152213
 10
78.82115361746101
 20
104.050307146975
 10
78.823280530775
 20
104.067629465821
 10
78.826010688639
 20
104.084867004174
 10
78.82934076477801
 20
104.10199876075
 10
78.83326670200699
 20
104.119003863141
 10
78.837783717176
 20
104.135861593249
 10
78.84288630699799
 20
104.152551412528
 10
78.848568254752
 20
104.169052987004
 10
78.854822637862
 20
104.185346212049
 10
78.86164183632399
 20
104.201411236879
 10
78.869017541996
 20
104.217228488735
 10
78.876940768716
 20
104.232778696734
 10
78.885401863253
 20
104.248042915341
 10
78.89439051706701
 20
104.263002547457
 10
78.903895778868
 20
104.277639367076
 10
78.91390606795799
 20
104.291935541487
 10
78.924409188342
 20
104.305873653004
 10
78.935392343586
 20
104.319436720184
 10
78.946842152407
 20
104.33260821852
 10
78.95874466497599
 20
104.34537210057
 10
78.971085379916
 20
104.35771281551
 10
78.983849261966
 20
104.36961532808
 10
78.99702076030201
 20
104.3810651369
 10
79.01058382748299
 20
104.392048292144
 10
79.024521938999
 20
104.402551412528
 10
79.03881811341
 20
104.412561701618
 10
79.053454933029
 20
104.422066963419
 10
79.06841456514499
 20
104.431055617233
 10
79.08367878375201
 20
104.43951671177
 10
79.099228991751
 20
104.44743993849
 10
79.11504624360699
 20
104.454815644162
 10
79.13111126843701
 20
104.461634842624
 10
79.147404493483
 20
104.467889225734
 10
79.163906067958
 20
104.473571173488
 10
79.18059588723699
 20
104.47867376331
 10
79.197453617346
 20
104.483190778479
 10
79.214458719736
 20
104.487116715708
 10
79.23159047631199
 20
104.490446791847
 10
79.24882801466501
 20
104.493176949712
 10
79.266150333512
 20
104.495303863025
 10
79.283536328273
 20
104.496824940471
 10
79.30096481679401
 20
104.49773832885
 10
79.31841456514499
 20
104.498042915341
 10
81.24946250568299
 20
104.498042915341
 10
81.24946250568299
 20
104.298042915342
 10
81.68146250568401
 20
104.298042915342
 10
81.68146250568401
 20
104.498042915341
 10
83.377462505684
 20
104.498042915341
 10
83.377462505684
 20
104.298042915342
 10
83.809462505682
 20
104.298042915342
 10
83.809462505682
 20
104.498042915341
 10
85.841462505684
 20
104.498042915341
 10
85.841462505684
 20
104.298042915342
 10
86.273462505682
 20
104.298042915342
 10
86.273462505682
 20
104.498042915341
 10
86.76946250568301
 20
104.498042915341
 10
86.76946250568301
 20
104.298042915342
 10
87.20146250568198
 20
104.298042915342
 10
87.20146250568198
 20
104.498042915341
 10
88.73746250568199
 20
104.498042915341
 10
88.73746250568199
 20
104.298042915342
 10
89.16946250568299
 20
104.298042915342
 10
89.16946250568299
 20
104.498042915341
 10
89.681462505684
 20
104.498042915341
 10
89.681462505684
 20
104.298042915342
 10
92.001462505683
 20
104.298042915342
 10
92.001462505683
 20
104.498042915341
 10
94.097462505683
 20
104.498042915341
 10
94.097462505683
 20
104.298042915342
 10
94.529462505684
 20
104.298042915342
 10
94.529462505684
 20
104.498042915341
 10
95.04408351292701
 20
104.498042915341
 10
95.04408351292701
 20
104.298042915342
 10
97.134841498439
 20
104.298042915342
 10
97.134841498439
 20
104.498042915341
 10
97.21746250568401
 20
104.498042915341
 10
97.21746250568401
 20
104.298042915342
 10
97.134841498439
 20
104.298042915342
 10
95.04408351292701
 20
104.298042915342
 10
94.929462505683
 20
104.298042915342
 10
94.929462505683
 20
104.498042915341
 10
94.529462505684
 20
104.498042915341
 10
94.529462505684
 20
104.298042915342
 10
94.097462505683
 20
104.298042915342
 10
92.481462505683
 20
104.298042915342
 10
92.36946250568399
 20
104.298042915342
 10
92.36946250568399
 20
104.498042915341
 10
92.001462505683
 20
104.498042915341
 10
92.001462505683
 20
104.298042915342
 10
89.681462505684
 20
104.298042915342
 10
89.681462505684
 20
104.498042915341
 10
89.16946250568299
 20
104.498042915341
 10
89.16946250568299
 20
104.298042915342
 10
88.73746250568199
 20
104.298042915342
 10
87.20146250568198
 20
104.298042915342
 10
86.76946250568301
 20
104.298042915342
 10
86.76946250568301
 20
104.498042915341
 10
86.273462505682
 20
104.498042915341
 10
86.273462505682
 20
104.298042915342
 10
85.841462505684
 20
104.298042915342
 10
84.225462505684
 20
104.298042915342
 10
84.113462505683
 20
104.298042915342
 10
84.113462505683
 20
104.498042915341
 10
83.809462505682
 20
104.498042915341
 10
83.809462505682
 20
104.298042915342
 10
83.377462505684
 20
104.298042915342
 10
81.68146250568401
 20
104.298042915342
 10
81.24946250568299
 20
104.298042915342
 10
81.24946250568299
 20
104.498042915341
 10
79.31841456514499
 20
104.498042915341
 10
79.30096481679401
 20
104.49773832885
 10
79.283536328273
 20
104.496824940471
 10
79.266150333512
 20
104.495303863025
 10
79.24882801466501
 20
104.493176949712
 10
79.23159047631199
 20
104.490446791847
 10
79.21445871973699
 20
104.487116715708
 10
79.197453617346
 20
104.483190778479
 10
79.18059588723699
 20
104.47867376331
 10
79.163906067958
 20
104.473571173488
 10
79.147404493483
 20
104.467889225734
 10
79.13111126843701
 20
104.461634842624
 10
79.11504624360699
 20
104.454815644162
 10
79.099228991751
 20
104.44743993849
 10
79.08367878375201
 20
104.43951671177
 10
79.06841456514499
 20
104.431055617233
 10
79.053454933029
 20
104.422066963419
 10
79.03881811341
 20
104.412561701618
 10
79.024521938999
 20
104.402551412528
 10
79.01058382748299
 20
104.392048292144
 10
78.99702076030201
 20
104.3810651369
 10
78.983849261966
 20
104.36961532808
 10
78.971085379916
 20
104.35771281551
 10
78.95874466497599
 20
104.34537210057
 10
78.946842152407
 20
104.33260821852
 10
78.935392343586
 20
104.319436720184
 10
78.924409188342
 20
104.305873653004
 10
78.91390606795799
 20
104.291935541487
 10
78.903895778868
 20
104.277639367076
 10
78.89439051706701
 20
104.263002547457
 10
78.885401863253
 20
104.248042915341
 10
78.876940768716
 20
104.232778696734
 10
78.869017541996
 20
104.217228488735
 10
78.86164183632399
 20
104.201411236879
 10
78.854822637862
 20
104.185346212049
 10
78.848568254752
 20
104.169052987004
 10
78.84288630699799
 20
104.152551412528
 10
78.837783717176
 20
104.135861593249
 10
78.83326670200699
 20
104.119003863141
 10
78.82934076477801
 20
104.10199876075
 10
78.826010688639
 20
104.084867004174
 10
78.823280530775
 20
104.067629465821
 10
78.82115361746101
 20
104.050307146975
 10
78.81963254001501
 20
104.032921152213
 10
78.818719151636
 20
104.015492663692
 10
78.81841456514499
 20
103.998042915341
 10
78.81841456514499
 20
102.998042915341
 10
78.818109978655
 20
102.98059316699
 10
78.817196590275
 20
102.963164678469
 10
78.81567551283001
 20
102.945778683707
 10
78.81354859951599
 20
102.928456364861
 10
78.81081844165099
 20
102.911218826507
 10
78.807488365512
 20
102.894087069932
 10
78.803562428283
 20
102.877081967541
 10
78.799045413115
 20
102.860224237432
 10
78.79394282329299
 20
102.843534418153
 10
78.788260875538
 20
102.827032843678
 10
78.782006492429
 20
102.810739618633
 10
78.77518729396699
 20
102.794674593803
 10
78.767811588295
 20
102.778857341946
 10
78.75988836157501
 20
102.763307133948
 10
78.75142726703799
 20
102.748042915341
 10
78.74243861322399
 20
102.733083283224
 10
78.732933351423
 20
102.718446463605
 10
78.72292306233299
 20
102.704150289195
 10
78.712419941949
 20
102.690212177678
 10
78.701436786705
 20
102.676649110498
 10
78.68998697788398
 20
102.663477612161
 10
78.67808446531499
 20
102.650713730111
 10
78.665743750375
 20
102.638373015172
 10
78.65297986832501
 20
102.626470502602
 10
78.639808369989
 20
102.615020693781
 10
78.626245302808
 20
102.604037538537
 10
78.612307191292
 20
102.593534418153
 10
78.598011016881
 20
102.583524129063
 10
78.58337419726201
 20
102.574018867263
 10
78.56841456514499
 20
102.565030213449
 10
78.553150346538
 20
102.556569118911
 10
78.53760013854
 20
102.548645892191
 10
78.521782886683
 20
102.54127018652
 10
78.505717861853
 20
102.534450988057
 10
78.48942463680801
 20
102.528196604948
 10
78.47292306233299
 20
102.522514657193
 10
78.456233243054
 20
102.517412067372
 10
78.43937551294501
 20
102.512895052203
 10
78.42237041055399
 20
102.508969114974
 10
78.405238653979
 20
102.505639038835
 10
78.388001115625
 20
102.50290888097
 10
78.370678796779
 20
102.500781967657
 10
78.35329280201701
 20
102.499260890211
 10
78.335864313497
 20
102.498347501831
 10
78.31841456514499
 20
102.498042915341
 10
111.908414565146
 20
102.498042915341
 10
111.925864313497
 20
102.498347501831
 10
111.943292802018
 20
102.499260890211
 10
111.960678796779
 20
102.500781967657
 10
111.978001115626
 20
102.50290888097
 10
111.995238653979
 20
102.505639038835
 10
112.012370410554
 20
102.508969114974
 10
112.029375512945
 20
102.512895052203
 10
112.046233243054
 20
102.517412067372
 10
112.062923062333
 20
102.522514657193
 10
112.079424636808
 20
102.528196604948
 10
112.095717861854
 20
102.534450988057
 10
112.111782886683
 20
102.54127018652
 10
112.1276001385399
 20
102.548645892191
 10
112.143150346538
 20
102.556569118911
 10
112.158414565146
 20
102.565030213449
 10
112.173374197262
 20
102.574018867263
 10
112.188011016881
 20
102.583524129063
 10
112.202307191292
 20
102.593534418153
 10
112.216245302808
 20
102.604037538537
 10
112.229808369989
 20
102.615020693781
 10
112.242979868325
 20
102.626470502602
 10
112.255743750375
 20
102.638373015172
 10
112.268084465315
 20
102.650713730111
 10
112.279986977884
 20
102.663477612161
 10
112.291436786705
 20
102.676649110498
 10
112.302419941949
 20
102.690212177678
 10
112.312923062333
 20
102.704150289195
 10
112.322933351423
 20
102.718446463605
 10
112.332438613224
 20
102.733083283224
 10
112.341427267038
 20
102.748042915341
 10
112.349888361575
 20
102.763307133948
 10
112.357811588295
 20
102.778857341946
 10
112.365187293967
 20
102.794674593803
 10
112.372006492429
 20
102.810739618633
 10
112.378260875538
 20
102.827032843678
 10
112.383942823293
 20
102.843534418153
 10
112.389045413115
 20
102.860224237432
 10
112.393562428284
 20
102.877081967541
 10
112.397488365512
 20
102.894087069932
 10
112.400818441652
 20
102.911218826507
 10
112.403548599516
 20
102.928456364861
 10
112.40567551283
 20
102.945778683707
 10
112.407196590275
 20
102.963164678469
 10
112.408109978655
 20
102.98059316699
 10
112.408414565146
 20
102.998042915341
 10
112.408414565146
 20
103.598042915341
 10
112.408719151636
 20
103.615492663692
 10
112.409632540016
 20
103.632921152213
 10
112.411153617461
 20
103.650307146975
 10
112.413280530775
 20
103.667629465821
 10
112.416010688639
 20
103.684867004175
 10
112.419340764779
 20
103.70199876075
 10
112.423266702008
 20
103.719003863141
 10
112.427783717176
 20
103.73586159325
 10
112.432886306998
 20
103.752551412529
 10
112.438568254753
 20
103.769052987004
 10
112.444822637862
 20
103.785346212049
 10
112.451641836324
 20
103.801411236879
 10
112.459017541996
 20
103.817228488736
 10
112.466940768716
 20
103.832778696734
 10
112.475401863253
 20
103.848042915341
 10
112.484390517067
 20
103.863002547458
 10
112.493895778868
 20
103.877639367077
 10
112.503906067958
 20
103.891935541487
 10
112.514409188342
 20
103.905873653004
 10
112.525392343586
 20
103.919436720184
 10
112.536842152407
 20
103.932608218521
 10
112.548744664976
 20
103.945372100571
 10
112.561085379916
 20
103.957712815511
 10
112.573849261966
 20
103.96961532808
 10
112.587020760302
 20
103.981065136901
 10
112.600583827483
 20
103.992048292145
 10
112.614521938999
 20
104.002551412529
 10
112.62881811341
 20
104.012561701619
 10
112.643454933029
 20
104.022066963419
 10
112.658414565146
 20
104.031055617233
 10
112.673678783753
 20
104.039516711771
 10
112.689228991751
 20
104.047439938491
 10
112.705046243608
 20
104.054815644163
 10
112.721111268438
 20
104.061634842625
 10
112.737404493483
 20
104.067889225734
 10
112.753906067958
 20
104.073571173489
 10
112.770595887237
 20
104.07867376331
 10
112.787453617346
 20
104.083190778479
 10
112.804458719737
 20
104.087116715708
 10
112.821590476312
 20
104.090446791847
 10
112.838828014665
 20
104.093176949712
 10
112.856150333512
 20
104.095303863025
 10
112.873536328273
 20
104.096824940471
 10
112.890964816794
 20
104.097738328851
 10
112.908414565146
 20
104.098042915341
 10
113.208414565147
 20
104.098042915341
 10
113.225864313498
 20
104.097738328851
 10
113.243292802019
 20
104.096824940471
 10
113.26067879678
 20
104.095303863025
 10
113.278001115627
 20
104.093176949712
 10
113.29523865398
 20
104.090446791847
 10
113.312370410556
 20
104.087116715708
 10
113.329375512946
 20
104.083190778479
 10
113.346233243055
 20
104.07867376331
 10
113.362923062334
 20
104.073571173489
 10
113.379424636809
 20
104.067889225734
 10
113.395717861855
 20
104.061634842625
 10
113.411782886685
 20
104.054815644163
 10
113.427600138541
 20
104.047439938491
 10
113.44315034654
 20
104.039516711771
 10
113.458414565147
 20
104.031055617233
 10
113.473374197263
 20
104.022066963419
 10
113.488011016882
 20
104.012561701619
 10
113.502307191293
 20
104.002551412529
 10
113.516245302809
 20
103.992048292145
 10
113.52980836999
 20
103.981065136901
 10
113.542979868326
 20
103.96961532808
 10
113.555743750376
 20
103.957712815511
 10
113.568084465316
 20
103.945372100571
 10
113.579986977885
 20
103.932608218521
 10
113.591436786706
 20
103.919436720184
 10
113.60241994195
 20
103.905873653004
 10
113.612923062334
 20
103.891935541487
 10
113.622933351424
 20
103.877639367077
 10
113.632438613225
 20
103.863002547458
 10
113.641427267039
 20
103.848042915341
 10
113.649888361576
 20
103.832778696734
 10
113.657811588296
 20
103.817228488736
 10
113.665187293968
 20
103.801411236879
 10
113.67200649243
 20
103.785346212049
 10
113.67826087554
 20
103.769052987004
 10
113.683942823294
 20
103.752551412529
 10
113.689045413116
 20
103.73586159325
 10
113.693562428285
 20
103.719003863141
 10
113.697488365514
 20
103.70199876075
 10
113.700818441653
 20
103.684867004175
 10
113.703548599517
 20
103.667629465821
 10
113.705675512831
 20
103.650307146975
 10
113.707196590277
 20
103.632921152213
 10
113.708109978656
 20
103.615492663692
 10
113.708414565147
 20
103.598042915341
 10
113.708414565147
 20
102.998042915341
 10
113.708719151637
 20
102.98059316699
 10
113.709632540017
 20
102.963164678469
 10
113.711153617462
 20
102.945778683707
 10
113.713280530776
 20
102.928456364861
 10
113.716010688641
 20
102.911218826507
 10
113.71934076478
 20
102.894087069932
 10
113.723266702009
 20
102.877081967541
 10
113.727783717177
 20
102.860224237432
 10
113.732886306999
 20
102.843534418153
 10
113.738568254754
 20
102.827032843678
 10
113.744822637863
 20
102.810739618633
 10
113.751641836325
 20
102.794674593803
 10
113.759017541997
 20
102.778857341946
 10
113.766940768717
 20
102.763307133948
 10
113.775401863254
 20
102.748042915341
 10
113.784390517068
 20
102.733083283224
 10
113.793895778869
 20
102.718446463605
 10
113.803906067959
 20
102.704150289195
 10
113.814409188343
 20
102.690212177678
 10
113.825392343587
 20
102.676649110498
 10
113.836842152408
 20
102.663477612161
 10
113.848744664977
 20
102.650713730111
 10
113.861085379917
 20
102.638373015172
 10
113.873849261967
 20
102.626470502602
 10
113.887020760303
 20
102.615020693781
 10
113.900583827484
 20
102.604037538537
 10
113.914521939
 20
102.593534418153
 10
113.928818113411
 20
102.583524129063
 10
113.94345493303
 20
102.574018867263
 10
113.958414565147
 20
102.565030213449
 10
113.973678783754
 20
102.556569118911
 10
113.989228991752
 20
102.548645892191
 10
114.005046243609
 20
102.54127018652
 10
114.021111268439
 20
102.534450988057
 10
114.037404493484
 20
102.528196604948
 10
114.053906067959
 20
102.522514657193
 10
114.070595887238
 20
102.517412067372
 10
114.087453617347
 20
102.512895052203
 10
114.104458719738
 20
102.508969114974
 10
114.121590476313
 20
102.505639038835
 10
114.138828014667
 20
102.50290888097
 10
114.156150333513
 20
102.500781967657
 10
114.173536328275
 20
102.499260890211
 10
114.190964816795
 20
102.498347501831
 10
114.208414565147
 20
102.498042915341
 10
119.018414565146
 20
102.498042915341
 10
119.018414565146
 20
104.498042915341
  0
LWPOLYLINE
  5
A002
330
1F
100
AcDbEntity
  8
S27_Grau_13
 62
   151
100
AcDbPolyline
 90
      458
 70
     1
 43
0.0
 10
65.01841456514499
 20
111.133143054927
 10
65.01829090552499
 20
111.131323048009
 10
65.017920079582
 20
111.129505291704
 10
65.01730254587799
 20
111.127692033844
 10
65.01643906805199
 20
111.125885516695
 10
65.01533071387901
 20
111.12408797419
 10
65.013978853944
 20
111.122301629164
 10
65.012385159953
 20
111.120528690604
 10
65.01055160266099
 20
111.118771350919
 10
65.008480449438
 20
111.117031783229
 10
65.006174261466
 20
111.115312138675
 10
65.003635890566
 20
111.113614543766
 10
65.00086847567799
 20
111.111941097738
 10
64.99787543897899
 20
111.110293869971
 10
64.994660481644
 20
111.108674897419
 10
64.99122757927899
 20
111.107086182097
 10
64.98758097699701
 20
111.105529688606
 10
64.983725184173
 20
111.104007341698
 10
64.97966496886599
 20
111.102521023902
 10
64.97540535192199
 20
111.101072573194
 10
64.97095160076701
 20
111.099663780722
 10
64.966309222894
 20
111.098296388593
 10
64.96148395904899
 20
111.096972087719
 10
64.956481776136
 20
111.095692515725
 10
64.951308859833
 20
111.094459254926
 10
64.945971606951
 20
111.093273830368
 10
64.940476617515
 20
111.092137707941
 10
64.93483068660999
 20
111.09105229257
 10
64.92904079597
 20
111.090018926476
 10
64.92311410535499
 20
111.089038887515
 10
64.91705794368499
 20
111.0881133876
 10
64.91087979998801
 20
111.087243571201
 10
64.90458731413399
 20
111.086430513929
 10
64.89818826738499
 20
111.085675221208
 10
64.891690572779
 20
111.084978627029
 10
64.88510226534099
 20
111.084341592799
 10
64.878431492145
 20
111.083764906272
 10
64.87168650224599
 20
111.083249280576
 10
64.86487563647199
 20
111.082795353331
 10
64.858007317114
 20
111.082403685863
 10
64.85109003750899
 20
111.082074762506
 10
64.844132351539
 20
111.081808990005
 10
64.83714286305199
 20
111.081606697014
 10
64.830130215223
 20
111.081468133688
 10
64.823103079866
 20
111.081393471372
 10
64.81607014670901
 20
111.081382802396
 10
64.80904011265099
 20
111.08143613995
 10
64.802021671006
 20
111.081553418079
 10
64.795023500751
 20
111.081734491758
 10
64.788054255797
 20
111.08197913707
 10
64.78112255428701
 20
111.082287051488
 10
64.774236967936
 20
111.082657854247
 10
64.76740601143299
 20
111.083091086814
 10
64.76063813191399
 20
111.083586213454
 10
64.753941698513
 20
111.084142621896
 10
64.747324992014
 20
111.084759624087
 10
64.74079619461099
 20
111.085436457045
 10
64.73436337978999
 20
111.086172283801
 10
64.728034502345
 20
111.086966194434
 10
64.721817388543
 20
111.087817207197
 10
64.715719726442
 20
111.088724269731
 10
64.709749056389
 20
111.089686260366
 10
64.703912761691
 20
111.090701989508
 10
64.698218059488
 20
111.091770201111
 10
64.69267199182699
 20
111.092889574227
 10
64.687281416955
 20
111.094058724644
 10
64.682053000835
 20
111.095276206596
 10
64.676993208908
 20
111.096540514549
 10
64.672108298093
 20
111.097850085064
 10
64.66740430905099
 20
111.099203298732
 10
64.662887058719
 20
111.100598482173
 10
64.65856213310999
 20
111.102033910109
 10
64.65443488041099
 20
111.103507807495
 10
64.650510404367
 20
111.105018351716
 10
64.64679355797
 20
111.106563674837
 10
64.643288937459
 20
111.10814186592
 10
64.64000087663399
 20
111.109750973377
 10
64.636933441498
 20
111.111389007394
 10
64.63409042523001
 20
111.113053942383
 10
64.63147534349301
 20
111.114743719493
 10
64.629091430087
 20
111.116456249151
 10
64.626941632951
 20
111.118189413649
 10
64.625028610515
 20
111.119941069764
 10
64.623354728416
 20
111.121709051403
 10
64.62192205657
 20
111.123491172287
 10
64.62073236661399
 20
111.125285228653
 10
64.619787129713
 20
111.127089001977
 10
64.619087514744
 20
111.12890026172
 10
64.618634386848
 20
111.130716768085
 10
64.618428306362
 20
111.132536274787
 10
64.618469528123
 20
111.13435653183
 10
64.618758001158
 20
111.136175288293
 10
64.61929336874099
 20
111.137990295108
 10
64.62007496883899
 20
111.139799307844
 10
64.621101834928
 20
111.141600089483
 10
64.62237269719
 20
111.143390413185
 10
64.62388598408001
 20
111.145168065043
 10
64.625639824275
 20
111.146930846819
 10
64.62763204898199
 20
111.148676578664
 10
64.629860194624
 20
111.150403101812
 10
64.632321505884
 20
111.152108281252
 10
64.63501293911399
 20
111.153790008365
 10
64.63793116609799
 20
111.155446203534
 10
64.64107257816699
 20
111.157074818715
 10
64.644433290664
 20
111.158673839967
 10
64.648009147743
 20
111.160241289947
 10
64.65179572751501
 20
111.161775230353
 10
64.655788347507
 20
111.163273764319
 10
64.659982070463
 20
111.164735038765
 10
64.66437171044001
 20
111.166157246684
 10
64.668951839225
 20
111.167538629378
 10
64.67371679305
 20
111.168877478636
 10
64.67866067959
 20
111.170172138841
 10
64.68377738525299
 20
111.171421009022
 10
64.689060582742
 20
111.17262254483
 10
64.69450373887399
 20
111.173775260451
 10
64.700100122663
 20
111.174877730441
 10
64.705842813642
 20
111.1759285914899
 10
64.71172471042099
 20
111.176926544106
 10
64.71773853946901
 20
111.177870354227
 10
64.72387686410799
 20
111.178758854739
 10
64.73013209370799
 20
111.179590946926
 10
64.73649649307801
 20
111.180365601827
 10
64.742962192024
 20
111.181081861505
 10
64.749521195089
 20
111.181738840238
 10
64.756165391432
 20
111.182335725607
 10
64.762886564868
 20
111.182871779506
 10
64.769676404018
 20
111.183346339053
 10
64.776526512592
 20
111.183758817411
 10
64.783428419773
 20
111.184108704508
 10
64.790373590689
 20
111.184395567677
 10
64.797353436967
 20
111.184619052183
 10
64.80435932735601
 20
111.184778881667
 10
64.81138259839901
 20
111.184874858483
 10
64.81841456514499
 20
111.184906863948
 10
64.818414565146
 20
111.081379245907
 10
64.118414565146
 20
111.081379245907
 10
64.111276098378
 20
111.081346263336
 10
64.10414672850601
 20
111.081247357654
 10
64.09703554083299
 20
111.081082654902
 10
64.089951597492
 20
111.080852364968
 10
64.08290392589501
 20
111.080556781323
 10
64.07590150723599
 20
111.080196280642
 10
64.06895326503501
 20
111.079771322329
 10
64.062068053778
 20
111.079282447929
 10
64.055254647623
 20
111.078730280439
 10
64.04852172922599
 20
111.078115523513
 10
64.041877878673
 20
111.077438960565
 10
64.03533156254599
 20
111.076701453773
 10
64.028891123134
 20
111.075903942977
 10
64.02256476780199
 20
111.075047444484
 10
64.016360558534
 20
111.074133049772
 10
64.01028640165499
 20
111.073161924098
 10
64.004350037759
 20
111.072135305015
 10
63.99855903184399
 20
111.071054500795
 10
63.99292076366999
 20
111.069920888758
 10
63.987442418357
 20
111.068735913521
 10
63.982130977228
 20
111.067501085156
 10
63.97699320890899
 20
111.066217977265
 10
63.97203566071
 20
111.064888224975
 10
63.967264650276
 20
111.063513522853
 10
63.962686257536
 20
111.062095622751
 10
63.958306316962
 20
111.060636331566
 10
63.95413041012201
 20
111.059137508945
 10
63.95016385858
 20
111.05760106491
 10
63.946411717105
 20
111.056028957427
 10
63.942878767233
 20
111.054423189908
 10
63.939569511174
 20
111.052785808662
 10
63.936488166076
 20
111.051118900284
 10
63.933638658644
 20
111.049424588995
 10
63.931024620147
 20
111.047705033939
 10
63.92864938177901
 20
111.045962426429
 10
63.92651597042401
 20
111.044198987154
 10
63.92462710479
 20
111.042416963351
 10
63.922985191952
 20
111.040618625939
 10
63.921592324279
 20
111.038806266628
 10
63.92045027676999
 20
111.036982194996
 10
63.919560504792
 20
111.035148735544
 10
63.918924142224
 20
111.033308224741
 10
63.918542000015
 20
111.031463008039
 10
63.918414565146
 20
111.029615436887
 10
63.918414565146
 20
110.81930520023
 10
63.918414565146
 20
110.832912962608
 10
63.918105416096
 20
110.828362945311
 10
63.917178351238
 20
110.823818554549
 10
63.91563451697699
 20
110.819285409898
 10
63.913475822413
 20
110.814769117026
 10
63.91070493697899
 20
110.810275260765
 10
63.907325287142
 20
110.8058093982
 10
63.903341052164
 20
110.8013770518
 10
63.898757158934
 20
110.796983702587
 10
63.89357927587799
 20
110.792634783361
 10
63.887813805946
 20
110.788335671978
 10
63.881467878696
 20
110.784091684703
 10
63.874549341478
 20
110.779908069635
 10
63.867066749729
 20
110.775790000216
 10
63.859029356393
 20
110.771742568836
 10
63.85044710048
 20
110.767770780532
 10
63.841330594775
 20
110.763879546803
 10
63.831691112715
 20
110.760073679533
 10
63.821540574447
 20
110.756357885045
 10
63.810891532087
 20
110.752736758274
 10
63.799757154201
 20
110.749214777093
 10
63.788151209518
 20
110.74579629677
 10
63.77608804990599
 20
110.742485544585
 10
63.763582592621
 20
110.739286614602
 10
63.75065030186499
 20
110.736203462605
 10
63.737307169659
 20
110.733239901208
 10
63.723569696071
 20
110.73039959514
 10
63.709454868806
 20
110.727686056713
 10
63.694980142208
 20
110.725102641478
 10
63.68016341566899
 20
110.722652544077
 10
63.665023011495
 20
110.72033879429
 10
63.649577652253
 20
110.718164253292
 10
63.63384643761599
 20
110.716131610112
 10
63.617848820744
 20
110.714243378308
 10
63.60160458423
 20
110.712501892862
 10
63.585133815634
 20
110.710909307287
 10
63.56845688264599
 20
110.709467590969
 10
63.55159440789799
 20
110.708178526728
 10
63.534567243463
 20
110.707043708617
 10
63.51739644506699
 20
110.706064539947
 10
63.500103246055
 20
110.705242231554
 10
63.48270903113
 20
110.704577800302
 10
63.465235309913
 20
110.704072067825
 10
63.44770369034099
 20
110.703725659508
 10
63.430135851947
 20
110.70353900372
 10
63.412553519055
 20
110.703512331278
 10
63.394978433911
 20
110.703645675164
 10
63.377432329797
 20
110.703938870488
 10
63.35993690416
 20
110.704391554683
 10
63.342513791776
 20
110.705003167963
 10
63.325184538
 20
110.70577295401
 10
63.307970572121
 20
110.706699960907
 10
63.29089318086499
 20
110.707783042324
 10
63.273973482068
 20
110.709020858924
 10
63.25723239856499
 20
110.710411880029
 10
63.240690632317
 20
110.711954385507
 10
63.22436863881
 20
110.713646467902
 10
63.208286601757
 20
110.715486034791
 10
63.192464408146
 20
110.717470811373
 10
63.17692162364
 20
110.719598343281
 10
63.161677468388
 20
110.721865999616
 10
63.146750793255
 20
110.724270976204
 10
63.13216005651
 20
110.726810299059
 10
63.117923301002
 20
110.729480828066
 10
63.10405813185
 20
110.732279260856
 10
63.090581694669
 20
110.7352021369
 10
63.077510654371
 20
110.73824584178
 10
63.064861174552
 20
110.741406611661
 10
63.05264889751399
 20
110.744680537949
 10
63.04088892491
 20
110.748063572118
 10
63.02959579907899
 20
110.75155153072
 10
63.01878348505599
 20
110.75514010056
 10
63.008465353309
 20
110.758824844026
 10
62.99865416319999
 20
110.762601204578
 10
62.989362047208
 20
110.766464512382
 10
62.98060049593001
 20
110.770409990088
 10
62.97238034386699
 20
110.774432758732
 10
62.964711756027
 20
110.778527843774
 10
62.957604215357
 20
110.782690181247
 10
62.95106651101499
 20
110.786914624021
 10
62.94510672750099
 20
110.791195948166
 10
62.93973223466
 20
110.795528859412
 10
62.934949678571
 20
110.799907999698
 10
62.930764973323
 20
110.804327953796
 10
62.92718329370799
 20
110.808783256007
 10
62.92420906881699
 20
110.813268396921
 10
62.921845976564
 20
110.817777830231
 10
62.920096939142
 20
110.822305979588
 10
62.918964119403
 20
110.8268472455
 10
62.91844891818699
 20
110.831396012255
 10
62.91855197259099
 20
110.835946654865
 10
62.919273155177
 20
110.840493546022
 10
62.920611574135
 20
110.845031063059
 10
62.92256557438001
 20
110.849553594899
 10
62.925132739602
 20
110.854055548996
 10
62.92830989525699
 20
110.858531358251
 10
62.932093112483
 20
110.862975487896
 10
62.93647771297099
 20
110.867382442336
 10
62.941458274738
 20
110.871746771948
 10
62.947028638843
 20
110.876063079819
 10
62.95318191699199
 20
110.880326028419
 10
62.959910500067
 20
110.884530346202
 10
62.967206067526
 20
110.888670834125
 10
62.9750595977
 20
110.892742372076
 10
62.983461378941
 20
110.896739925206
 10
62.99240102164
 20
110.900658550157
 10
63.001867471069
 20
110.904493401171
 10
63.011849021051
 20
110.908239736087
 10
63.02233332844
 20
110.911892922202
 10
63.03330742838199
 20
110.915448441998
 10
63.044757750346
 20
110.918901898734
 10
63.05667013490699
 20
110.922249021879
 10
63.06902985125599
 20
110.925485672392
 10
63.081821615415
 20
110.928607847843
 10
63.095029609137
 20
110.931611687364
 10
63.108637499467
 20
110.934493476416
 10
63.122628458939
 20
110.937249651391
 10
63.136985186386
 20
110.939876804013
 10
63.151689928334
 20
110.942371685555
 10
63.16672450095399
 20
110.944731210856
 10
63.182070312551
 20
110.946952462136
 10
63.19770838655401
 20
110.949032692605
 10
63.21361938497699
 20
110.950969329856
 10
63.22978363234299
 20
110.952759979052
 10
63.246181140004
 20
110.954402425883
 10
63.262791630863
 20
110.955894639306
 10
63.27959456445199
 20
110.957234774054
 10
63.296569162326
 20
110.958421172923
 10
63.31369443376299
 20
110.959452368815
 10
63.330949201716
 20
110.960327086559
 10
63.348312129005
 20
110.961044244481
 10
63.3657617447
 20
110.961602955746
 10
63.38327647067299
 20
110.962002529456
 10
63.40083464828
 20
110.962242471497
 10
63.418414565146
 20
110.962322485159
 10
63.41841456514799
 20
110.703503440056
 10
62.51841456514399
 20
110.703503440056
 10
62.518414565146
 20
110.962322485159
 10
62.535994482012
 20
110.962242471497
 10
62.553552659619
 20
110.962002529456
 10
62.571067385592
 20
110.961602955746
 10
62.588517001287
 20
110.961044244481
 10
62.605879928576
 20
110.960327086559
 10
62.623134696529
 20
110.959452368815
 10
62.640259967966
 20
110.958421172923
 10
62.65723456584001
 20
110.957234774054
 10
62.674037499429
 20
110.955894639306
 10
62.690647990289
 20
110.954402425883
 10
62.70704549794899
 20
110.952759979052
 10
62.72320974531499
 20
110.950969329856
 10
62.739120743739
 20
110.949032692605
 10
62.754758817741
 20
110.946952462136
 10
62.770104629338
 20
110.944731210856
 10
62.78513920195799
 20
110.942371685555
 10
62.799843943906
 20
110.939876804013
 10
62.814200671353
 20
110.937249651391
 10
62.828191630825
 20
110.934493476416
 10
62.84179952115501
 20
110.931611687364
 10
62.855007514877
 20
110.928607847843
 10
62.867799279036
 20
110.925485672392
 10
62.880158995385
 20
110.922249021879
 10
62.892071379946
 20
110.918901898734
 10
62.90352170191
 20
110.915448441998
 10
62.914495801852
 20
110.911892922202
 10
62.92498010924099
 20
110.908239736087
 10
62.934961659223
 20
110.904493401171
 10
62.94442810865199
 20
110.900658550157
 10
62.953367751351
 20
110.896739925206
 10
62.961769532592
 20
110.892742372076
 10
62.96962306276499
 20
110.888670834125
 10
62.976918630225
 20
110.884530346202
 10
62.98364721329999
 20
110.880326028419
 10
62.989800491449
 20
110.876063079819
 10
62.995370855554
 20
110.871746771948
 10
63.00035141732099
 20
110.867382442336
 10
63.004736017809
 20
110.862975487896
 10
63.008519235035
 20
110.858531358251
 10
63.011696390689
 20
110.854055548996
 10
63.014263555912
 20
110.849553594899
 10
63.01621755615699
 20
110.845031063059
 10
63.017555975115
 20
110.840493546022
 10
63.01827715770099
 20
110.835946654865
 10
63.018380212105
 20
110.831396012255
 10
63.017865010889
 20
110.8268472455
 10
63.01673219115
 20
110.822305979588
 10
63.01498315372699
 20
110.817777830231
 10
63.01262006147499
 20
110.813268396921
 10
63.009645836584
 20
110.808783256007
 10
63.00606415696901
 20
110.804327953796
 10
63.001879451721
 20
110.799907999698
 10
62.997096895632
 20
110.795528859412
 10
62.99172240279101
 20
110.791195948166
 10
62.98576261927699
 20
110.786914624021
 10
62.97922491493499
 20
110.782690181247
 10
62.97211737426501
 20
110.778527843774
 10
62.964448786425
 20
110.774432758732
 10
62.956228634361
 20
110.770409990088
 10
62.947467083084
 20
110.766464512382
 10
62.93817496709199
 20
110.762601204578
 10
62.928363776983
 20
110.758824844026
 10
62.918045645235
 20
110.75514010056
 10
62.907233331213
 20
110.75155153072
 10
62.895940205382
 20
110.748063572118
 10
62.88418023277799
 20
110.744680537949
 10
62.871967955739
 20
110.741406611661
 10
62.859318475921
 20
110.73824584178
 10
62.846247435622
 20
110.7352021369
 10
62.832770998441
 20
110.732279260856
 10
62.81890582928999
 20
110.729480828066
 10
62.80466907378199
 20
110.726810299059
 10
62.790078337037
 20
110.724270976204
 10
62.775151661903
 20
110.721865999616
 10
62.75990750665201
 20
110.719598343281
 10
62.74436472214599
 20
110.717470811373
 10
62.728542528535
 20
110.715486034791
 10
62.71246049148199
 20
110.713646467902
 10
62.696138497974
 20
110.711954385507
 10
62.679596731727
 20
110.710411880029
 10
62.662855648224
 20
110.709020858924
 10
62.645935949427
 20
110.707783042324
 10
62.62885855817
 20
110.706699960907
 10
62.611644592292
 20
110.70577295401
 10
62.594315338516
 20
110.705003167963
 10
62.576892226132
 20
110.704391554683
 10
62.559396800495
 20
110.703938870488
 10
62.541850696381
 20
110.703645675164
 10
62.52427561123599
 20
110.703512331278
 10
62.506693278344
 20
110.70353900372
 10
62.489125439951
 20
110.703725659508
 10
62.47159382037899
 20
110.704072067825
 10
62.454120099162
 20
110.704577800302
 10
62.436725884237
 20
110.705242231554
 10
62.419432685224
 20
110.706064539947
 10
62.402261886829
 20
110.707043708617
 10
62.385234722393
 20
110.708178526728
 10
62.368372247646
 20
110.709467590969
 10
62.351695314658
 20
110.710909307287
 10
62.335224546062
 20
110.712501892862
 10
62.318980309547
 20
110.714243378308
 10
62.302982692676
 20
110.716131610112
 10
62.28725147803899
 20
110.718164253292
 10
62.27180611879699
 20
110.72033879429
 10
62.256665714623
 20
110.722652544077
 10
62.24184898808299
 20
110.725102641478
 10
62.227374261485
 20
110.727686056713
 10
62.213259434221
 20
110.73039959514
 10
62.199521960632
 20
110.733239901208
 10
62.186178828427
 20
110.736203462605
 10
62.173246537671
 20
110.739286614602
 10
62.160741080386
 20
110.742485544585
 10
62.148677920774
 20
110.74579629677
 10
62.137071976091
 20
110.749214777093
 10
62.125937598205
 20
110.752736758274
 10
62.115288555845
 20
110.756357885045
 10
62.10513801757699
 20
110.760073679533
 10
62.09549853551699
 20
110.763879546803
 10
62.086382029812
 20
110.767770780532
 10
62.077799773899
 20
110.771742568836
 10
62.069762380563
 20
110.775790000216
 10
62.062279788814
 20
110.779908069635
 10
62.055361251596
 20
110.784091684703
 10
62.049015324346
 20
110.788335671978
 10
62.04324985441399
 20
110.792634783361
 10
62.038071971358
 20
110.796983702587
 10
62.033488078128
 20
110.8013770518
 10
62.02950384314999
 20
110.8058093982
 10
62.02612419331299
 20
110.810275260765
 10
62.02335330787899
 20
110.814769117026
 10
62.021194613315
 20
110.819285409898
 10
62.019650779054
 20
110.823818554549
 10
62.01872371419599
 20
110.828362945311
 10
62.018414565146
 20
110.832912962608
 10
62.018414565146
 20
110.81930520023
 10
62.018414565146
 20
107.208295913197
 10
65.018414565146
 20
107.208295913197
 10
65.018414565146
 20
111.119230956568
  0
LWPOLYLINE
  5
A003
330
1F
100
AcDbEntity
  8
S27_Grau_13
 62
   151
100
AcDbPolyline
 90
        4
 70
     1
 43
0.0
 10
89.27093714569201
 20
106.798042915342
 10
66.81841456514499
 20
106.798042915342
 10
66.73181202476801
 20
106.498042915341
 10
89.27093714569201
 20
106.498042915341
  0
LWPOLYLINE
  5
A004
330
1F
100
AcDbEntity
  8
S27_Grau_13
 62
   151
100
AcDbPolyline
 90
        4
 70
     1
 43
0.0
 10
111.723459726236
 20
106.798042915342
 10
89.27093714569201
 20
106.798042915342
 10
89.27093714569201
 20
106.498042915341
 10
111.810062266616
 20
106.498042915341
  0
LWPOLYLINE
  5
A005
330
1F
100
AcDbEntity
  8
S27_Grau_13
 62
   151
100
AcDbPolyline
 90
      184
 70
     1
 43
0.0
 10
63.918414565146
 20
113.552487174555
 10
63.918109978655
 20
113.569936922906
 10
63.917196590276
 20
113.587365411427
 10
63.91567551283
 20
113.604751406189
 10
63.913548599517
 20
113.622073725035
 10
63.910818441652
 20
113.639311263389
 10
63.907488365513
 20
113.656443019964
 10
63.90356242828399
 20
113.673448122355
 10
63.899045413115
 20
113.690305852464
 10
63.893942823293
 20
113.706995671743
 10
63.888260875539
 20
113.723497246218
 10
63.882006492429
 20
113.739790471263
 10
63.875187293967
 20
113.755855496093
 10
63.867811588295
 20
113.77167274795
 10
63.859888361575
 20
113.787222955948
 10
63.85142726703801
 20
113.802487174555
 10
63.84243861322399
 20
113.817446806672
 10
63.83293335142299
 20
113.83208362629
 10
63.822923062333
 20
113.846379800701
 10
63.81241994194899
 20
113.860317912218
 10
63.80143678670499
 20
113.873880979398
 10
63.789986977884
 20
113.887052477734
 10
63.77808446531499
 20
113.899816359785
 10
63.765743750375
 20
113.912157074724
 10
63.752979868325
 20
113.924059587294
 10
63.739808369989
 20
113.935509396115
 10
63.726245302809
 20
113.946492551358
 10
63.712307191292
 20
113.956995671743
 10
63.698011016881
 20
113.967005960833
 10
63.68337419726199
 20
113.976511222633
 10
63.668414565146
 20
113.985499876447
 10
63.653150346539
 20
113.993960970985
 10
63.63760013854
 20
114.001884197705
 10
63.62178288668399
 20
114.009259903376
 10
63.605717861854
 20
114.016079101838
 10
63.589424636809
 20
114.022333484948
 10
63.57292306233301
 20
114.028015432703
 10
63.556233243054
 20
114.033118022524
 10
63.53937551294599
 20
114.037635037693
 10
63.522370410555
 20
114.041560974922
 10
63.50523865397899
 20
114.044891051061
 10
63.48800111562599
 20
114.047621208926
 10
63.47067879678
 20
114.049748122239
 10
63.453292802018
 20
114.051269199685
 10
63.435864313497
 20
114.052182588065
 10
63.418414565146
 20
114.052487174555
 10
62.518414565146
 20
114.052487174555
 10
62.50096481679499
 20
114.052182588065
 10
62.483536328274
 20
114.051269199685
 10
62.46615033351201
 20
114.049748122239
 10
62.44882801466601
 20
114.047621208926
 10
62.431590476313
 20
114.044891051061
 10
62.414458719737
 20
114.041560974922
 10
62.397453617346
 20
114.037635037693
 10
62.380595887238
 20
114.033118022524
 10
62.363906067959
 20
114.028015432703
 10
62.347404493483
 20
114.022333484948
 10
62.33111126843799
 20
114.016079101838
 10
62.31504624360799
 20
114.009259903376
 10
62.299228991752
 20
114.001884197705
 10
62.283678783753
 20
113.993960970985
 10
62.26841456514599
 20
113.985499876447
 10
62.25345493303001
 20
113.976511222633
 10
62.238818113411
 20
113.967005960833
 10
62.224521939
 20
113.956995671743
 10
62.21058382748299
 20
113.946492551358
 10
62.19702076030301
 20
113.935509396115
 10
62.183849261967
 20
113.924059587294
 10
62.171085379917
 20
113.912157074724
 10
62.158744664977
 20
113.899816359785
 10
62.146842152407
 20
113.887052477734
 10
62.135392343587
 20
113.873880979398
 10
62.124409188343
 20
113.860317912218
 10
62.113906067959
 20
113.846379800701
 10
62.103895778869
 20
113.83208362629
 10
62.09439051706801
 20
113.817446806672
 10
62.085401863254
 20
113.802487174555
 10
62.076940768717
 20
113.787222955948
 10
62.06901754199701
 20
113.77167274795
 10
62.06164183632499
 20
113.755855496093
 10
62.054822637863
 20
113.739790471263
 10
62.048568254753
 20
113.723497246218
 10
62.04288630699899
 20
113.706995671743
 10
62.03778371717699
 20
113.690305852464
 10
62.033266702008
 20
113.673448122355
 10
62.02934076477899
 20
113.656443019964
 10
62.02601068864001
 20
113.639311263389
 10
62.02328053077501
 20
113.622073725035
 10
62.021153617462
 20
113.604751406189
 10
62.01963254001601
 20
113.587365411427
 10
62.018719151637
 20
113.569936922906
 10
62.018414565146
 20
113.552487174555
 10
62.018414565146
 20
110.832912962608
 10
62.018719151637
 20
110.828396635402
 10
62.01963254001601
 20
110.823885810645
 10
62.021153617462
 20
110.819385984083
 10
62.02328053077501
 20
110.81490263806
 10
62.02601068864001
 20
110.810441234844
 10
62.02934076477899
 20
110.806007209966
 10
62.033266702008
 20
110.801605965603
 10
62.03778371717699
 20
110.797242863994
 10
62.04288630699899
 20
110.792923220905
 10
62.048568254753
 20
110.788652299157
 10
62.054822637863
 20
110.784435302209
 10
62.06164183632499
 20
110.780277367823
 10
62.06901754199701
 20
110.776183561801
 10
62.076940768717
 20
110.772158871816
 10
62.085401863254
 20
110.768208201332
 10
62.09439051706801
 20
110.764336363632
 10
62.103895778869
 20
110.760548075955
 10
62.113906067959
 20
110.756847953746
 10
62.124409188343
 20
110.753240505032
 10
62.135392343587
 20
110.749730124936
 10
62.146842152408
 20
110.746321090314
 10
62.158744664977
 20
110.74301755455
 10
62.171085379917
 20
110.739823542494
 10
62.183849261967
 20
110.736742945556
 10
62.19702076030301
 20
110.73377951697
 10
62.21058382748299
 20
110.730936867218
 10
62.224521939
 20
110.72821845963
 10
62.238818113411
 20
110.725627606166
 10
62.25345493303001
 20
110.723167463383
 10
62.26841456514599
 20
110.720841028587
 10
62.283678783753
 20
110.718651136178
 10
62.299228991752
 20
110.716600454204
 10
62.31504624360799
 20
110.714691481105
 10
62.33111126843799
 20
110.712926542671
 10
62.347404493483
 20
110.711307789207
 10
62.363906067959
 20
110.709837192915
 10
62.380595887238
 20
110.708516545489
 10
62.397453617346
 20
110.707347455937
 10
62.414458719737
 20
110.706331348612
 10
62.431590476313
 20
110.705469461485
 10
62.44882801466601
 20
110.704762844634
 10
62.466150333513
 20
110.704212358961
 10
62.483536328274
 20
110.703818675149
 10
62.50096481679499
 20
110.703582272841
 10
62.518414565146
 20
110.703503440056
 10
63.41841456514799
 20
110.703503440056
 10
63.435864313497
 20
110.703582272841
 10
63.453292802018
 20
110.703818675149
 10
63.47067879678
 20
110.704212358961
 10
63.48800111562599
 20
110.704762844634
 10
63.50523865397899
 20
110.705469461485
 10
63.522370410555
 20
110.706331348612
 10
63.53937551294599
 20
110.707347455937
 10
63.556233243054
 20
110.708516545489
 10
63.57292306233301
 20
110.709837192915
 10
63.589424636809
 20
110.711307789207
 10
63.605717861854
 20
110.712926542671
 10
63.62178288668399
 20
110.714691481105
 10
63.63760013854
 20
110.716600454204
 10
63.653150346539
 20
110.718651136178
 10
63.668414565146
 20
110.720841028587
 10
63.68337419726199
 20
110.723167463383
 10
63.698011016881
 20
110.725627606166
 10
63.712307191292
 20
110.72821845963
 10
63.726245302809
 20
110.730936867218
 10
63.739808369989
 20
110.733779516971
 10
63.752979868325
 20
110.736742945556
 10
63.765743750375
 20
110.739823542494
 10
63.77808446531499
 20
110.74301755455
 10
63.789986977884
 20
110.746321090314
 10
63.80143678670499
 20
110.749730124936
 10
63.81241994194899
 20
110.753240505032
 10
63.822923062333
 20
110.756847953746
 10
63.83293335142299
 20
110.760548075955
 10
63.84243861322399
 20
110.764336363632
 10
63.85142726703801
 20
110.768208201332
 10
63.859888361575
 20
110.772158871816
 10
63.867811588295
 20
110.776183561801
 10
63.875187293967
 20
110.780277367823
 10
63.882006492429
 20
110.784435302209
 10
63.888260875539
 20
110.788652299157
 10
63.893942823293
 20
110.792923220905
 10
63.899045413115
 20
110.797242863994
 10
63.90356242828399
 20
110.801605965603
 10
63.907488365513
 20
110.806007209966
 10
63.910818441652
 20
110.810441234844
 10
63.913548599517
 20
110.81490263806
 10
63.91567551283
 20
110.819385984083
 10
63.917196590276
 20
110.823885810645
 10
63.918109978655
 20
110.828396635402
 10
63.918414565146
 20
110.832912962608
  0
LWPOLYLINE
  5
A006
330
1F
100
AcDbEntity
  8
S27_Grau_13
 62
   151
100
AcDbPolyline
 90
      410
 70
     1
 43
0.0
 10
65.018414565146
 20
112.396901324768
 10
65.01840627342101
 20
112.398742221606
 10
65.018380709933
 20
112.400615845574
 10
65.01833684220899
 20
112.402522537543
 10
65.01827363777799
 20
112.404462638382
 10
65.01819006416799
 20
112.406436488962
 10
65.01808508890899
 20
112.408444430154
 10
65.01795767952799
 20
112.410486802828
 10
65.01780680355399
 20
112.412563947855
 10
65.01763149465801
 20
112.414676655538
 10
65.017430844866
 20
112.416826927854
 10
65.017203449408
 20
112.419014489757
 10
65.016947854465
 20
112.42123879249
 10
65.01666260621499
 20
112.423499287295
 10
65.01634625083799
 20
112.425795425415
 10
65.01599733451399
 20
112.428126658091
 10
65.015614403421
 20
112.430492436567
 10
65.01519600374
 20
112.432892212085
 10
65.014740681649
 20
112.435325435887
 10
65.01424698332799
 20
112.437791559215
 10
65.013713454957
 20
112.440290033312
 10
65.01313864271401
 20
112.442820309421
 10
65.01252109278
 20
112.445381838782
 10
65.01185935133399
 20
112.44797407264
 10
65.011151964554
 20
112.450596462236
 10
65.010397478621
 20
112.453248458812
 10
65.009594439714
 20
112.455929513612
 10
65.008741394013
 20
112.458639077877
 10
65.007836887696
 20
112.461376602849
 10
65.00687946694299
 20
112.464141539772
 10
65.005867675131
 20
112.466933338953
 10
65.00479838837001
 20
112.46975044287
 10
65.003669535263
 20
112.472589973876
 10
65.002480834465
 20
112.475449265628
 10
65.00123200463
 20
112.478325651783
 10
64.999922764415
 20
112.481216465998
 10
64.998552832472
 20
112.48411904193
 10
64.997121927457
 20
112.487030713234
 10
64.995629768025
 20
112.489948813569
 10
64.99407607283001
 20
112.49287067659
 10
64.99246056052701
 20
112.495793635955
 10
64.99078294977
 20
112.49871502532
 10
64.989042959215
 20
112.501632178342
 10
64.987240307515
 20
112.504542428677
 10
64.985374713327
 20
112.507443109983
 10
64.98344589530301
 20
112.510331555917
 10
64.98145357209999
 20
112.513205100134
 10
64.979397462371
 20
112.516061076292
 10
64.977277284772
 20
112.518896818047
 10
64.975093416302
 20
112.521707455973
 10
64.97284823522701
 20
112.524487618781
 10
64.97054432844899
 20
112.527235160031
 10
64.96818428067701
 20
112.52994795267
 10
64.965770676618
 20
112.532623869646
 10
64.96330610098
 20
112.535260783905
 10
64.96079313847101
 20
112.537856568397
 10
64.9582343738
 20
112.540409096067
 10
64.955632391673
 20
112.542916239864
 10
64.9529897768
 20
112.545375872735
 10
64.95030911388899
 20
112.547785867627
 10
64.947592987646
 20
112.550144097488
 10
64.944843982781
 20
112.552448435266
 10
64.942064684001
 20
112.554696753907
 10
64.93925767601401
 20
112.55688692636
 10
64.936425543528
 20
112.559016825572
 10
64.93357087125101
 20
112.56108432449
 10
64.930696243892
 20
112.563087296062
 10
64.92780476401499
 20
112.565023636523
 10
64.924903640999
 20
112.566892431868
 10
64.92199614847599
 20
112.568694478173
 10
64.91908436450199
 20
112.570430702354
 10
64.916170367131
 20
112.572102031325
 10
64.913256234418
 20
112.573709392003
 10
64.91034404441901
 20
112.575253711303
 10
64.90743587518799
 20
112.57673591614
 10
64.904533804781
 20
112.578156933431
 10
64.901639911251
 20
112.579517690089
 10
64.898756272656
 20
112.580819113032
 10
64.89588496704799
 20
112.582062129174
 10
64.893028072484
 20
112.58324766543
 10
64.89018766701899
 20
112.584376648718
 10
64.887365828706
 20
112.585450005951
 10
64.88456463560201
 20
112.586468664045
 10
64.88178616576099
 20
112.587433549917
 10
64.87903249723899
 20
112.588345590481
 10
64.87630570808899
 20
112.589205712653
 10
64.873607876368
 20
112.590014843348
 10
64.87094108013099
 20
112.590773909482
 10
64.86830739743099
 20
112.591483837971
 10
64.865708859493
 20
112.592145639837
 10
64.863145494046
 20
112.592763100511
 10
64.860616750527
 20
112.593338801365
 10
64.85812260328
 20
112.593874014907
 10
64.855663026648
 20
112.594370013641
 10
64.85323799497599
 20
112.594828070073
 10
64.85084748260701
 20
112.59524945671
 10
64.84849146388601
 20
112.595635446056
 10
64.84616991315601
 20
112.595987310618
 10
64.843882804761
 20
112.596306322902
 10
64.841630113045
 20
112.596593755412
 10
64.83941181235199
 20
112.596850880656
 10
64.837227877025
 20
112.597078971137
 10
64.835078281409
 20
112.597279299364
 10
64.832962999847
 20
112.59745313784
 10
64.830882006683
 20
112.597601759072
 10
64.82883527626199
 20
112.597726435565
 10
64.826822782926
 20
112.597828439826
 10
64.824844501021
 20
112.59790904436
 10
64.822900404889
 20
112.597969521673
 10
64.820990468874
 20
112.59801114427
 10
64.81911466732099
 20
112.598035184657
 10
64.817272974573
 20
112.598042915341
 10
64.082791213137
 20
112.598042915341
 10
64.118414565146
 20
112.598042915341
 10
64.115557505067
 20
112.598063219496
 10
64.112701096774
 20
112.598124064667
 10
64.109845932176
 20
112.598225349915
 10
64.10699260318001
 20
112.598366974303
 10
64.104141701694
 20
112.598548836889
 10
64.101293819625
 20
112.598770836736
 10
64.09844954888
 20
112.599032872904
 10
64.09560948136699
 20
112.599334844454
 10
64.09277420899299
 20
112.599676650448
 10
64.08994432366601
 20
112.600058189946
 10
64.08712041729299
 20
112.600479362008
 10
64.084303081781
 20
112.600940065697
 10
64.08149290903899
 20
112.601440200073
 10
64.078690490973
 20
112.601979664196
 10
64.07589641949001
 20
112.602558357129
 10
64.073111286499
 20
112.603176177931
 10
64.07033568390599
 20
112.603833025664
 10
64.06757020361999
 20
112.604528799388
 10
64.064815437547
 20
112.605263398166
 10
64.06207197759499
 20
112.606036721056
 10
64.059340415671
 20
112.606848667122
 10
64.05662134737799
 20
112.607699132731
 10
64.053915410345
 20
112.608587918597
 10
64.051223150222
 20
112.609514739319
 10
64.048545081011
 20
112.610479311801
 10
64.045881716715
 20
112.611481352946
 10
64.043233571337
 20
112.612520579656
 10
64.04060115888
 20
112.613596708837
 10
64.03798499334699
 20
112.614709457391
 10
64.03538558874
 20
112.61585854222
 10
64.03280345906201
 20
112.61704368023
 10
64.030239118315
 20
112.618264588323
 10
64.027693080503
 20
112.619520983402
 10
64.02516585962899
 20
112.620812582372
 10
64.02265796969401
 20
112.622139102134
 10
64.02016992470199
 20
112.623500259593
 10
64.017702238656
 20
112.624895771652
 10
64.01525542555801
 20
112.626325355215
 10
64.01282999941
 20
112.627788727184
 10
64.010426474217
 20
112.629285604463
 10
64.00804536398
 20
112.630815703956
 10
64.00568718270299
 20
112.632378742566
 10
64.00335244438699
 20
112.633974437196
 10
64.001041666545
 20
112.635602496673
 10
63.998755351704
 20
112.637262520732
 10
63.99649389661899
 20
112.638954084184
 10
63.99425768239801
 20
112.640676771782
 10
63.992047090149
 20
112.642430168283
 10
63.98986250098
 20
112.64421385844
 10
63.987704295998
 20
112.646027427008
 10
63.98557285631199
 20
112.647870458742
 10
63.983468563029
 20
112.649742538396
 10
63.981391797257
 20
112.651643250726
 10
63.979342940105
 20
112.653572180485
 10
63.97732237268001
 20
112.655528912428
 10
63.97533047609
 20
112.657513031311
 10
63.973367631443
 20
112.659524121887
 10
63.971434219846
 20
112.661561768912
 10
63.969530622408
 20
112.663625557139
 10
63.967657220237
 20
112.665715071325
 10
63.965814394441
 20
112.667829896222
 10
63.964002526126
 20
112.669969616587
 10
63.96222199640199
 20
112.672133817173
 10
63.960473186377
 20
112.674322082735
 10
63.958756477157
 20
112.676533998028
 10
63.957072249766
 20
112.678769146034
 10
63.955420845529
 20
112.68102703658
 10
63.953802506891
 20
112.683307161196
 10
63.95221746133501
 20
112.685609031132
 10
63.95066593634901
 20
112.687932157638
 10
63.94914815941699
 20
112.690276051965
 10
63.947664358023
 20
112.692640225363
 10
63.946214759655
 20
112.695024189083
 10
63.944799591796
 20
112.697427454375
 10
63.943419081932
 20
112.69984953249
 10
63.942073457548
 20
112.702289934678
 10
63.94076294613
 20
112.704748172189
 10
63.939487775163
 20
112.707223756274
 10
63.938248172132
 20
112.709716198183
 10
63.937044364522
 20
112.712225009167
 10
63.935876579819
 20
112.714749700477
 10
63.934745045508
 20
112.717289783361
 10
63.933649989074
 20
112.719844769072
 10
63.932591638002
 20
112.722414168859
 10
63.931570219778
 20
112.724997493973
 10
63.930585961887
 20
112.727594255664
 10
63.929639091814
 20
112.730203965183
 10
63.928729837045
 20
112.73282613378
 10
63.927858393656
 20
112.735460242214
 10
63.927024857854
 20
112.738105752481
 10
63.92622930721999
 20
112.740762147312
 10
63.925471819338
 20
112.74342890944
 10
63.924752471791
 20
112.746105521597
 10
63.924071342163
 20
112.748791466516
 10
63.923428508035
 20
112.75148622693
 10
63.922824046992
 20
112.75418928557
 10
63.922258036616
 20
112.756900125168
 10
63.92173055449099
 20
112.759618228459
 10
63.9212416782
 20
112.762343078173
 10
63.920791485325
 20
112.765074157043
 10
63.920380053451
 20
112.767810947802
 10
63.92000746016
 20
112.770552933182
 10
63.919673783035
 20
112.773299595916
 10
63.919379099659
 20
112.776050418735
 10
63.919123487616
 20
112.778804884373
 10
63.918907024489
 20
112.781562475561
 10
63.91872978786
 20
112.784322675033
 10
63.918591855314
 20
112.78708496552
 10
63.918493304432
 20
112.789848829755
 10
63.918434212799
 20
112.79261375047
 10
63.918414565146
 20
112.795379204005
 10
63.918414565146
 20
112.731669137288
 10
63.918414565146
 20
111.043527535246
 10
63.918414565146
 20
111.029615436887
 10
63.918536399743
 20
111.031421967769
 10
63.91890175509499
 20
111.033226297671
 10
63.919510186073
 20
111.035026228296
 10
63.920360951398
 20
111.036819566705
 10
63.921453014544
 20
111.038604127992
 10
63.922785045
 20
111.040377737943
 10
63.92435541989101
 20
111.042138235688
 10
63.926162225959
 20
111.043883476332
 10
63.928203261887
 20
111.045611333567
 10
63.93047604098899
 20
111.047319702267
 10
63.93297779423299
 20
111.049006501046
 10
63.935705473618
 20
111.0506696748
 10
63.93865575588701
 20
111.052307197209
 10
63.941825046575
 20
111.053917073203
 10
63.94520948439
 20
111.055497341397
 10
63.948804945915
 20
111.057046076477
 10
63.952607050635
 20
111.058561391547
 10
63.956611166272
 20
111.060041440431
 10
63.960812414425
 20
111.061484419917
 10
63.965205676523
 20
111.062888571955
 10
63.969785600051
 20
111.064252185804
 10
63.974546605079
 20
111.065573600109
 10
63.97948289105499
 20
111.066851204932
 10
63.984588443875
 20
111.068083443707
 10
63.98985704320899
 20
111.069268815141
 10
63.995282270081
 20
111.070405875042
 10
64.00085751468799
 20
111.071493238078
 10
64.00657598445199
 20
111.072529579463
 10
64.0124307123
 20
111.073513636576
 10
64.01841456514699
 20
111.074444210495
 10
64.024520252589
 20
111.075320167458
 10
64.030740335789
 20
111.076140440248
 10
64.037067236531
 20
111.076904029487
 10
64.043493246463
 20
111.077610004861
 10
64.05001053648099
 20
111.078257506247
 10
64.056611166272
 20
111.078845744764
 10
64.06328709398301
 20
111.079374003734
 10
64.070030186027
 20
111.079841639555
 10
64.076832226983
 20
111.080248082485
 10
64.083684929613
 20
111.080592837335
 10
64.09057994495499
 20
111.080875484076
 10
64.09750887249299
 20
111.081095678345
 10
64.10446327039799
 20
111.08125315187
 10
64.111434665806
 20
111.081347712793
 10
64.118414565147
 20
111.081379245907
 10
64.125394464487
 20
111.081347712793
 10
64.132365859895
 20
111.08125315187
 10
64.13932025779999
 20
111.081095678345
 10
64.146249185339
 20
111.080875484076
 10
64.15314420068
 20
111.080592837335
 10
64.15999690330998
 20
111.080248082485
 10
64.166798944267
 20
111.079841639555
 10
64.17354203630999
 20
111.079374003734
 10
64.18021796402199
 20
111.078845744764
 10
64.18681859381199
 20
111.078257506247
 10
64.19333588383
 20
111.077610004861
 10
64.199761893762
 20
111.076904029487
 10
64.206088794504
 20
111.076140440248
 10
64.212308877704
 20
111.075320167458
 10
64.218414565147
 20
111.074444210495
 10
64.224398417993
 20
111.073513636576
 10
64.230253145841
 20
111.072529579463
 10
64.235971615605
 20
111.071493238078
 10
64.241546860212
 20
111.070405875042
 10
64.246972087084
 20
111.069268815141
 10
64.252240686418
 20
111.068083443707
 10
64.257346239238
 20
111.066851204932
 10
64.26228252521401
 20
111.065573600109
 10
64.267043530242
 20
111.064252185804
 10
64.27162345377
 20
111.062888571955
 10
64.27601671586799
 20
111.061484419917
 10
64.280217964022
 20
111.060041440431
 10
64.28422207965801
 20
111.058561391547
 10
64.288024184378
 20
111.057046076477
 10
64.29161964590299
 20
111.055497341397
 10
64.295004083718
 20
111.053917073203
 10
64.298173374406
 20
111.052307197209
 10
64.30112365667499
 20
111.0506696748
 10
64.30385133606001
 20
111.049006501046
 10
64.306353089304
 20
111.047319702267
 10
64.308625868406
 20
111.045611333567
 10
64.310666904334
 20
111.043883476332
 10
64.312473710402
 20
111.042138235688
 10
64.31404408529299
 20
111.040377737943
 10
64.315376115749
 20
111.038604127992
 10
64.31646817889499
 20
111.036819566705
 10
64.31731894422
 20
111.035026228296
 10
64.31792737519799
 20
111.033226297671
 10
64.31829273055
 20
111.031421967769
 10
64.318414565146
 20
111.029615436886
 10
64.31829273055
 20
111.027808906004
 10
64.31792737519799
 20
111.026004576102
 10
64.31731894422
 20
111.024204645477
 10
64.31646817889499
 20
111.022411307068
 10
64.315376115749
 20
111.020626745781
 10
64.31404408529299
 20
111.01885313583
 10
64.312473710402
 20
111.017092638085
 10
64.310666904334
 20
111.015347397441
 10
64.308625868405
 20
111.013619540206
 10
64.306353089304
 20
111.011911171506
 10
64.30385133606001
 20
111.010224372727
 10
64.30112365667499
 20
111.008561198973
 10
64.298173374406
 20
111.006923676564
 10
64.295004083718
 20
111.00531380057
 10
64.29161964590299
 20
111.003733532376
 10
64.288024184378
 20
111.002184797296
 10
64.284222079657
 20
111.000669482226
 10
64.28021796402099
 20
110.999189433342
 10
64.27601671586799
 20
110.997746453856
 10
64.27162345377
 20
110.996342301818
 10
64.267043530242
 20
110.994978687969
 10
64.26228252521401
 20
110.993657273664
 10
64.257346239238
 20
110.992379668841
 10
64.252240686418
 20
110.991147430066
 10
64.246972087084
 20
110.989962058632
 10
64.241546860211
 20
110.988824998731
 10
64.235971615605
 20
110.987737635695
 10
64.23025314584001
 20
110.98670129431
 10
64.224398417993
 20
110.985717237197
 10
64.21841456514599
 20
110.984786663278
 10
64.21230887770299
 20
110.983910706315
 10
64.206088794504
 20
110.983090433525
 10
64.19976189376099
 20
110.982326844286
 10
64.19333588382901
 20
110.981620868912
 10
64.18681859381099
 20
110.980973367526
 10
64.180217964021
 20
110.980385129009
 10
64.17354203630999
 20
110.979856870039
 10
64.166798944266
 20
110.979389234218
 10
64.15999690330998
 20
110.978982791288
 10
64.15314420068
 20
110.978638036438
 10
64.146249185338
 20
110.978355389697
 10
64.13932025779999
 20
110.978135195428
 10
64.132365859895
 20
110.977977721903
 10
64.125394464487
 20
110.97788316098
 10
64.118414565146
 20
110.977851627866
 10
64.118414565146
 20
111.081379245907
 10
64.818414565146
 20
111.081379245907
 10
64.82539446448599
 20
111.081410779021
 10
64.83236585989399
 20
111.081505339944
 10
64.839320257799
 20
111.081662813469
 10
64.846249185337
 20
111.081883007738
 10
64.853144200679
 20
111.082165654479
 10
64.85999690330899
 20
111.082510409329
 10
64.866798944265
 20
111.082916852259
 10
64.873542036309
 20
111.08338448808
 10
64.88021796401999
 20
111.08391274705
 10
64.886818593811
 20
111.084500985567
 10
64.89333588382899
 20
111.085148486953
 10
64.899761893761
 20
111.085854462327
 10
64.906088794503
 20
111.086618051566
 10
64.91230887770299
 20
111.087438324356
 10
64.91841456514499
 20
111.088314281319
 10
64.924398417992
 20
111.089244855238
 10
64.93025314584001
 20
111.090228912351
 10
64.935971615604
 20
111.091265253736
 10
64.94154686021101
 20
111.092352616772
 10
64.94697208708299
 20
111.093489676673
 10
64.952240686417
 20
111.094675048107
 10
64.95734623923699
 20
111.095907286882
 10
64.962282525213
 20
111.097184891705
 10
64.96704353024099
 20
111.09850630601
 10
64.97162345376899
 20
111.099869919859
 10
64.976016715867
 20
111.101274071897
 10
64.98021796401999
 20
111.102717051383
 10
64.984222079656
 20
111.104197100267
 10
64.988024184377
 20
111.105712415337
 10
64.991619645902
 20
111.107261150417
 10
64.99500408371701
 20
111.108841418611
 10
64.998173374405
 20
111.110451294605
 10
65.001123656674
 20
111.112088817014
 10
65.003851336059
 20
111.113751990768
 10
65.00635308930299
 20
111.115438789547
 10
65.00862586840399
 20
111.117147158247
 10
65.01066690433301
 20
111.118875015482
 10
65.012473710401
 20
111.120620256126
 10
65.014044085292
 20
111.122380753871
 10
65.015376115748
 20
111.124154363822
 10
65.016468178894
 20
111.125938925109
 10
65.017318944219
 20
111.127732263518
 10
65.017927375197
 20
111.129532194143
 10
65.01829273054901
 20
111.131336524045
 10
65.01841456514499
 20
111.133143054927
  0
LWPOLYLINE
  5
A007
330
1F
100
AcDbEntity
  8
S27_Grau_13
 62
   151
100
AcDbPolyline
 90
       48
 70
     1
 43
0.0
 10
75.81841456514499
 20
103.794732035921
 10
75.81841456514499
 20
102.998042915341
 10
75.818719151636
 20
102.98059316699
 10
75.819632540015
 20
102.963164678469
 10
75.82115361746101
 20
102.945778683707
 10
75.82328053077501
 20
102.928456364861
 10
75.826010688639
 20
102.911218826507
 10
75.82934076477801
 20
102.894087069932
 10
75.83326670200699
 20
102.877081967541
 10
75.83778371717599
 20
102.860224237432
 10
75.84288630699799
 20
102.843534418153
 10
75.84856825475199
 20
102.827032843678
 10
75.854822637862
 20
102.810739618633
 10
75.861641836324
 20
102.794674593803
 10
75.869017541996
 20
102.778857341946
 10
75.87694076871599
 20
102.763307133948
 10
75.88540186325301
 20
102.748042915341
 10
75.89439051706701
 20
102.733083283224
 10
75.903895778868
 20
102.718446463605
 10
75.91390606795799
 20
102.704150289195
 10
75.92440918834199
 20
102.690212177678
 10
75.935392343586
 20
102.676649110498
 10
75.946842152407
 20
102.663477612161
 10
75.95874466497599
 20
102.650713730111
 10
75.97108537991601
 20
102.638373015172
 10
75.983849261966
 20
102.626470502602
 10
75.99702076030201
 20
102.615020693781
 10
76.01058382748298
 20
102.604037538537
 10
76.024521938999
 20
102.593534418153
 10
76.03881811341
 20
102.583524129063
 10
76.053454933029
 20
102.574018867263
 10
76.06841456514499
 20
102.565030213449
 10
76.08367878375201
 20
102.556569118911
 10
76.099228991751
 20
102.548645892191
 10
76.115046243607
 20
102.54127018652
 10
76.13111126843701
 20
102.534450988057
 10
76.147404493483
 20
102.528196604948
 10
76.163906067958
 20
102.522514657193
 10
76.18059588723699
 20
102.517412067372
 10
76.197453617346
 20
102.512895052203
 10
76.21445871973699
 20
102.508969114974
 10
76.23159047631199
 20
102.505639038835
 10
76.24882801466501
 20
102.50290888097
 10
76.266150333512
 20
102.500781967657
 10
76.283536328273
 20
102.499260890211
 10
76.30096481679401
 20
102.498347501831
 10
76.31841456514499
 20
102.498042915341
 10
77.11510368572501
 20
102.498042915341
  0
LWPOLYLINE
  5
A008
330
1F
100
AcDbEntity
  8
S27_Grau_13
 62
   151
100
AcDbPolyline
 90
        4
 70
     1
 43
0.0
 10
83.377462505684
 20
104.498042915341
 10
81.68146250568401
 20
104.498042915341
 10
81.68146250568401
 20
104.298042915342
 10
83.377462505684
 20
104.298042915342
  0
LWPOLYLINE
  5
A009
330
1F
100
AcDbEntity
  8
S27_Grau_13
 62
   151
100
AcDbPolyline
 90
        4
 70
     1
 43
0.0
 10
94.097462505683
 20
104.498042915341
 10
92.481462505683
 20
104.498042915341
 10
92.481462505683
 20
104.298042915342
 10
94.097462505683
 20
104.298042915342
  0
LWPOLYLINE
  5
A00A
330
1F
100
AcDbEntity
  8
S27_Grau_13
 62
   151
100
AcDbPolyline
 90
        4
 70
     1
 43
0.0
 10
85.841462505684
 20
104.498042915341
 10
84.225462505684
 20
104.498042915341
 10
84.225462505684
 20
104.298042915342
 10
85.841462505684
 20
104.298042915342
  0
LWPOLYLINE
  5
A00B
330
1F
100
AcDbEntity
  8
S27_Grau_13
 62
   151
100
AcDbPolyline
 90
        4
 70
     1
 43
0.0
 10
88.73746250568199
 20
104.498042915341
 10
87.20146250568198
 20
104.498042915341
 10
87.20146250568198
 20
104.298042915342
 10
88.73746250568199
 20
104.298042915342
  0
LWPOLYLINE
  5
A00C
330
1F
100
AcDbEntity
  8
S27_Grau_13
 62
   151
100
AcDbPolyline
 90
       48
 70
     1
 43
0.0
 10
78.81841456514499
 20
102.998042915341
 10
78.81841456514499
 20
103.265358977764
 10
78.051098502722
 20
102.498042915341
 10
78.31841456514499
 20
102.498042915341
 10
78.335864313497
 20
102.498347501831
 10
78.35329280201701
 20
102.499260890211
 10
78.370678796779
 20
102.500781967657
 10
78.388001115625
 20
102.50290888097
 10
78.405238653979
 20
102.505639038835
 10
78.42237041055399
 20
102.508969114974
 10
78.43937551294501
 20
102.512895052203
 10
78.456233243054
 20
102.517412067372
 10
78.47292306233299
 20
102.522514657193
 10
78.48942463680801
 20
102.528196604948
 10
78.505717861853
 20
102.534450988057
 10
78.521782886683
 20
102.54127018652
 10
78.53760013854
 20
102.548645892191
 10
78.553150346538
 20
102.556569118911
 10
78.56841456514499
 20
102.565030213449
 10
78.58337419726201
 20
102.574018867263
 10
78.598011016881
 20
102.583524129063
 10
78.612307191292
 20
102.593534418153
 10
78.626245302808
 20
102.604037538537
 10
78.639808369989
 20
102.615020693781
 10
78.65297986832501
 20
102.626470502602
 10
78.665743750375
 20
102.638373015172
 10
78.67808446531499
 20
102.650713730111
 10
78.68998697788398
 20
102.663477612161
 10
78.701436786705
 20
102.676649110498
 10
78.712419941949
 20
102.690212177678
 10
78.72292306233299
 20
102.704150289195
 10
78.732933351423
 20
102.718446463605
 10
78.74243861322399
 20
102.733083283224
 10
78.75142726703799
 20
102.748042915341
 10
78.75988836157501
 20
102.763307133948
 10
78.767811588295
 20
102.778857341946
 10
78.77518729396699
 20
102.794674593803
 10
78.782006492429
 20
102.810739618633
 10
78.788260875538
 20
102.827032843678
 10
78.79394282329299
 20
102.843534418153
 10
78.799045413115
 20
102.860224237432
 10
78.803562428283
 20
102.877081967541
 10
78.807488365512
 20
102.894087069932
 10
78.81081844165099
 20
102.911218826507
 10
78.81354859951599
 20
102.928456364861
 10
78.81567551283001
 20
102.945778683707
 10
78.817196590275
 20
102.963164678469
 10
78.818109978655
 20
102.98059316699
  0
LWPOLYLINE
  5
A00D
330
1F
100
AcDbEntity
  8
S27_Grau_13
 62
   151
100
AcDbPolyline
 90
        4
 70
     1
 43
0.0
 10
95.04408351292701
 20
104.498042915341
 10
94.929462505683
 20
104.498042915341
 10
94.929462505683
 20
104.298042915342
 10
95.04408351292701
 20
104.298042915342
  0
LWPOLYLINE
  5
A00E
330
1F
100
AcDbEntity
  8
S27_Grau_13
 62
   151
100
AcDbPolyline
 90
        4
 70
     1
 43
0.0
 10
84.225462505684
 20
104.498042915341
 10
84.113462505683
 20
104.498042915341
 10
84.113462505683
 20
104.298042915342
 10
84.225462505684
 20
104.298042915342
  0
LWPOLYLINE
  5
A00F
330
1F
100
AcDbEntity
  8
S27_Grau_13
 62
   151
100
AcDbPolyline
 90
        4
 70
     1
 43
0.0
 10
92.481462505683
 20
104.498042915341
 10
92.36946250568399
 20
104.498042915341
 10
92.36946250568399
 20
104.298042915342
 10
92.481462505683
 20
104.298042915342
  0
LWPOLYLINE
  5
A010
330
1F
100
AcDbEntity
  8
S27_Grau_13
 62
   151
100
AcDbPolyline
 90
        4
 70
     1
 43
0.0
 10
97.21746250568401
 20
104.498042915341
 10
97.134841498439
 20
104.498042915341
 10
97.134841498439
 20
104.298042915342
 10
97.21746250568401
 20
104.298042915342
  0
HATCH
  5
A100
330
1F
100
AcDbEntity
  8
S27_Grau_13
 62
   151
100
AcDbHatch
 10
0.0
 20
0.0
 30
0.0
210
0.0
220
0.0
230
1.0
  2
SOLID
 70
     1
 71
     0
 91
       16
 92
        3
 72
     0
 73
     1
 93
      584
 10
113.523459726236
 20
106.498042915341
 10
65.018414565146
 20
106.498042915341
 10
65.018414565146
 20
107.208295913197
 10
62.018414565146
 20
107.208295913197
 10
62.018414565146
 20
106.498042915341
 10
61.818414565145
 20
106.498042915341
 10
61.818414565145
 20
103.998042915341
 10
61.81932832461701
 20
103.945693670287
 10
61.82206848975599
 20
103.893408204725
 10
61.82663172209299
 20
103.841250220439
 10
61.833012462033
 20
103.789283263901
 10
61.841202935627
 20
103.73757064884
 10
61.851193164045
 20
103.686175379114
 10
61.862970975731
 20
103.635160071941
 10
61.876522021238
 20
103.584586881615
 10
61.891829790703
 20
103.534517423778
 10
61.90887563396699
 20
103.485012700352
 10
61.927638783295
 20
103.436133025217
 10
61.948096378681
 20
103.387937950727
 10
61.970223495697
 20
103.340486195157
 10
61.993993175857
 20
103.293835571162
 10
62.019376459469
 20
103.248042915341
 10
62.04634242091099
 20
103.203164018991
 10
62.074858206313
 20
103.159253560135
 10
62.104889073583
 20
103.116365036902
 10
62.136398434735
 20
103.074550702352
 10
62.169347900467
 20
103.033861500811
 10
62.20369732692899
 20
102.994347005803
 10
62.239404864637
 20
102.956055359652
 10
62.276427009457
 20
102.919033214833
 10
62.314718655607
 20
102.883325677125
 10
62.35423315061599
 20
102.848976250662
 10
62.394922352157
 20
102.816026784931
 10
62.436736686707
 20
102.784517423778
 10
62.479625209939
 20
102.754486556508
 10
62.52353566879599
 20
102.725970771106
 10
62.568414565145
 20
102.699004809664
 10
62.61420722096699
 20
102.673621526052
 10
62.66085784496199
 20
102.649851845892
 10
62.70830960053199
 20
102.627724728877
 10
62.756504675022
 20
102.607267133491
 10
62.805384350157
 20
102.588503984162
 10
62.854889073583
 20
102.571458140898
 10
62.90495853141999
 20
102.556150371433
 10
62.95553172174599
 20
102.542599325927
 10
63.006547028919
 20
102.53082151424
 10
63.057942298645
 20
102.520831285823
 10
63.10965491370499
 20
102.512640812229
 10
63.16162187024399
 20
102.506260072288
 10
63.213779854529
 20
102.501696839951
 10
63.26606532009201
 20
102.498956674812
 10
63.31841456514499
 20
102.498042915341
 10
64.518414565146
 20
102.498042915341
 10
64.535864313497
 20
102.498347501831
 10
64.55329280201801
 20
102.499260890211
 10
64.57067879678
 20
102.500781967657
 10
64.588001115626
 20
102.50290888097
 10
64.60523865398001
 20
102.505639038835
 10
64.62237041055501
 20
102.508969114974
 10
64.63937551294598
 20
102.512895052203
 10
64.656233243055
 20
102.517412067372
 10
64.672923062334
 20
102.522514657193
 10
64.689424636809
 20
102.528196604948
 10
64.70571786185399
 20
102.534450988057
 10
64.72178288668399
 20
102.54127018652
 10
64.737600138541
 20
102.548645892191
 10
64.753150346539
 20
102.556569118911
 10
64.768414565146
 20
102.565030213449
 10
64.783374197263
 20
102.574018867263
 10
64.79801101688099
 20
102.583524129063
 10
64.812307191292
 20
102.593534418153
 10
64.826245302809
 20
102.604037538537
 10
64.839808369989
 20
102.615020693781
 10
64.852979868326
 20
102.626470502602
 10
64.865743750376
 20
102.638373015172
 10
64.878084465315
 20
102.650713730111
 10
64.889986977885
 20
102.663477612161
 10
64.901436786706
 20
102.676649110498
 10
64.912419941949
 20
102.690212177678
 10
64.92292306233401
 20
102.704150289195
 10
64.932933351424
 20
102.718446463605
 10
64.942438613224
 20
102.733083283224
 10
64.951427267038
 20
102.748042915341
 10
64.959888361576
 20
102.763307133948
 10
64.967811588296
 20
102.778857341946
 10
64.97518729396699
 20
102.794674593803
 10
64.98200649243
 20
102.810739618633
 10
64.988260875539
 20
102.827032843678
 10
64.99394282329401
 20
102.843534418153
 10
64.999045413115
 20
102.860224237432
 10
65.003562428284
 20
102.877081967541
 10
65.00748836551299
 20
102.894087069932
 10
65.010818441652
 20
102.911218826507
 10
65.01354859951701
 20
102.928456364861
 10
65.01567551283002
 20
102.945778683707
 10
65.017196590276
 20
102.963164678469
 10
65.018109978656
 20
102.98059316699
 10
65.018414565146
 20
102.998042915341
 10
65.018414565146
 20
103.998042915341
 10
65.018719151637
 20
104.015492663692
 10
65.01963254001601
 20
104.032921152213
 10
65.02115361746199
 20
104.050307146975
 10
65.023280530775
 20
104.067629465821
 10
65.02601068864
 20
104.084867004174
 10
65.02934076477899
 20
104.10199876075
 10
65.03326670200799
 20
104.119003863141
 10
65.037783717177
 20
104.135861593249
 10
65.042886306999
 20
104.152551412528
 10
65.04856825475299
 20
104.169052987004
 10
65.054822637863
 20
104.185346212049
 10
65.06164183632499
 20
104.201411236879
 10
65.069017541997
 20
104.217228488735
 10
65.076940768717
 20
104.232778696734
 10
65.08540186325401
 20
104.248042915341
 10
65.09439051706801
 20
104.263002547457
 10
65.103895778869
 20
104.277639367076
 10
65.11390606795901
 20
104.291935541487
 10
65.12440918834299
 20
104.305873653004
 10
65.135392343587
 20
104.319436720184
 10
65.146842152407
 20
104.33260821852
 10
65.15874466497699
 20
104.34537210057
 10
65.171085379917
 20
104.35771281551
 10
65.18384926196699
 20
104.36961532808
 10
65.197020760303
 20
104.3810651369
 10
65.21058382748299
 20
104.392048292144
 10
65.224521939
 20
104.402551412528
 10
65.238818113411
 20
104.412561701618
 10
65.25345493302999
 20
104.422066963419
 10
65.268414565146
 20
104.431055617233
 10
65.283678783753
 20
104.43951671177
 10
65.299228991752
 20
104.44743993849
 10
65.31504624360799
 20
104.454815644162
 10
65.33111126843799
 20
104.461634842624
 10
65.347404493483
 20
104.467889225734
 10
65.36390606795901
 20
104.473571173488
 10
65.380595887238
 20
104.47867376331
 10
65.397453617346
 20
104.483190778479
 10
65.41445871973699
 20
104.487116715708
 10
65.431590476313
 20
104.490446791847
 10
65.448828014666
 20
104.493176949712
 10
65.466150333512
 20
104.495303863025
 10
65.48353632827399
 20
104.496824940471
 10
65.50096481679499
 20
104.49773832885
 10
65.518414565146
 20
104.498042915341
 10
75.31841456514499
 20
104.498042915341
 10
75.335864313497
 20
104.49773832885
 10
75.353292802017
 20
104.496824940471
 10
75.370678796779
 20
104.495303863025
 10
75.388001115625
 20
104.493176949712
 10
75.405238653979
 20
104.490446791847
 10
75.422370410554
 20
104.487116715708
 10
75.43937551294501
 20
104.483190778479
 10
75.456233243054
 20
104.47867376331
 10
75.47292306233299
 20
104.473571173488
 10
75.48942463680801
 20
104.467889225734
 10
75.505717861853
 20
104.461634842624
 10
75.521782886683
 20
104.454815644162
 10
75.53760013854
 20
104.44743993849
 10
75.553150346538
 20
104.43951671177
 10
75.56841456514499
 20
104.431055617233
 10
75.583374197262
 20
104.422066963419
 10
75.598011016881
 20
104.412561701618
 10
75.612307191292
 20
104.402551412528
 10
75.626245302808
 20
104.392048292144
 10
75.639808369989
 20
104.3810651369
 10
75.65297986832501
 20
104.36961532808
 10
75.665743750375
 20
104.35771281551
 10
75.678084465315
 20
104.34537210057
 10
75.68998697788399
 20
104.33260821852
 10
75.701436786705
 20
104.319436720184
 10
75.71241994194899
 20
104.305873653004
 10
75.722923062333
 20
104.291935541487
 10
75.732933351423
 20
104.277639367076
 10
75.742438613224
 20
104.263002547457
 10
75.75142726703799
 20
104.248042915341
 10
75.75988836157501
 20
104.232778696734
 10
75.76781158829501
 20
104.217228488735
 10
75.77518729396699
 20
104.201411236879
 10
75.78200649242901
 20
104.185346212049
 10
75.788260875538
 20
104.169052987004
 10
75.793942823293
 20
104.152551412528
 10
75.79904541311499
 20
104.135861593249
 10
75.803562428283
 20
104.119003863141
 10
75.807488365512
 20
104.10199876075
 10
75.81081844165099
 20
104.084867004174
 10
75.81354859951599
 20
104.067629465821
 10
75.81567551283001
 20
104.050307146975
 10
75.817196590275
 20
104.032921152213
 10
75.818109978655
 20
104.015492663692
 10
75.81841456514499
 20
103.998042915341
 10
75.81841456514499
 20
103.794732035921
 10
77.11510368572501
 20
102.498042915341
 10
78.051098502722
 20
102.498042915341
 10
78.81841456514499
 20
103.265358977764
 10
78.81841456514499
 20
103.998042915341
 10
78.818719151636
 20
104.015492663692
 10
78.81963254001501
 20
104.032921152213
 10
78.82115361746101
 20
104.050307146975
 10
78.823280530775
 20
104.067629465821
 10
78.826010688639
 20
104.084867004174
 10
78.82934076477801
 20
104.10199876075
 10
78.83326670200699
 20
104.119003863141
 10
78.837783717176
 20
104.135861593249
 10
78.84288630699799
 20
104.152551412528
 10
78.848568254752
 20
104.169052987004
 10
78.854822637862
 20
104.185346212049
 10
78.86164183632399
 20
104.201411236879
 10
78.869017541996
 20
104.217228488735
 10
78.876940768716
 20
104.232778696734
 10
78.885401863253
 20
104.248042915341
 10
78.89439051706701
 20
104.263002547457
 10
78.903895778868
 20
104.277639367076
 10
78.91390606795799
 20
104.291935541487
 10
78.924409188342
 20
104.305873653004
 10
78.935392343586
 20
104.319436720184
 10
78.946842152407
 20
104.33260821852
 10
78.95874466497599
 20
104.34537210057
 10
78.971085379916
 20
104.35771281551
 10
78.983849261966
 20
104.36961532808
 10
78.99702076030201
 20
104.3810651369
 10
79.01058382748299
 20
104.392048292144
 10
79.024521938999
 20
104.402551412528
 10
79.03881811341
 20
104.412561701618
 10
79.053454933029
 20
104.422066963419
 10
79.06841456514499
 20
104.431055617233
 10
79.08367878375201
 20
104.43951671177
 10
79.099228991751
 20
104.44743993849
 10
79.11504624360699
 20
104.454815644162
 10
79.13111126843701
 20
104.461634842624
 10
79.147404493483
 20
104.467889225734
 10
79.163906067958
 20
104.473571173488
 10
79.18059588723699
 20
104.47867376331
 10
79.197453617346
 20
104.483190778479
 10
79.214458719736
 20
104.487116715708
 10
79.23159047631199
 20
104.490446791847
 10
79.24882801466501
 20
104.493176949712
 10
79.266150333512
 20
104.495303863025
 10
79.283536328273
 20
104.496824940471
 10
79.30096481679401
 20
104.49773832885
 10
79.31841456514499
 20
104.498042915341
 10
81.24946250568299
 20
104.498042915341
 10
81.24946250568299
 20
104.298042915342
 10
81.68146250568401
 20
104.298042915342
 10
81.68146250568401
 20
104.498042915341
 10
83.377462505684
 20
104.498042915341
 10
83.377462505684
 20
104.298042915342
 10
83.809462505682
 20
104.298042915342
 10
83.809462505682
 20
104.498042915341
 10
85.841462505684
 20
104.498042915341
 10
85.841462505684
 20
104.298042915342
 10
86.273462505682
 20
104.298042915342
 10
86.273462505682
 20
104.498042915341
 10
86.76946250568301
 20
104.498042915341
 10
86.76946250568301
 20
104.298042915342
 10
87.20146250568198
 20
104.298042915342
 10
87.20146250568198
 20
104.498042915341
 10
88.73746250568199
 20
104.498042915341
 10
88.73746250568199
 20
104.298042915342
 10
89.16946250568299
 20
104.298042915342
 10
89.16946250568299
 20
104.498042915341
 10
89.681462505684
 20
104.498042915341
 10
89.681462505684
 20
104.298042915342
 10
92.001462505683
 20
104.298042915342
 10
92.001462505683
 20
104.498042915341
 10
94.097462505683
 20
104.498042915341
 10
94.097462505683
 20
104.298042915342
 10
94.529462505684
 20
104.298042915342
 10
94.529462505684
 20
104.498042915341
 10
95.04408351292701
 20
104.498042915341
 10
95.04408351292701
 20
104.298042915342
 10
97.134841498439
 20
104.298042915342
 10
97.134841498439
 20
104.498042915341
 10
97.21746250568401
 20
104.498042915341
 10
97.21746250568401
 20
104.298042915342
 10
97.134841498439
 20
104.298042915342
 10
95.04408351292701
 20
104.298042915342
 10
94.929462505683
 20
104.298042915342
 10
94.929462505683
 20
104.498042915341
 10
94.529462505684
 20
104.498042915341
 10
94.529462505684
 20
104.298042915342
 10
94.097462505683
 20
104.298042915342
 10
92.481462505683
 20
104.298042915342
 10
92.36946250568399
 20
104.298042915342
 10
92.36946250568399
 20
104.498042915341
 10
92.001462505683
 20
104.498042915341
 10
92.001462505683
 20
104.298042915342
 10
89.681462505684
 20
104.298042915342
 10
89.681462505684
 20
104.498042915341
 10
89.16946250568299
 20
104.498042915341
 10
89.16946250568299
 20
104.298042915342
 10
88.73746250568199
 20
104.298042915342
 10
87.20146250568198
 20
104.298042915342
 10
86.76946250568301
 20
104.298042915342
 10
86.76946250568301
 20
104.498042915341
 10
86.273462505682
 20
104.498042915341
 10
86.273462505682
 20
104.298042915342
 10
85.841462505684
 20
104.298042915342
 10
84.225462505684
 20
104.298042915342
 10
84.113462505683
 20
104.298042915342
 10
84.113462505683
 20
104.498042915341
 10
83.809462505682
 20
104.498042915341
 10
83.809462505682
 20
104.298042915342
 10
83.377462505684
 20
104.298042915342
 10
81.68146250568401
 20
104.298042915342
 10
81.24946250568299
 20
104.298042915342
 10
81.24946250568299
 20
104.498042915341
 10
79.31841456514499
 20
104.498042915341
 10
79.30096481679401
 20
104.49773832885
 10
79.283536328273
 20
104.496824940471
 10
79.266150333512
 20
104.495303863025
 10
79.24882801466501
 20
104.493176949712
 10
79.23159047631199
 20
104.490446791847
 10
79.21445871973699
 20
104.487116715708
 10
79.197453617346
 20
104.483190778479
 10
79.18059588723699
 20
104.47867376331
 10
79.163906067958
 20
104.473571173488
 10
79.147404493483
 20
104.467889225734
 10
79.13111126843701
 20
104.461634842624
 10
79.11504624360699
 20
104.454815644162
 10
79.099228991751
 20
104.44743993849
 10
79.08367878375201
 20
104.43951671177
 10
79.06841456514499
 20
104.431055617233
 10
79.053454933029
 20
104.422066963419
 10
79.03881811341
 20
104.412561701618
 10
79.024521938999
 20
104.402551412528
 10
79.01058382748299
 20
104.392048292144
 10
78.99702076030201
 20
104.3810651369
 10
78.983849261966
 20
104.36961532808
 10
78.971085379916
 20
104.35771281551
 10
78.95874466497599
 20
104.34537210057
 10
78.946842152407
 20
104.33260821852
 10
78.935392343586
 20
104.319436720184
 10
78.924409188342
 20
104.305873653004
 10
78.91390606795799
 20
104.291935541487
 10
78.903895778868
 20
104.277639367076
 10
78.89439051706701
 20
104.263002547457
 10
78.885401863253
 20
104.248042915341
 10
78.876940768716
 20
104.232778696734
 10
78.869017541996
 20
104.217228488735
 10
78.86164183632399
 20
104.201411236879
 10
78.854822637862
 20
104.185346212049
 10
78.848568254752
 20
104.169052987004
 10
78.84288630699799
 20
104.152551412528
 10
78.837783717176
 20
104.135861593249
 10
78.83326670200699
 20
104.119003863141
 10
78.82934076477801
 20
104.10199876075
 10
78.826010688639
 20
104.084867004174
 10
78.823280530775
 20
104.067629465821
 10
78.82115361746101
 20
104.050307146975
 10
78.81963254001501
 20
104.032921152213
 10
78.818719151636
 20
104.015492663692
 10
78.81841456514499
 20
103.998042915341
 10
78.81841456514499
 20
102.998042915341
 10
78.818109978655
 20
102.98059316699
 10
78.817196590275
 20
102.963164678469
 10
78.81567551283001
 20
102.945778683707
 10
78.81354859951599
 20
102.928456364861
 10
78.81081844165099
 20
102.911218826507
 10
78.807488365512
 20
102.894087069932
 10
78.803562428283
 20
102.877081967541
 10
78.799045413115
 20
102.860224237432
 10
78.79394282329299
 20
102.843534418153
 10
78.788260875538
 20
102.827032843678
 10
78.782006492429
 20
102.810739618633
 10
78.77518729396699
 20
102.794674593803
 10
78.767811588295
 20
102.778857341946
 10
78.75988836157501
 20
102.763307133948
 10
78.75142726703799
 20
102.748042915341
 10
78.74243861322399
 20
102.733083283224
 10
78.732933351423
 20
102.718446463605
 10
78.72292306233299
 20
102.704150289195
 10
78.712419941949
 20
102.690212177678
 10
78.701436786705
 20
102.676649110498
 10
78.68998697788398
 20
102.663477612161
 10
78.67808446531499
 20
102.650713730111
 10
78.665743750375
 20
102.638373015172
 10
78.65297986832501
 20
102.626470502602
 10
78.639808369989
 20
102.615020693781
 10
78.626245302808
 20
102.604037538537
 10
78.612307191292
 20
102.593534418153
 10
78.598011016881
 20
102.583524129063
 10
78.58337419726201
 20
102.574018867263
 10
78.56841456514499
 20
102.565030213449
 10
78.553150346538
 20
102.556569118911
 10
78.53760013854
 20
102.548645892191
 10
78.521782886683
 20
102.54127018652
 10
78.505717861853
 20
102.534450988057
 10
78.48942463680801
 20
102.528196604948
 10
78.47292306233299
 20
102.522514657193
 10
78.456233243054
 20
102.517412067372
 10
78.43937551294501
 20
102.512895052203
 10
78.42237041055399
 20
102.508969114974
 10
78.405238653979
 20
102.505639038835
 10
78.388001115625
 20
102.50290888097
 10
78.370678796779
 20
102.500781967657
 10
78.35329280201701
 20
102.499260890211
 10
78.335864313497
 20
102.498347501831
 10
78.31841456514499
 20
102.498042915341
 10
111.908414565146
 20
102.498042915341
 10
111.925864313497
 20
102.498347501831
 10
111.943292802018
 20
102.499260890211
 10
111.960678796779
 20
102.500781967657
 10
111.978001115626
 20
102.50290888097
 10
111.995238653979
 20
102.505639038835
 10
112.012370410554
 20
102.508969114974
 10
112.029375512945
 20
102.512895052203
 10
112.046233243054
 20
102.517412067372
 10
112.062923062333
 20
102.522514657193
 10
112.079424636808
 20
102.528196604948
 10
112.095717861854
 20
102.534450988057
 10
112.111782886683
 20
102.54127018652
 10
112.1276001385399
 20
102.548645892191
 10
112.143150346538
 20
102.556569118911
 10
112.158414565146
 20
102.565030213449
 10
112.173374197262
 20
102.574018867263
 10
112.188011016881
 20
102.583524129063
 10
112.202307191292
 20
102.593534418153
 10
112.216245302808
 20
102.604037538537
 10
112.229808369989
 20
102.615020693781
 10
112.242979868325
 20
102.626470502602
 10
112.255743750375
 20
102.638373015172
 10
112.268084465315
 20
102.650713730111
 10
112.279986977884
 20
102.663477612161
 10
112.291436786705
 20
102.676649110498
 10
112.302419941949
 20
102.690212177678
 10
112.312923062333
 20
102.704150289195
 10
112.322933351423
 20
102.718446463605
 10
112.332438613224
 20
102.733083283224
 10
112.341427267038
 20
102.748042915341
 10
112.349888361575
 20
102.763307133948
 10
112.357811588295
 20
102.778857341946
 10
112.365187293967
 20
102.794674593803
 10
112.372006492429
 20
102.810739618633
 10
112.378260875538
 20
102.827032843678
 10
112.383942823293
 20
102.843534418153
 10
112.389045413115
 20
102.860224237432
 10
112.393562428284
 20
102.877081967541
 10
112.397488365512
 20
102.894087069932
 10
112.400818441652
 20
102.911218826507
 10
112.403548599516
 20
102.928456364861
 10
112.40567551283
 20
102.945778683707
 10
112.407196590275
 20
102.963164678469
 10
112.408109978655
 20
102.98059316699
 10
112.408414565146
 20
102.998042915341
 10
112.408414565146
 20
103.598042915341
 10
112.408719151636
 20
103.615492663692
 10
112.409632540016
 20
103.632921152213
 10
112.411153617461
 20
103.650307146975
 10
112.413280530775
 20
103.667629465821
 10
112.416010688639
 20
103.684867004175
 10
112.419340764779
 20
103.70199876075
 10
112.423266702008
 20
103.719003863141
 10
112.427783717176
 20
103.73586159325
 10
112.432886306998
 20
103.752551412529
 10
112.438568254753
 20
103.769052987004
 10
112.444822637862
 20
103.785346212049
 10
112.451641836324
 20
103.801411236879
 10
112.459017541996
 20
103.817228488736
 10
112.466940768716
 20
103.832778696734
 10
112.475401863253
 20
103.848042915341
 10
112.484390517067
 20
103.863002547458
 10
112.493895778868
 20
103.877639367077
 10
112.503906067958
 20
103.891935541487
 10
112.514409188342
 20
103.905873653004
 10
112.525392343586
 20
103.919436720184
 10
112.536842152407
 20
103.932608218521
 10
112.548744664976
 20
103.945372100571
 10
112.561085379916
 20
103.957712815511
 10
112.573849261966
 20
103.96961532808
 10
112.587020760302
 20
103.981065136901
 10
112.600583827483
 20
103.992048292145
 10
112.614521938999
 20
104.002551412529
 10
112.62881811341
 20
104.012561701619
 10
112.643454933029
 20
104.022066963419
 10
112.658414565146
 20
104.031055617233
 10
112.673678783753
 20
104.039516711771
 10
112.689228991751
 20
104.047439938491
 10
112.705046243608
 20
104.054815644163
 10
112.721111268438
 20
104.061634842625
 10
112.737404493483
 20
104.067889225734
 10
112.753906067958
 20
104.073571173489
 10
112.770595887237
 20
104.07867376331
 10
112.787453617346
 20
104.083190778479
 10
112.804458719737
 20
104.087116715708
 10
112.821590476312
 20
104.090446791847
 10
112.838828014665
 20
104.093176949712
 10
112.856150333512
 20
104.095303863025
 10
112.873536328273
 20
104.096824940471
 10
112.890964816794
 20
104.097738328851
 10
112.908414565146
 20
104.098042915341
 10
113.208414565147
 20
104.098042915341
 10
113.225864313498
 20
104.097738328851
 10
113.243292802019
 20
104.096824940471
 10
113.26067879678
 20
104.095303863025
 10
113.278001115627
 20
104.093176949712
 10
113.29523865398
 20
104.090446791847
 10
113.312370410556
 20
104.087116715708
 10
113.329375512946
 20
104.083190778479
 10
113.346233243055
 20
104.07867376331
 10
113.362923062334
 20
104.073571173489
 10
113.379424636809
 20
104.067889225734
 10
113.395717861855
 20
104.061634842625
 10
113.411782886685
 20
104.054815644163
 10
113.427600138541
 20
104.047439938491
 10
113.44315034654
 20
104.039516711771
 10
113.458414565147
 20
104.031055617233
 10
113.473374197263
 20
104.022066963419
 10
113.488011016882
 20
104.012561701619
 10
113.502307191293
 20
104.002551412529
 10
113.516245302809
 20
103.992048292145
 10
113.52980836999
 20
103.981065136901
 10
113.542979868326
 20
103.96961532808
 10
113.555743750376
 20
103.957712815511
 10
113.568084465316
 20
103.945372100571
 10
113.579986977885
 20
103.932608218521
 10
113.591436786706
 20
103.919436720184
 10
113.60241994195
 20
103.905873653004
 10
113.612923062334
 20
103.891935541487
 10
113.622933351424
 20
103.877639367077
 10
113.632438613225
 20
103.863002547458
 10
113.641427267039
 20
103.848042915341
 10
113.649888361576
 20
103.832778696734
 10
113.657811588296
 20
103.817228488736
 10
113.665187293968
 20
103.801411236879
 10
113.67200649243
 20
103.785346212049
 10
113.67826087554
 20
103.769052987004
 10
113.683942823294
 20
103.752551412529
 10
113.689045413116
 20
103.73586159325
 10
113.693562428285
 20
103.719003863141
 10
113.697488365514
 20
103.70199876075
 10
113.700818441653
 20
103.684867004175
 10
113.703548599517
 20
103.667629465821
 10
113.705675512831
 20
103.650307146975
 10
113.707196590277
 20
103.632921152213
 10
113.708109978656
 20
103.615492663692
 10
113.708414565147
 20
103.598042915341
 10
113.708414565147
 20
102.998042915341
 10
113.708719151637
 20
102.98059316699
 10
113.709632540017
 20
102.963164678469
 10
113.711153617462
 20
102.945778683707
 10
113.713280530776
 20
102.928456364861
 10
113.716010688641
 20
102.911218826507
 10
113.71934076478
 20
102.894087069932
 10
113.723266702009
 20
102.877081967541
 10
113.727783717177
 20
102.860224237432
 10
113.732886306999
 20
102.843534418153
 10
113.738568254754
 20
102.827032843678
 10
113.744822637863
 20
102.810739618633
 10
113.751641836325
 20
102.794674593803
 10
113.759017541997
 20
102.778857341946
 10
113.766940768717
 20
102.763307133948
 10
113.775401863254
 20
102.748042915341
 10
113.784390517068
 20
102.733083283224
 10
113.793895778869
 20
102.718446463605
 10
113.803906067959
 20
102.704150289195
 10
113.814409188343
 20
102.690212177678
 10
113.825392343587
 20
102.676649110498
 10
113.836842152408
 20
102.663477612161
 10
113.848744664977
 20
102.650713730111
 10
113.861085379917
 20
102.638373015172
 10
113.873849261967
 20
102.626470502602
 10
113.887020760303
 20
102.615020693781
 10
113.900583827484
 20
102.604037538537
 10
113.914521939
 20
102.593534418153
 10
113.928818113411
 20
102.583524129063
 10
113.94345493303
 20
102.574018867263
 10
113.958414565147
 20
102.565030213449
 10
113.973678783754
 20
102.556569118911
 10
113.989228991752
 20
102.548645892191
 10
114.005046243609
 20
102.54127018652
 10
114.021111268439
 20
102.534450988057
 10
114.037404493484
 20
102.528196604948
 10
114.053906067959
 20
102.522514657193
 10
114.070595887238
 20
102.517412067372
 10
114.087453617347
 20
102.512895052203
 10
114.104458719738
 20
102.508969114974
 10
114.121590476313
 20
102.505639038835
 10
114.138828014667
 20
102.50290888097
 10
114.156150333513
 20
102.500781967657
 10
114.173536328275
 20
102.499260890211
 10
114.190964816795
 20
102.498347501831
 10
114.208414565147
 20
102.498042915341
 10
119.018414565146
 20
102.498042915341
 10
119.018414565146
 20
104.498042915341
 97
        0
 92
        2
 72
     0
 73
     1
 93
      458
 10
65.01841456514499
 20
111.133143054927
 10
65.01829090552499
 20
111.131323048009
 10
65.017920079582
 20
111.129505291704
 10
65.01730254587799
 20
111.127692033844
 10
65.01643906805199
 20
111.125885516695
 10
65.01533071387901
 20
111.12408797419
 10
65.013978853944
 20
111.122301629164
 10
65.012385159953
 20
111.120528690604
 10
65.01055160266099
 20
111.118771350919
 10
65.008480449438
 20
111.117031783229
 10
65.006174261466
 20
111.115312138675
 10
65.003635890566
 20
111.113614543766
 10
65.00086847567799
 20
111.111941097738
 10
64.99787543897899
 20
111.110293869971
 10
64.994660481644
 20
111.108674897419
 10
64.99122757927899
 20
111.107086182097
 10
64.98758097699701
 20
111.105529688606
 10
64.983725184173
 20
111.104007341698
 10
64.97966496886599
 20
111.102521023902
 10
64.97540535192199
 20
111.101072573194
 10
64.97095160076701
 20
111.099663780722
 10
64.966309222894
 20
111.098296388593
 10
64.96148395904899
 20
111.096972087719
 10
64.956481776136
 20
111.095692515725
 10
64.951308859833
 20
111.094459254926
 10
64.945971606951
 20
111.093273830368
 10
64.940476617515
 20
111.092137707941
 10
64.93483068660999
 20
111.09105229257
 10
64.92904079597
 20
111.090018926476
 10
64.92311410535499
 20
111.089038887515
 10
64.91705794368499
 20
111.0881133876
 10
64.91087979998801
 20
111.087243571201
 10
64.90458731413399
 20
111.086430513929
 10
64.89818826738499
 20
111.085675221208
 10
64.891690572779
 20
111.084978627029
 10
64.88510226534099
 20
111.084341592799
 10
64.878431492145
 20
111.083764906272
 10
64.87168650224599
 20
111.083249280576
 10
64.86487563647199
 20
111.082795353331
 10
64.858007317114
 20
111.082403685863
 10
64.85109003750899
 20
111.082074762506
 10
64.844132351539
 20
111.081808990005
 10
64.83714286305199
 20
111.081606697014
 10
64.830130215223
 20
111.081468133688
 10
64.823103079866
 20
111.081393471372
 10
64.81607014670901
 20
111.081382802396
 10
64.80904011265099
 20
111.08143613995
 10
64.802021671006
 20
111.081553418079
 10
64.795023500751
 20
111.081734491758
 10
64.788054255797
 20
111.08197913707
 10
64.78112255428701
 20
111.082287051488
 10
64.774236967936
 20
111.082657854247
 10
64.76740601143299
 20
111.083091086814
 10
64.76063813191399
 20
111.083586213454
 10
64.753941698513
 20
111.084142621896
 10
64.747324992014
 20
111.084759624087
 10
64.74079619461099
 20
111.085436457045
 10
64.73436337978999
 20
111.086172283801
 10
64.728034502345
 20
111.086966194434
 10
64.721817388543
 20
111.087817207197
 10
64.715719726442
 20
111.088724269731
 10
64.709749056389
 20
111.089686260366
 10
64.703912761691
 20
111.090701989508
 10
64.698218059488
 20
111.091770201111
 10
64.69267199182699
 20
111.092889574227
 10
64.687281416955
 20
111.094058724644
 10
64.682053000835
 20
111.095276206596
 10
64.676993208908
 20
111.096540514549
 10
64.672108298093
 20
111.097850085064
 10
64.66740430905099
 20
111.099203298732
 10
64.662887058719
 20
111.100598482173
 10
64.65856213310999
 20
111.102033910109
 10
64.65443488041099
 20
111.103507807495
 10
64.650510404367
 20
111.105018351716
 10
64.64679355797
 20
111.106563674837
 10
64.643288937459
 20
111.10814186592
 10
64.64000087663399
 20
111.109750973377
 10
64.636933441498
 20
111.111389007394
 10
64.63409042523001
 20
111.113053942383
 10
64.63147534349301
 20
111.114743719493
 10
64.629091430087
 20
111.116456249151
 10
64.626941632951
 20
111.118189413649
 10
64.625028610515
 20
111.119941069764
 10
64.623354728416
 20
111.121709051403
 10
64.62192205657
 20
111.123491172287
 10
64.62073236661399
 20
111.125285228653
 10
64.619787129713
 20
111.127089001977
 10
64.619087514744
 20
111.12890026172
 10
64.618634386848
 20
111.130716768085
 10
64.618428306362
 20
111.132536274787
 10
64.618469528123
 20
111.13435653183
 10
64.618758001158
 20
111.136175288293
 10
64.61929336874099
 20
111.137990295108
 10
64.62007496883899
 20
111.139799307844
 10
64.621101834928
 20
111.141600089483
 10
64.62237269719
 20
111.143390413185
 10
64.62388598408001
 20
111.145168065043
 10
64.625639824275
 20
111.146930846819
 10
64.62763204898199
 20
111.148676578664
 10
64.629860194624
 20
111.150403101812
 10
64.632321505884
 20
111.152108281252
 10
64.63501293911399
 20
111.153790008365
 10
64.63793116609799
 20
111.155446203534
 10
64.64107257816699
 20
111.157074818715
 10
64.644433290664
 20
111.158673839967
 10
64.648009147743
 20
111.160241289947
 10
64.65179572751501
 20
111.161775230353
 10
64.655788347507
 20
111.163273764319
 10
64.659982070463
 20
111.164735038765
 10
64.66437171044001
 20
111.166157246684
 10
64.668951839225
 20
111.167538629378
 10
64.67371679305
 20
111.168877478636
 10
64.67866067959
 20
111.170172138841
 10
64.68377738525299
 20
111.171421009022
 10
64.689060582742
 20
111.17262254483
 10
64.69450373887399
 20
111.173775260451
 10
64.700100122663
 20
111.174877730441
 10
64.705842813642
 20
111.1759285914899
 10
64.71172471042099
 20
111.176926544106
 10
64.71773853946901
 20
111.177870354227
 10
64.72387686410799
 20
111.178758854739
 10
64.73013209370799
 20
111.179590946926
 10
64.73649649307801
 20
111.180365601827
 10
64.742962192024
 20
111.181081861505
 10
64.749521195089
 20
111.181738840238
 10
64.756165391432
 20
111.182335725607
 10
64.762886564868
 20
111.182871779506
 10
64.769676404018
 20
111.183346339053
 10
64.776526512592
 20
111.183758817411
 10
64.783428419773
 20
111.184108704508
 10
64.790373590689
 20
111.184395567677
 10
64.797353436967
 20
111.184619052183
 10
64.80435932735601
 20
111.184778881667
 10
64.81138259839901
 20
111.184874858483
 10
64.81841456514499
 20
111.184906863948
 10
64.818414565146
 20
111.081379245907
 10
64.118414565146
 20
111.081379245907
 10
64.111276098378
 20
111.081346263336
 10
64.10414672850601
 20
111.081247357654
 10
64.09703554083299
 20
111.081082654902
 10
64.089951597492
 20
111.080852364968
 10
64.08290392589501
 20
111.080556781323
 10
64.07590150723599
 20
111.080196280642
 10
64.06895326503501
 20
111.079771322329
 10
64.062068053778
 20
111.079282447929
 10
64.055254647623
 20
111.078730280439
 10
64.04852172922599
 20
111.078115523513
 10
64.041877878673
 20
111.077438960565
 10
64.03533156254599
 20
111.076701453773
 10
64.028891123134
 20
111.075903942977
 10
64.02256476780199
 20
111.075047444484
 10
64.016360558534
 20
111.074133049772
 10
64.01028640165499
 20
111.073161924098
 10
64.004350037759
 20
111.072135305015
 10
63.99855903184399
 20
111.071054500795
 10
63.99292076366999
 20
111.069920888758
 10
63.987442418357
 20
111.068735913521
 10
63.982130977228
 20
111.067501085156
 10
63.97699320890899
 20
111.066217977265
 10
63.97203566071
 20
111.064888224975
 10
63.967264650276
 20
111.063513522853
 10
63.962686257536
 20
111.062095622751
 10
63.958306316962
 20
111.060636331566
 10
63.95413041012201
 20
111.059137508945
 10
63.95016385858
 20
111.05760106491
 10
63.946411717105
 20
111.056028957427
 10
63.942878767233
 20
111.054423189908
 10
63.939569511174
 20
111.052785808662
 10
63.936488166076
 20
111.051118900284
 10
63.933638658644
 20
111.049424588995
 10
63.931024620147
 20
111.047705033939
 10
63.92864938177901
 20
111.045962426429
 10
63.92651597042401
 20
111.044198987154
 10
63.92462710479
 20
111.042416963351
 10
63.922985191952
 20
111.040618625939
 10
63.921592324279
 20
111.038806266628
 10
63.92045027676999
 20
111.036982194996
 10
63.919560504792
 20
111.035148735544
 10
63.918924142224
 20
111.033308224741
 10
63.918542000015
 20
111.031463008039
 10
63.918414565146
 20
111.029615436887
 10
63.918414565146
 20
110.81930520023
 10
63.918414565146
 20
110.832912962608
 10
63.918105416096
 20
110.828362945311
 10
63.917178351238
 20
110.823818554549
 10
63.91563451697699
 20
110.819285409898
 10
63.913475822413
 20
110.814769117026
 10
63.91070493697899
 20
110.810275260765
 10
63.907325287142
 20
110.8058093982
 10
63.903341052164
 20
110.8013770518
 10
63.898757158934
 20
110.796983702587
 10
63.89357927587799
 20
110.792634783361
 10
63.887813805946
 20
110.788335671978
 10
63.881467878696
 20
110.784091684703
 10
63.874549341478
 20
110.779908069635
 10
63.867066749729
 20
110.775790000216
 10
63.859029356393
 20
110.771742568836
 10
63.85044710048
 20
110.767770780532
 10
63.841330594775
 20
110.763879546803
 10
63.831691112715
 20
110.760073679533
 10
63.821540574447
 20
110.756357885045
 10
63.810891532087
 20
110.752736758274
 10
63.799757154201
 20
110.749214777093
 10
63.788151209518
 20
110.74579629677
 10
63.77608804990599
 20
110.742485544585
 10
63.763582592621
 20
110.739286614602
 10
63.75065030186499
 20
110.736203462605
 10
63.737307169659
 20
110.733239901208
 10
63.723569696071
 20
110.73039959514
 10
63.709454868806
 20
110.727686056713
 10
63.694980142208
 20
110.725102641478
 10
63.68016341566899
 20
110.722652544077
 10
63.665023011495
 20
110.72033879429
 10
63.649577652253
 20
110.718164253292
 10
63.63384643761599
 20
110.716131610112
 10
63.617848820744
 20
110.714243378308
 10
63.60160458423
 20
110.712501892862
 10
63.585133815634
 20
110.710909307287
 10
63.56845688264599
 20
110.709467590969
 10
63.55159440789799
 20
110.708178526728
 10
63.534567243463
 20
110.707043708617
 10
63.51739644506699
 20
110.706064539947
 10
63.500103246055
 20
110.705242231554
 10
63.48270903113
 20
110.704577800302
 10
63.465235309913
 20
110.704072067825
 10
63.44770369034099
 20
110.703725659508
 10
63.430135851947
 20
110.70353900372
 10
63.412553519055
 20
110.703512331278
 10
63.394978433911
 20
110.703645675164
 10
63.377432329797
 20
110.703938870488
 10
63.35993690416
 20
110.704391554683
 10
63.342513791776
 20
110.705003167963
 10
63.325184538
 20
110.70577295401
 10
63.307970572121
 20
110.706699960907
 10
63.29089318086499
 20
110.707783042324
 10
63.273973482068
 20
110.709020858924
 10
63.25723239856499
 20
110.710411880029
 10
63.240690632317
 20
110.711954385507
 10
63.22436863881
 20
110.713646467902
 10
63.208286601757
 20
110.715486034791
 10
63.192464408146
 20
110.717470811373
 10
63.17692162364
 20
110.719598343281
 10
63.161677468388
 20
110.721865999616
 10
63.146750793255
 20
110.724270976204
 10
63.13216005651
 20
110.726810299059
 10
63.117923301002
 20
110.729480828066
 10
63.10405813185
 20
110.732279260856
 10
63.090581694669
 20
110.7352021369
 10
63.077510654371
 20
110.73824584178
 10
63.064861174552
 20
110.741406611661
 10
63.05264889751399
 20
110.744680537949
 10
63.04088892491
 20
110.748063572118
 10
63.02959579907899
 20
110.75155153072
 10
63.01878348505599
 20
110.75514010056
 10
63.008465353309
 20
110.758824844026
 10
62.99865416319999
 20
110.762601204578
 10
62.989362047208
 20
110.766464512382
 10
62.98060049593001
 20
110.770409990088
 10
62.97238034386699
 20
110.774432758732
 10
62.964711756027
 20
110.778527843774
 10
62.957604215357
 20
110.782690181247
 10
62.95106651101499
 20
110.786914624021
 10
62.94510672750099
 20
110.791195948166
 10
62.93973223466
 20
110.795528859412
 10
62.934949678571
 20
110.799907999698
 10
62.930764973323
 20
110.804327953796
 10
62.92718329370799
 20
110.808783256007
 10
62.92420906881699
 20
110.813268396921
 10
62.921845976564
 20
110.817777830231
 10
62.920096939142
 20
110.822305979588
 10
62.918964119403
 20
110.8268472455
 10
62.91844891818699
 20
110.831396012255
 10
62.91855197259099
 20
110.835946654865
 10
62.919273155177
 20
110.840493546022
 10
62.920611574135
 20
110.845031063059
 10
62.92256557438001
 20
110.849553594899
 10
62.925132739602
 20
110.854055548996
 10
62.92830989525699
 20
110.858531358251
 10
62.932093112483
 20
110.862975487896
 10
62.93647771297099
 20
110.867382442336
 10
62.941458274738
 20
110.871746771948
 10
62.947028638843
 20
110.876063079819
 10
62.95318191699199
 20
110.880326028419
 10
62.959910500067
 20
110.884530346202
 10
62.967206067526
 20
110.888670834125
 10
62.9750595977
 20
110.892742372076
 10
62.983461378941
 20
110.896739925206
 10
62.99240102164
 20
110.900658550157
 10
63.001867471069
 20
110.904493401171
 10
63.011849021051
 20
110.908239736087
 10
63.02233332844
 20
110.911892922202
 10
63.03330742838199
 20
110.915448441998
 10
63.044757750346
 20
110.918901898734
 10
63.05667013490699
 20
110.922249021879
 10
63.06902985125599
 20
110.925485672392
 10
63.081821615415
 20
110.928607847843
 10
63.095029609137
 20
110.931611687364
 10
63.108637499467
 20
110.934493476416
 10
63.122628458939
 20
110.937249651391
 10
63.136985186386
 20
110.939876804013
 10
63.151689928334
 20
110.942371685555
 10
63.16672450095399
 20
110.944731210856
 10
63.182070312551
 20
110.946952462136
 10
63.19770838655401
 20
110.949032692605
 10
63.21361938497699
 20
110.950969329856
 10
63.22978363234299
 20
110.952759979052
 10
63.246181140004
 20
110.954402425883
 10
63.262791630863
 20
110.955894639306
 10
63.27959456445199
 20
110.957234774054
 10
63.296569162326
 20
110.958421172923
 10
63.31369443376299
 20
110.959452368815
 10
63.330949201716
 20
110.960327086559
 10
63.348312129005
 20
110.961044244481
 10
63.3657617447
 20
110.961602955746
 10
63.38327647067299
 20
110.962002529456
 10
63.40083464828
 20
110.962242471497
 10
63.418414565146
 20
110.962322485159
 10
63.41841456514799
 20
110.703503440056
 10
62.51841456514399
 20
110.703503440056
 10
62.518414565146
 20
110.962322485159
 10
62.535994482012
 20
110.962242471497
 10
62.553552659619
 20
110.962002529456
 10
62.571067385592
 20
110.961602955746
 10
62.588517001287
 20
110.961044244481
 10
62.605879928576
 20
110.960327086559
 10
62.623134696529
 20
110.959452368815
 10
62.640259967966
 20
110.958421172923
 10
62.65723456584001
 20
110.957234774054
 10
62.674037499429
 20
110.955894639306
 10
62.690647990289
 20
110.954402425883
 10
62.70704549794899
 20
110.952759979052
 10
62.72320974531499
 20
110.950969329856
 10
62.739120743739
 20
110.949032692605
 10
62.754758817741
 20
110.946952462136
 10
62.770104629338
 20
110.944731210856
 10
62.78513920195799
 20
110.942371685555
 10
62.799843943906
 20
110.939876804013
 10
62.814200671353
 20
110.937249651391
 10
62.828191630825
 20
110.934493476416
 10
62.84179952115501
 20
110.931611687364
 10
62.855007514877
 20
110.928607847843
 10
62.867799279036
 20
110.925485672392
 10
62.880158995385
 20
110.922249021879
 10
62.892071379946
 20
110.918901898734
 10
62.90352170191
 20
110.915448441998
 10
62.914495801852
 20
110.911892922202
 10
62.92498010924099
 20
110.908239736087
 10
62.934961659223
 20
110.904493401171
 10
62.94442810865199
 20
110.900658550157
 10
62.953367751351
 20
110.896739925206
 10
62.961769532592
 20
110.892742372076
 10
62.96962306276499
 20
110.888670834125
 10
62.976918630225
 20
110.884530346202
 10
62.98364721329999
 20
110.880326028419
 10
62.989800491449
 20
110.876063079819
 10
62.995370855554
 20
110.871746771948
 10
63.00035141732099
 20
110.867382442336
 10
63.004736017809
 20
110.862975487896
 10
63.008519235035
 20
110.858531358251
 10
63.011696390689
 20
110.854055548996
 10
63.014263555912
 20
110.849553594899
 10
63.01621755615699
 20
110.845031063059
 10
63.017555975115
 20
110.840493546022
 10
63.01827715770099
 20
110.835946654865
 10
63.018380212105
 20
110.831396012255
 10
63.017865010889
 20
110.8268472455
 10
63.01673219115
 20
110.822305979588
 10
63.01498315372699
 20
110.817777830231
 10
63.01262006147499
 20
110.813268396921
 10
63.009645836584
 20
110.808783256007
 10
63.00606415696901
 20
110.804327953796
 10
63.001879451721
 20
110.799907999698
 10
62.997096895632
 20
110.795528859412
 10
62.99172240279101
 20
110.791195948166
 10
62.98576261927699
 20
110.786914624021
 10
62.97922491493499
 20
110.782690181247
 10
62.97211737426501
 20
110.778527843774
 10
62.964448786425
 20
110.774432758732
 10
62.956228634361
 20
110.770409990088
 10
62.947467083084
 20
110.766464512382
 10
62.93817496709199
 20
110.762601204578
 10
62.928363776983
 20
110.758824844026
 10
62.918045645235
 20
110.75514010056
 10
62.907233331213
 20
110.75155153072
 10
62.895940205382
 20
110.748063572118
 10
62.88418023277799
 20
110.744680537949
 10
62.871967955739
 20
110.741406611661
 10
62.859318475921
 20
110.73824584178
 10
62.846247435622
 20
110.7352021369
 10
62.832770998441
 20
110.732279260856
 10
62.81890582928999
 20
110.729480828066
 10
62.80466907378199
 20
110.726810299059
 10
62.790078337037
 20
110.724270976204
 10
62.775151661903
 20
110.721865999616
 10
62.75990750665201
 20
110.719598343281
 10
62.74436472214599
 20
110.717470811373
 10
62.728542528535
 20
110.715486034791
 10
62.71246049148199
 20
110.713646467902
 10
62.696138497974
 20
110.711954385507
 10
62.679596731727
 20
110.710411880029
 10
62.662855648224
 20
110.709020858924
 10
62.645935949427
 20
110.707783042324
 10
62.62885855817
 20
110.706699960907
 10
62.611644592292
 20
110.70577295401
 10
62.594315338516
 20
110.705003167963
 10
62.576892226132
 20
110.704391554683
 10
62.559396800495
 20
110.703938870488
 10
62.541850696381
 20
110.703645675164
 10
62.52427561123599
 20
110.703512331278
 10
62.506693278344
 20
110.70353900372
 10
62.489125439951
 20
110.703725659508
 10
62.47159382037899
 20
110.704072067825
 10
62.454120099162
 20
110.704577800302
 10
62.436725884237
 20
110.705242231554
 10
62.419432685224
 20
110.706064539947
 10
62.402261886829
 20
110.707043708617
 10
62.385234722393
 20
110.708178526728
 10
62.368372247646
 20
110.709467590969
 10
62.351695314658
 20
110.710909307287
 10
62.335224546062
 20
110.712501892862
 10
62.318980309547
 20
110.714243378308
 10
62.302982692676
 20
110.716131610112
 10
62.28725147803899
 20
110.718164253292
 10
62.27180611879699
 20
110.72033879429
 10
62.256665714623
 20
110.722652544077
 10
62.24184898808299
 20
110.725102641478
 10
62.227374261485
 20
110.727686056713
 10
62.213259434221
 20
110.73039959514
 10
62.199521960632
 20
110.733239901208
 10
62.186178828427
 20
110.736203462605
 10
62.173246537671
 20
110.739286614602
 10
62.160741080386
 20
110.742485544585
 10
62.148677920774
 20
110.74579629677
 10
62.137071976091
 20
110.749214777093
 10
62.125937598205
 20
110.752736758274
 10
62.115288555845
 20
110.756357885045
 10
62.10513801757699
 20
110.760073679533
 10
62.09549853551699
 20
110.763879546803
 10
62.086382029812
 20
110.767770780532
 10
62.077799773899
 20
110.771742568836
 10
62.069762380563
 20
110.775790000216
 10
62.062279788814
 20
110.779908069635
 10
62.055361251596
 20
110.784091684703
 10
62.049015324346
 20
110.788335671978
 10
62.04324985441399
 20
110.792634783361
 10
62.038071971358
 20
110.796983702587
 10
62.033488078128
 20
110.8013770518
 10
62.02950384314999
 20
110.8058093982
 10
62.02612419331299
 20
110.810275260765
 10
62.02335330787899
 20
110.814769117026
 10
62.021194613315
 20
110.819285409898
 10
62.019650779054
 20
110.823818554549
 10
62.01872371419599
 20
110.828362945311
 10
62.018414565146
 20
110.832912962608
 10
62.018414565146
 20
110.81930520023
 10
62.018414565146
 20
107.208295913197
 10
65.018414565146
 20
107.208295913197
 10
65.018414565146
 20
111.119230956568
 97
        0
 92
        2
 72
     0
 73
     1
 93
        4
 10
89.27093714569201
 20
106.798042915342
 10
66.81841456514499
 20
106.798042915342
 10
66.73181202476801
 20
106.498042915341
 10
89.27093714569201
 20
106.498042915341
 97
        0
 92
        2
 72
     0
 73
     1
 93
        4
 10
111.723459726236
 20
106.798042915342
 10
89.27093714569201
 20
106.798042915342
 10
89.27093714569201
 20
106.498042915341
 10
111.810062266616
 20
106.498042915341
 97
        0
 92
        2
 72
     0
 73
     1
 93
      184
 10
63.918414565146
 20
113.552487174555
 10
63.918109978655
 20
113.569936922906
 10
63.917196590276
 20
113.587365411427
 10
63.91567551283
 20
113.604751406189
 10
63.913548599517
 20
113.622073725035
 10
63.910818441652
 20
113.639311263389
 10
63.907488365513
 20
113.656443019964
 10
63.90356242828399
 20
113.673448122355
 10
63.899045413115
 20
113.690305852464
 10
63.893942823293
 20
113.706995671743
 10
63.888260875539
 20
113.723497246218
 10
63.882006492429
 20
113.739790471263
 10
63.875187293967
 20
113.755855496093
 10
63.867811588295
 20
113.77167274795
 10
63.859888361575
 20
113.787222955948
 10
63.85142726703801
 20
113.802487174555
 10
63.84243861322399
 20
113.817446806672
 10
63.83293335142299
 20
113.83208362629
 10
63.822923062333
 20
113.846379800701
 10
63.81241994194899
 20
113.860317912218
 10
63.80143678670499
 20
113.873880979398
 10
63.789986977884
 20
113.887052477734
 10
63.77808446531499
 20
113.899816359785
 10
63.765743750375
 20
113.912157074724
 10
63.752979868325
 20
113.924059587294
 10
63.739808369989
 20
113.935509396115
 10
63.726245302809
 20
113.946492551358
 10
63.712307191292
 20
113.956995671743
 10
63.698011016881
 20
113.967005960833
 10
63.68337419726199
 20
113.976511222633
 10
63.668414565146
 20
113.985499876447
 10
63.653150346539
 20
113.993960970985
 10
63.63760013854
 20
114.001884197705
 10
63.62178288668399
 20
114.009259903376
 10
63.605717861854
 20
114.016079101838
 10
63.589424636809
 20
114.022333484948
 10
63.57292306233301
 20
114.028015432703
 10
63.556233243054
 20
114.033118022524
 10
63.53937551294599
 20
114.037635037693
 10
63.522370410555
 20
114.041560974922
 10
63.50523865397899
 20
114.044891051061
 10
63.48800111562599
 20
114.047621208926
 10
63.47067879678
 20
114.049748122239
 10
63.453292802018
 20
114.051269199685
 10
63.435864313497
 20
114.052182588065
 10
63.418414565146
 20
114.052487174555
 10
62.518414565146
 20
114.052487174555
 10
62.50096481679499
 20
114.052182588065
 10
62.483536328274
 20
114.051269199685
 10
62.46615033351201
 20
114.049748122239
 10
62.44882801466601
 20
114.047621208926
 10
62.431590476313
 20
114.044891051061
 10
62.414458719737
 20
114.041560974922
 10
62.397453617346
 20
114.037635037693
 10
62.380595887238
 20
114.033118022524
 10
62.363906067959
 20
114.028015432703
 10
62.347404493483
 20
114.022333484948
 10
62.33111126843799
 20
114.016079101838
 10
62.31504624360799
 20
114.009259903376
 10
62.299228991752
 20
114.001884197705
 10
62.283678783753
 20
113.993960970985
 10
62.26841456514599
 20
113.985499876447
 10
62.25345493303001
 20
113.976511222633
 10
62.238818113411
 20
113.967005960833
 10
62.224521939
 20
113.956995671743
 10
62.21058382748299
 20
113.946492551358
 10
62.19702076030301
 20
113.935509396115
 10
62.183849261967
 20
113.924059587294
 10
62.171085379917
 20
113.912157074724
 10
62.158744664977
 20
113.899816359785
 10
62.146842152407
 20
113.887052477734
 10
62.135392343587
 20
113.873880979398
 10
62.124409188343
 20
113.860317912218
 10
62.113906067959
 20
113.846379800701
 10
62.103895778869
 20
113.83208362629
 10
62.09439051706801
 20
113.817446806672
 10
62.085401863254
 20
113.802487174555
 10
62.076940768717
 20
113.787222955948
 10
62.06901754199701
 20
113.77167274795
 10
62.06164183632499
 20
113.755855496093
 10
62.054822637863
 20
113.739790471263
 10
62.048568254753
 20
113.723497246218
 10
62.04288630699899
 20
113.706995671743
 10
62.03778371717699
 20
113.690305852464
 10
62.033266702008
 20
113.673448122355
 10
62.02934076477899
 20
113.656443019964
 10
62.02601068864001
 20
113.639311263389
 10
62.02328053077501
 20
113.622073725035
 10
62.021153617462
 20
113.604751406189
 10
62.01963254001601
 20
113.587365411427
 10
62.018719151637
 20
113.569936922906
 10
62.018414565146
 20
113.552487174555
 10
62.018414565146
 20
110.832912962608
 10
62.018719151637
 20
110.828396635402
 10
62.01963254001601
 20
110.823885810645
 10
62.021153617462
 20
110.819385984083
 10
62.02328053077501
 20
110.81490263806
 10
62.02601068864001
 20
110.810441234844
 10
62.02934076477899
 20
110.806007209966
 10
62.033266702008
 20
110.801605965603
 10
62.03778371717699
 20
110.797242863994
 10
62.04288630699899
 20
110.792923220905
 10
62.048568254753
 20
110.788652299157
 10
62.054822637863
 20
110.784435302209
 10
62.06164183632499
 20
110.780277367823
 10
62.06901754199701
 20
110.776183561801
 10
62.076940768717
 20
110.772158871816
 10
62.085401863254
 20
110.768208201332
 10
62.09439051706801
 20
110.764336363632
 10
62.103895778869
 20
110.760548075955
 10
62.113906067959
 20
110.756847953746
 10
62.124409188343
 20
110.753240505032
 10
62.135392343587
 20
110.749730124936
 10
62.146842152408
 20
110.746321090314
 10
62.158744664977
 20
110.74301755455
 10
62.171085379917
 20
110.739823542494
 10
62.183849261967
 20
110.736742945556
 10
62.19702076030301
 20
110.73377951697
 10
62.21058382748299
 20
110.730936867218
 10
62.224521939
 20
110.72821845963
 10
62.238818113411
 20
110.725627606166
 10
62.25345493303001
 20
110.723167463383
 10
62.26841456514599
 20
110.720841028587
 10
62.283678783753
 20
110.718651136178
 10
62.299228991752
 20
110.716600454204
 10
62.31504624360799
 20
110.714691481105
 10
62.33111126843799
 20
110.712926542671
 10
62.347404493483
 20
110.711307789207
 10
62.363906067959
 20
110.709837192915
 10
62.380595887238
 20
110.708516545489
 10
62.397453617346
 20
110.707347455937
 10
62.414458719737
 20
110.706331348612
 10
62.431590476313
 20
110.705469461485
 10
62.44882801466601
 20
110.704762844634
 10
62.466150333513
 20
110.704212358961
 10
62.483536328274
 20
110.703818675149
 10
62.50096481679499
 20
110.703582272841
 10
62.518414565146
 20
110.703503440056
 10
63.41841456514799
 20
110.703503440056
 10
63.435864313497
 20
110.703582272841
 10
63.453292802018
 20
110.703818675149
 10
63.47067879678
 20
110.704212358961
 10
63.48800111562599
 20
110.704762844634
 10
63.50523865397899
 20
110.705469461485
 10
63.522370410555
 20
110.706331348612
 10
63.53937551294599
 20
110.707347455937
 10
63.556233243054
 20
110.708516545489
 10
63.57292306233301
 20
110.709837192915
 10
63.589424636809
 20
110.711307789207
 10
63.605717861854
 20
110.712926542671
 10
63.62178288668399
 20
110.714691481105
 10
63.63760013854
 20
110.716600454204
 10
63.653150346539
 20
110.718651136178
 10
63.668414565146
 20
110.720841028587
 10
63.68337419726199
 20
110.723167463383
 10
63.698011016881
 20
110.725627606166
 10
63.712307191292
 20
110.72821845963
 10
63.726245302809
 20
110.730936867218
 10
63.739808369989
 20
110.733779516971
 10
63.752979868325
 20
110.736742945556
 10
63.765743750375
 20
110.739823542494
 10
63.77808446531499
 20
110.74301755455
 10
63.789986977884
 20
110.746321090314
 10
63.80143678670499
 20
110.749730124936
 10
63.81241994194899
 20
110.753240505032
 10
63.822923062333
 20
110.756847953746
 10
63.83293335142299
 20
110.760548075955
 10
63.84243861322399
 20
110.764336363632
 10
63.85142726703801
 20
110.768208201332
 10
63.859888361575
 20
110.772158871816
 10
63.867811588295
 20
110.776183561801
 10
63.875187293967
 20
110.780277367823
 10
63.882006492429
 20
110.784435302209
 10
63.888260875539
 20
110.788652299157
 10
63.893942823293
 20
110.792923220905
 10
63.899045413115
 20
110.797242863994
 10
63.90356242828399
 20
110.801605965603
 10
63.907488365513
 20
110.806007209966
 10
63.910818441652
 20
110.810441234844
 10
63.913548599517
 20
110.81490263806
 10
63.91567551283
 20
110.819385984083
 10
63.917196590276
 20
110.823885810645
 10
63.918109978655
 20
110.828396635402
 10
63.918414565146
 20
110.832912962608
 97
        0
 92
        2
 72
     0
 73
     1
 93
      410
 10
65.018414565146
 20
112.396901324768
 10
65.01840627342101
 20
112.398742221606
 10
65.018380709933
 20
112.400615845574
 10
65.01833684220899
 20
112.402522537543
 10
65.01827363777799
 20
112.404462638382
 10
65.01819006416799
 20
112.406436488962
 10
65.01808508890899
 20
112.408444430154
 10
65.01795767952799
 20
112.410486802828
 10
65.01780680355399
 20
112.412563947855
 10
65.01763149465801
 20
112.414676655538
 10
65.017430844866
 20
112.416826927854
 10
65.017203449408
 20
112.419014489757
 10
65.016947854465
 20
112.42123879249
 10
65.01666260621499
 20
112.423499287295
 10
65.01634625083799
 20
112.425795425415
 10
65.01599733451399
 20
112.428126658091
 10
65.015614403421
 20
112.430492436567
 10
65.01519600374
 20
112.432892212085
 10
65.014740681649
 20
112.435325435887
 10
65.01424698332799
 20
112.437791559215
 10
65.013713454957
 20
112.440290033312
 10
65.01313864271401
 20
112.442820309421
 10
65.01252109278
 20
112.445381838782
 10
65.01185935133399
 20
112.44797407264
 10
65.011151964554
 20
112.450596462236
 10
65.010397478621
 20
112.453248458812
 10
65.009594439714
 20
112.455929513612
 10
65.008741394013
 20
112.458639077877
 10
65.007836887696
 20
112.461376602849
 10
65.00687946694299
 20
112.464141539772
 10
65.005867675131
 20
112.466933338953
 10
65.00479838837001
 20
112.46975044287
 10
65.003669535263
 20
112.472589973876
 10
65.002480834465
 20
112.475449265628
 10
65.00123200463
 20
112.478325651783
 10
64.999922764415
 20
112.481216465998
 10
64.998552832472
 20
112.48411904193
 10
64.997121927457
 20
112.487030713234
 10
64.995629768025
 20
112.489948813569
 10
64.99407607283001
 20
112.49287067659
 10
64.99246056052701
 20
112.495793635955
 10
64.99078294977
 20
112.49871502532
 10
64.989042959215
 20
112.501632178342
 10
64.987240307515
 20
112.504542428677
 10
64.985374713327
 20
112.507443109983
 10
64.98344589530301
 20
112.510331555917
 10
64.98145357209999
 20
112.513205100134
 10
64.979397462371
 20
112.516061076292
 10
64.977277284772
 20
112.518896818047
 10
64.975093416302
 20
112.521707455973
 10
64.97284823522701
 20
112.524487618781
 10
64.97054432844899
 20
112.527235160031
 10
64.96818428067701
 20
112.52994795267
 10
64.965770676618
 20
112.532623869646
 10
64.96330610098
 20
112.535260783905
 10
64.96079313847101
 20
112.537856568397
 10
64.9582343738
 20
112.540409096067
 10
64.955632391673
 20
112.542916239864
 10
64.9529897768
 20
112.545375872735
 10
64.95030911388899
 20
112.547785867627
 10
64.947592987646
 20
112.550144097488
 10
64.944843982781
 20
112.552448435266
 10
64.942064684001
 20
112.554696753907
 10
64.93925767601401
 20
112.55688692636
 10
64.936425543528
 20
112.559016825572
 10
64.93357087125101
 20
112.56108432449
 10
64.930696243892
 20
112.563087296062
 10
64.92780476401499
 20
112.565023636523
 10
64.924903640999
 20
112.566892431868
 10
64.92199614847599
 20
112.568694478173
 10
64.91908436450199
 20
112.570430702354
 10
64.916170367131
 20
112.572102031325
 10
64.913256234418
 20
112.573709392003
 10
64.91034404441901
 20
112.575253711303
 10
64.90743587518799
 20
112.57673591614
 10
64.904533804781
 20
112.578156933431
 10
64.901639911251
 20
112.579517690089
 10
64.898756272656
 20
112.580819113032
 10
64.89588496704799
 20
112.582062129174
 10
64.893028072484
 20
112.58324766543
 10
64.89018766701899
 20
112.584376648718
 10
64.887365828706
 20
112.585450005951
 10
64.88456463560201
 20
112.586468664045
 10
64.88178616576099
 20
112.587433549917
 10
64.87903249723899
 20
112.588345590481
 10
64.87630570808899
 20
112.589205712653
 10
64.873607876368
 20
112.590014843348
 10
64.87094108013099
 20
112.590773909482
 10
64.86830739743099
 20
112.591483837971
 10
64.865708859493
 20
112.592145639837
 10
64.863145494046
 20
112.592763100511
 10
64.860616750527
 20
112.593338801365
 10
64.85812260328
 20
112.593874014907
 10
64.855663026648
 20
112.594370013641
 10
64.85323799497599
 20
112.594828070073
 10
64.85084748260701
 20
112.59524945671
 10
64.84849146388601
 20
112.595635446056
 10
64.84616991315601
 20
112.595987310618
 10
64.843882804761
 20
112.596306322902
 10
64.841630113045
 20
112.596593755412
 10
64.83941181235199
 20
112.596850880656
 10
64.837227877025
 20
112.597078971137
 10
64.835078281409
 20
112.597279299364
 10
64.832962999847
 20
112.59745313784
 10
64.830882006683
 20
112.597601759072
 10
64.82883527626199
 20
112.597726435565
 10
64.826822782926
 20
112.597828439826
 10
64.824844501021
 20
112.59790904436
 10
64.822900404889
 20
112.597969521673
 10
64.820990468874
 20
112.59801114427
 10
64.81911466732099
 20
112.598035184657
 10
64.817272974573
 20
112.598042915341
 10
64.082791213137
 20
112.598042915341
 10
64.118414565146
 20
112.598042915341
 10
64.115557505067
 20
112.598063219496
 10
64.112701096774
 20
112.598124064667
 10
64.109845932176
 20
112.598225349915
 10
64.10699260318001
 20
112.598366974303
 10
64.104141701694
 20
112.598548836889
 10
64.101293819625
 20
112.598770836736
 10
64.09844954888
 20
112.599032872904
 10
64.09560948136699
 20
112.599334844454
 10
64.09277420899299
 20
112.599676650448
 10
64.08994432366601
 20
112.600058189946
 10
64.08712041729299
 20
112.600479362008
 10
64.084303081781
 20
112.600940065697
 10
64.08149290903899
 20
112.601440200073
 10
64.078690490973
 20
112.601979664196
 10
64.07589641949001
 20
112.602558357129
 10
64.073111286499
 20
112.603176177931
 10
64.07033568390599
 20
112.603833025664
 10
64.06757020361999
 20
112.604528799388
 10
64.064815437547
 20
112.605263398166
 10
64.06207197759499
 20
112.606036721056
 10
64.059340415671
 20
112.606848667122
 10
64.05662134737799
 20
112.607699132731
 10
64.053915410345
 20
112.608587918597
 10
64.051223150222
 20
112.609514739319
 10
64.048545081011
 20
112.610479311801
 10
64.045881716715
 20
112.611481352946
 10
64.043233571337
 20
112.612520579656
 10
64.04060115888
 20
112.613596708837
 10
64.03798499334699
 20
112.614709457391
 10
64.03538558874
 20
112.61585854222
 10
64.03280345906201
 20
112.61704368023
 10
64.030239118315
 20
112.618264588323
 10
64.027693080503
 20
112.619520983402
 10
64.02516585962899
 20
112.620812582372
 10
64.02265796969401
 20
112.622139102134
 10
64.02016992470199
 20
112.623500259593
 10
64.017702238656
 20
112.624895771652
 10
64.01525542555801
 20
112.626325355215
 10
64.01282999941
 20
112.627788727184
 10
64.010426474217
 20
112.629285604463
 10
64.00804536398
 20
112.630815703956
 10
64.00568718270299
 20
112.632378742566
 10
64.00335244438699
 20
112.633974437196
 10
64.001041666545
 20
112.635602496673
 10
63.998755351704
 20
112.637262520732
 10
63.99649389661899
 20
112.638954084184
 10
63.99425768239801
 20
112.640676771782
 10
63.992047090149
 20
112.642430168283
 10
63.98986250098
 20
112.64421385844
 10
63.987704295998
 20
112.646027427008
 10
63.98557285631199
 20
112.647870458742
 10
63.983468563029
 20
112.649742538396
 10
63.981391797257
 20
112.651643250726
 10
63.979342940105
 20
112.653572180485
 10
63.97732237268001
 20
112.655528912428
 10
63.97533047609
 20
112.657513031311
 10
63.973367631443
 20
112.659524121887
 10
63.971434219846
 20
112.661561768912
 10
63.969530622408
 20
112.663625557139
 10
63.967657220237
 20
112.665715071325
 10
63.965814394441
 20
112.667829896222
 10
63.964002526126
 20
112.669969616587
 10
63.96222199640199
 20
112.672133817173
 10
63.960473186377
 20
112.674322082735
 10
63.958756477157
 20
112.676533998028
 10
63.957072249766
 20
112.678769146034
 10
63.955420845529
 20
112.68102703658
 10
63.953802506891
 20
112.683307161196
 10
63.95221746133501
 20
112.685609031132
 10
63.95066593634901
 20
112.687932157638
 10
63.94914815941699
 20
112.690276051965
 10
63.947664358023
 20
112.692640225363
 10
63.946214759655
 20
112.695024189083
 10
63.944799591796
 20
112.697427454375
 10
63.943419081932
 20
112.69984953249
 10
63.942073457548
 20
112.702289934678
 10
63.94076294613
 20
112.704748172189
 10
63.939487775163
 20
112.707223756274
 10
63.938248172132
 20
112.709716198183
 10
63.937044364522
 20
112.712225009167
 10
63.935876579819
 20
112.714749700477
 10
63.934745045508
 20
112.717289783361
 10
63.933649989074
 20
112.719844769072
 10
63.932591638002
 20
112.722414168859
 10
63.931570219778
 20
112.724997493973
 10
63.930585961887
 20
112.727594255664
 10
63.929639091814
 20
112.730203965183
 10
63.928729837045
 20
112.73282613378
 10
63.927858393656
 20
112.735460242214
 10
63.927024857854
 20
112.738105752481
 10
63.92622930721999
 20
112.740762147312
 10
63.925471819338
 20
112.74342890944
 10
63.924752471791
 20
112.746105521597
 10
63.924071342163
 20
112.748791466516
 10
63.923428508035
 20
112.75148622693
 10
63.922824046992
 20
112.75418928557
 10
63.922258036616
 20
112.756900125168
 10
63.92173055449099
 20
112.759618228459
 10
63.9212416782
 20
112.762343078173
 10
63.920791485325
 20
112.765074157043
 10
63.920380053451
 20
112.767810947802
 10
63.92000746016
 20
112.770552933182
 10
63.919673783035
 20
112.773299595916
 10
63.919379099659
 20
112.776050418735
 10
63.919123487616
 20
112.778804884373
 10
63.918907024489
 20
112.781562475561
 10
63.91872978786
 20
112.784322675033
 10
63.918591855314
 20
112.78708496552
 10
63.918493304432
 20
112.789848829755
 10
63.918434212799
 20
112.79261375047
 10
63.918414565146
 20
112.795379204005
 10
63.918414565146
 20
112.731669137288
 10
63.918414565146
 20
111.043527535246
 10
63.918414565146
 20
111.029615436887
 10
63.918536399743
 20
111.031421967769
 10
63.91890175509499
 20
111.033226297671
 10
63.919510186073
 20
111.035026228296
 10
63.920360951398
 20
111.036819566705
 10
63.921453014544
 20
111.038604127992
 10
63.922785045
 20
111.040377737943
 10
63.92435541989101
 20
111.042138235688
 10
63.926162225959
 20
111.043883476332
 10
63.928203261887
 20
111.045611333567
 10
63.93047604098899
 20
111.047319702267
 10
63.93297779423299
 20
111.049006501046
 10
63.935705473618
 20
111.0506696748
 10
63.93865575588701
 20
111.052307197209
 10
63.941825046575
 20
111.053917073203
 10
63.94520948439
 20
111.055497341397
 10
63.948804945915
 20
111.057046076477
 10
63.952607050635
 20
111.058561391547
 10
63.956611166272
 20
111.060041440431
 10
63.960812414425
 20
111.061484419917
 10
63.965205676523
 20
111.062888571955
 10
63.969785600051
 20
111.064252185804
 10
63.974546605079
 20
111.065573600109
 10
63.97948289105499
 20
111.066851204932
 10
63.984588443875
 20
111.068083443707
 10
63.98985704320899
 20
111.069268815141
 10
63.995282270081
 20
111.070405875042
 10
64.00085751468799
 20
111.071493238078
 10
64.00657598445199
 20
111.072529579463
 10
64.0124307123
 20
111.073513636576
 10
64.01841456514699
 20
111.074444210495
 10
64.024520252589
 20
111.075320167458
 10
64.030740335789
 20
111.076140440248
 10
64.037067236531
 20
111.076904029487
 10
64.043493246463
 20
111.077610004861
 10
64.05001053648099
 20
111.078257506247
 10
64.056611166272
 20
111.078845744764
 10
64.06328709398301
 20
111.079374003734
 10
64.070030186027
 20
111.079841639555
 10
64.076832226983
 20
111.080248082485
 10
64.083684929613
 20
111.080592837335
 10
64.09057994495499
 20
111.080875484076
 10
64.09750887249299
 20
111.081095678345
 10
64.10446327039799
 20
111.08125315187
 10
64.111434665806
 20
111.081347712793
 10
64.118414565147
 20
111.081379245907
 10
64.125394464487
 20
111.081347712793
 10
64.132365859895
 20
111.08125315187
 10
64.13932025779999
 20
111.081095678345
 10
64.146249185339
 20
111.080875484076
 10
64.15314420068
 20
111.080592837335
 10
64.15999690330998
 20
111.080248082485
 10
64.166798944267
 20
111.079841639555
 10
64.17354203630999
 20
111.079374003734
 10
64.18021796402199
 20
111.078845744764
 10
64.18681859381199
 20
111.078257506247
 10
64.19333588383
 20
111.077610004861
 10
64.199761893762
 20
111.076904029487
 10
64.206088794504
 20
111.076140440248
 10
64.212308877704
 20
111.075320167458
 10
64.218414565147
 20
111.074444210495
 10
64.224398417993
 20
111.073513636576
 10
64.230253145841
 20
111.072529579463
 10
64.235971615605
 20
111.071493238078
 10
64.241546860212
 20
111.070405875042
 10
64.246972087084
 20
111.069268815141
 10
64.252240686418
 20
111.068083443707
 10
64.257346239238
 20
111.066851204932
 10
64.26228252521401
 20
111.065573600109
 10
64.267043530242
 20
111.064252185804
 10
64.27162345377
 20
111.062888571955
 10
64.27601671586799
 20
111.061484419917
 10
64.280217964022
 20
111.060041440431
 10
64.28422207965801
 20
111.058561391547
 10
64.288024184378
 20
111.057046076477
 10
64.29161964590299
 20
111.055497341397
 10
64.295004083718
 20
111.053917073203
 10
64.298173374406
 20
111.052307197209
 10
64.30112365667499
 20
111.0506696748
 10
64.30385133606001
 20
111.049006501046
 10
64.306353089304
 20
111.047319702267
 10
64.308625868406
 20
111.045611333567
 10
64.310666904334
 20
111.043883476332
 10
64.312473710402
 20
111.042138235688
 10
64.31404408529299
 20
111.040377737943
 10
64.315376115749
 20
111.038604127992
 10
64.31646817889499
 20
111.036819566705
 10
64.31731894422
 20
111.035026228296
 10
64.31792737519799
 20
111.033226297671
 10
64.31829273055
 20
111.031421967769
 10
64.318414565146
 20
111.029615436886
 10
64.31829273055
 20
111.027808906004
 10
64.31792737519799
 20
111.026004576102
 10
64.31731894422
 20
111.024204645477
 10
64.31646817889499
 20
111.022411307068
 10
64.315376115749
 20
111.020626745781
 10
64.31404408529299
 20
111.01885313583
 10
64.312473710402
 20
111.017092638085
 10
64.310666904334
 20
111.015347397441
 10
64.308625868405
 20
111.013619540206
 10
64.306353089304
 20
111.011911171506
 10
64.30385133606001
 20
111.010224372727
 10
64.30112365667499
 20
111.008561198973
 10
64.298173374406
 20
111.006923676564
 10
64.295004083718
 20
111.00531380057
 10
64.29161964590299
 20
111.003733532376
 10
64.288024184378
 20
111.002184797296
 10
64.284222079657
 20
111.000669482226
 10
64.28021796402099
 20
110.999189433342
 10
64.27601671586799
 20
110.997746453856
 10
64.27162345377
 20
110.996342301818
 10
64.267043530242
 20
110.994978687969
 10
64.26228252521401
 20
110.993657273664
 10
64.257346239238
 20
110.992379668841
 10
64.252240686418
 20
110.991147430066
 10
64.246972087084
 20
110.989962058632
 10
64.241546860211
 20
110.988824998731
 10
64.235971615605
 20
110.987737635695
 10
64.23025314584001
 20
110.98670129431
 10
64.224398417993
 20
110.985717237197
 10
64.21841456514599
 20
110.984786663278
 10
64.21230887770299
 20
110.983910706315
 10
64.206088794504
 20
110.983090433525
 10
64.19976189376099
 20
110.982326844286
 10
64.19333588382901
 20
110.981620868912
 10
64.18681859381099
 20
110.980973367526
 10
64.180217964021
 20
110.980385129009
 10
64.17354203630999
 20
110.979856870039
 10
64.166798944266
 20
110.979389234218
 10
64.15999690330998
 20
110.978982791288
 10
64.15314420068
 20
110.978638036438
 10
64.146249185338
 20
110.978355389697
 10
64.13932025779999
 20
110.978135195428
 10
64.132365859895
 20
110.977977721903
 10
64.125394464487
 20
110.97788316098
 10
64.118414565146
 20
110.977851627866
 10
64.118414565146
 20
111.081379245907
 10
64.818414565146
 20
111.081379245907
 10
64.82539446448599
 20
111.081410779021
 10
64.83236585989399
 20
111.081505339944
 10
64.839320257799
 20
111.081662813469
 10
64.846249185337
 20
111.081883007738
 10
64.853144200679
 20
111.082165654479
 10
64.85999690330899
 20
111.082510409329
 10
64.866798944265
 20
111.082916852259
 10
64.873542036309
 20
111.08338448808
 10
64.88021796401999
 20
111.08391274705
 10
64.886818593811
 20
111.084500985567
 10
64.89333588382899
 20
111.085148486953
 10
64.899761893761
 20
111.085854462327
 10
64.906088794503
 20
111.086618051566
 10
64.91230887770299
 20
111.087438324356
 10
64.91841456514499
 20
111.088314281319
 10
64.924398417992
 20
111.089244855238
 10
64.93025314584001
 20
111.090228912351
 10
64.935971615604
 20
111.091265253736
 10
64.94154686021101
 20
111.092352616772
 10
64.94697208708299
 20
111.093489676673
 10
64.952240686417
 20
111.094675048107
 10
64.95734623923699
 20
111.095907286882
 10
64.962282525213
 20
111.097184891705
 10
64.96704353024099
 20
111.09850630601
 10
64.97162345376899
 20
111.099869919859
 10
64.976016715867
 20
111.101274071897
 10
64.98021796401999
 20
111.102717051383
 10
64.984222079656
 20
111.104197100267
 10
64.988024184377
 20
111.105712415337
 10
64.991619645902
 20
111.107261150417
 10
64.99500408371701
 20
111.108841418611
 10
64.998173374405
 20
111.110451294605
 10
65.001123656674
 20
111.112088817014
 10
65.003851336059
 20
111.113751990768
 10
65.00635308930299
 20
111.115438789547
 10
65.00862586840399
 20
111.117147158247
 10
65.01066690433301
 20
111.118875015482
 10
65.012473710401
 20
111.120620256126
 10
65.014044085292
 20
111.122380753871
 10
65.015376115748
 20
111.124154363822
 10
65.016468178894
 20
111.125938925109
 10
65.017318944219
 20
111.127732263518
 10
65.017927375197
 20
111.129532194143
 10
65.01829273054901
 20
111.131336524045
 10
65.01841456514499
 20
111.133143054927
 97
        0
 92
        2
 72
     0
 73
     1
 93
       48
 10
75.81841456514499
 20
103.794732035921
 10
75.81841456514499
 20
102.998042915341
 10
75.818719151636
 20
102.98059316699
 10
75.819632540015
 20
102.963164678469
 10
75.82115361746101
 20
102.945778683707
 10
75.82328053077501
 20
102.928456364861
 10
75.826010688639
 20
102.911218826507
 10
75.82934076477801
 20
102.894087069932
 10
75.83326670200699
 20
102.877081967541
 10
75.83778371717599
 20
102.860224237432
 10
75.84288630699799
 20
102.843534418153
 10
75.84856825475199
 20
102.827032843678
 10
75.854822637862
 20
102.810739618633
 10
75.861641836324
 20
102.794674593803
 10
75.869017541996
 20
102.778857341946
 10
75.87694076871599
 20
102.763307133948
 10
75.88540186325301
 20
102.748042915341
 10
75.89439051706701
 20
102.733083283224
 10
75.903895778868
 20
102.718446463605
 10
75.91390606795799
 20
102.704150289195
 10
75.92440918834199
 20
102.690212177678
 10
75.935392343586
 20
102.676649110498
 10
75.946842152407
 20
102.663477612161
 10
75.95874466497599
 20
102.650713730111
 10
75.97108537991601
 20
102.638373015172
 10
75.983849261966
 20
102.626470502602
 10
75.99702076030201
 20
102.615020693781
 10
76.01058382748298
 20
102.604037538537
 10
76.024521938999
 20
102.593534418153
 10
76.03881811341
 20
102.583524129063
 10
76.053454933029
 20
102.574018867263
 10
76.06841456514499
 20
102.565030213449
 10
76.08367878375201
 20
102.556569118911
 10
76.099228991751
 20
102.548645892191
 10
76.115046243607
 20
102.54127018652
 10
76.13111126843701
 20
102.534450988057
 10
76.147404493483
 20
102.528196604948
 10
76.163906067958
 20
102.522514657193
 10
76.18059588723699
 20
102.517412067372
 10
76.197453617346
 20
102.512895052203
 10
76.21445871973699
 20
102.508969114974
 10
76.23159047631199
 20
102.505639038835
 10
76.24882801466501
 20
102.50290888097
 10
76.266150333512
 20
102.500781967657
 10
76.283536328273
 20
102.499260890211
 10
76.30096481679401
 20
102.498347501831
 10
76.31841456514499
 20
102.498042915341
 10
77.11510368572501
 20
102.498042915341
 97
        0
 92
        2
 72
     0
 73
     1
 93
        4
 10
83.377462505684
 20
104.498042915341
 10
81.68146250568401
 20
104.498042915341
 10
81.68146250568401
 20
104.298042915342
 10
83.377462505684
 20
104.298042915342
 97
        0
 92
        2
 72
     0
 73
     1
 93
        4
 10
94.097462505683
 20
104.498042915341
 10
92.481462505683
 20
104.498042915341
 10
92.481462505683
 20
104.298042915342
 10
94.097462505683
 20
104.298042915342
 97
        0
 92
        2
 72
     0
 73
     1
 93
        4
 10
85.841462505684
 20
104.498042915341
 10
84.225462505684
 20
104.498042915341
 10
84.225462505684
 20
104.298042915342
 10
85.841462505684
 20
104.298042915342
 97
        0
 92
        2
 72
     0
 73
     1
 93
        4
 10
88.73746250568199
 20
104.498042915341
 10
87.20146250568198
 20
104.498042915341
 10
87.20146250568198
 20
104.298042915342
 10
88.73746250568199
 20
104.298042915342
 97
        0
 92
        2
 72
     0
 73
     1
 93
       48
 10
78.81841456514499
 20
102.998042915341
 10
78.81841456514499
 20
103.265358977764
 10
78.051098502722
 20
102.498042915341
 10
78.31841456514499
 20
102.498042915341
 10
78.335864313497
 20
102.498347501831
 10
78.35329280201701
 20
102.499260890211
 10
78.370678796779
 20
102.500781967657
 10
78.388001115625
 20
102.50290888097
 10
78.405238653979
 20
102.505639038835
 10
78.42237041055399
 20
102.508969114974
 10
78.43937551294501
 20
102.512895052203
 10
78.456233243054
 20
102.517412067372
 10
78.47292306233299
 20
102.522514657193
 10
78.48942463680801
 20
102.528196604948
 10
78.505717861853
 20
102.534450988057
 10
78.521782886683
 20
102.54127018652
 10
78.53760013854
 20
102.548645892191
 10
78.553150346538
 20
102.556569118911
 10
78.56841456514499
 20
102.565030213449
 10
78.58337419726201
 20
102.574018867263
 10
78.598011016881
 20
102.583524129063
 10
78.612307191292
 20
102.593534418153
 10
78.626245302808
 20
102.604037538537
 10
78.639808369989
 20
102.615020693781
 10
78.65297986832501
 20
102.626470502602
 10
78.665743750375
 20
102.638373015172
 10
78.67808446531499
 20
102.650713730111
 10
78.68998697788398
 20
102.663477612161
 10
78.701436786705
 20
102.676649110498
 10
78.712419941949
 20
102.690212177678
 10
78.72292306233299
 20
102.704150289195
 10
78.732933351423
 20
102.718446463605
 10
78.74243861322399
 20
102.733083283224
 10
78.75142726703799
 20
102.748042915341
 10
78.75988836157501
 20
102.763307133948
 10
78.767811588295
 20
102.778857341946
 10
78.77518729396699
 20
102.794674593803
 10
78.782006492429
 20
102.810739618633
 10
78.788260875538
 20
102.827032843678
 10
78.79394282329299
 20
102.843534418153
 10
78.799045413115
 20
102.860224237432
 10
78.803562428283
 20
102.877081967541
 10
78.807488365512
 20
102.894087069932
 10
78.81081844165099
 20
102.911218826507
 10
78.81354859951599
 20
102.928456364861
 10
78.81567551283001
 20
102.945778683707
 10
78.817196590275
 20
102.963164678469
 10
78.818109978655
 20
102.98059316699
 97
        0
 92
        2
 72
     0
 73
     1
 93
        4
 10
95.04408351292701
 20
104.498042915341
 10
94.929462505683
 20
104.498042915341
 10
94.929462505683
 20
104.298042915342
 10
95.04408351292701
 20
104.298042915342
 97
        0
 92
        2
 72
     0
 73
     1
 93
        4
 10
84.225462505684
 20
104.498042915341
 10
84.113462505683
 20
104.498042915341
 10
84.113462505683
 20
104.298042915342
 10
84.225462505684
 20
104.298042915342
 97
        0
 92
        2
 72
     0
 73
     1
 93
        4
 10
92.481462505683
 20
104.498042915341
 10
92.36946250568399
 20
104.498042915341
 10
92.36946250568399
 20
104.298042915342
 10
92.481462505683
 20
104.298042915342
 97
        0
 92
        2
 72
     0
 73
     1
 93
        4
 10
97.21746250568401
 20
104.498042915341
 10
97.134841498439
 20
104.498042915341
 10
97.134841498439
 20
104.298042915342
 10
97.21746250568401
 20
104.298042915342
 97
        0
 75
     0
 76
     1
 98
        1
 10
113.259157735431
 20
106.469644148573
  0
ENDSEC
  0
SECTION
  2
OBJECTS
  0
DICTIONARY
  5
C
330
0
100
AcDbDictionary
281
     1
  3
ACAD_CIP_PREVIOUS_PRODUCT_INFO
350
1A5
  3
ACAD_COLOR
350
73
  3
ACAD_DETAILVIEWSTYLE
350
1AB
  3
ACAD_GROUP
350
D
  3
ACAD_LAST_SAVED_VERSION_INFO
350
35A
  3
ACAD_LAYOUT
350
1A
  3
ACAD_MATERIAL
350
72
  3
ACAD_MLEADERSTYLE
350
D7
  3
ACAD_MLINESTYLE
350
17
  3
ACAD_PLOTSETTINGS
350
19
  3
ACAD_PLOTSTYLENAME
350
E
  3
ACAD_SCALELIST
350
B6
  3
ACAD_SECTIONVIEWSTYLE
350
1A8
  3
ACAD_TABLESTYLE
350
86
  3
ACAD_VISUALSTYLE
350
99
  3
ACDB_RECOMPOSE_DATA
350
A10A
  3
ACDBVARIABLEDICTIONARY
350
336
  3
ADE_QUERY_LIBRARY
350
1C9
  3
ASE_INDEX_DICTIONARY
350
1CF
  3
Autodesk_MAP
350
1B0
  3
DWGPROPS
350
A10B
1001
ADE
1000
ADE02C004
1000
[Query]
1000
CaseSensitiveMatch=0
1000
SaveCurrQueryInSession=1
1000
MkSelSetWithQryObj=0
1000
ShowBlockAsInsPt=0
1000
CreateAssociativeHatchObjects=0
1000
ReferenceBoundaryForAreaLocation=1
1000
ShowImageAsBoundary=1
1000
DefaultJoinOperator=2
1000
ColorForAdd=red
1000
ColorForRemove=red
1000
BlockLocnForQuery=1
1000
TextLocnForQuery=1
1000
IncludeAllObjectsInGroups=0
1000
AlwaysUseLibraryDefinitions=0
1000
PreviewDefinitionsFrom=2
1000
[Save Back]
1000
RedefineBlockDefinitions=1
1000
RedefineLayerDefinitions=1
1000
RedefineTextStyleDefinitions=1
1000
RemoveUnusedGroups=1
1000
EraseSavedBackObjects=1
1000
RemoveLockAfterSave=1
1000
CreateHistoryFileOfChanges=0
1000
CreateBackupFileOfSourceDwg=1
1000
DontAddObjectsToSaveSet=0
1000
MarkObjectsForEditingWithoutPrompting=0
1000
FdoDontAddObjsToSvSet=0
1000
FdoEditWithoutPrompt=1
1000
FdoRemUnusedGrps=1
1000
FdoEraseSvdBkObjs=1
1000
FdoRemoveLockOnSave=1
1000
FdoTesselationMaxPointsDistance=0
1000
FdoTesselationMaxCurvesDistance=0
1000
[Coordinate Transformation]
1000
RestoreLastActiveDwgsOnStartup=1
1000
ActivateDwgsOnAttach=1
1000
AdjustSizesAndScalesForChangesInUnits=1
1000
AdjustRotationsForMapDistortions=1
1000
AdjustSizesAndScalesForMapDistortions=1
1000
AdjustElevations=1
1000
AdjustZeroRotationObjects=1
1000
ReconnectDbOnWSOpen=1
1000
NoOfSQLConditionsInHistory=10
  0
DICTIONARY
  5
18E
330
2
100
AcDbDictionary
280
     1
281
     1
  3
ACAD_LAYERSTATES
360
18F
  0
DICTIONARY
  5
E6
330
10
100
AcDbDictionary
280
     1
281
     1
  0
DICTIONARY
  5
31F
330
31E
100
AcDbDictionary
280
     1
281
     1
  0
DICTIONARY
  5
321
330
320
100
AcDbDictionary
280
     1
281
     1
  0
DICTIONARY
  5
323
330
322
100
AcDbDictionary
280
     1
281
     1
  0
DICTIONARY
  5
325
330
324
100
AcDbDictionary
280
     1
281
     1
  0
DICTIONARY
  5
15D
330
1F
100
AcDbDictionary
280
     1
281
     1
  3
ACAD_GEOGRAPHICDATA
360
1C7
  3
ACAD_SORTENTS
360
1C0
  0
DICTIONARY
  5
2B3
330
2B2
100
AcDbDictionary
280
     1
281
     1
  3
ACAD_SORTENTS
360
2B4
  0
XRECORD
  5
1A5
102
{ACAD_REACTORS
330
C
102
}
330
C
100
AcDbXrecord
280
     1
300
ACD
300
2027
300

  0
DICTIONARY
  5
73
102
{ACAD_REACTORS
330
C
102
}
330
C
100
AcDbDictionary
281
     1
  0
DICTIONARY
  5
1AB
102
{ACAD_REACTORS
330
C
102
}
330
C
100
AcDbDictionary
281
     1
  3
Imperial24
350
1AC
  3
Metric50
350
335
  0
DICTIONARY
  5
D
102
{ACAD_REACTORS
330
C
102
}
330
C
100
AcDbDictionary
281
     1
  0
XRECORD
  5
35A
102
{ACAD_REACTORS
330
C
102
}
330
C
100
AcDbXrecord
280
     1
300
{B4A78985-73EE-9342-B1DD-C6B79C6B19A5}
301
{2DC9E107-9B36-7649-B3B5-0892601B958A}
302
{B4A78985-73EE-9342-B1DD-C6B79C6B19A5}
303
C:\Users\moldo\Desktop\OBFH2.dxf
  0
DICTIONARY
  5
1A
102
{ACAD_REACTORS
330
C
102
}
330
C
100
AcDbDictionary
281
     1
  3
Layout1
350
278
  3
Layout2
350
27D
  3
Model
350
22
  0
DICTIONARY
  5
72
102
{ACAD_REACTORS
330
C
102
}
330
C
100
AcDbDictionary
281
     1
  3
ByBlock
350
97
  3
ByLayer
350
96
  3
Global
350
98
  0
DICTIONARY
  5
D7
102
{ACAD_REACTORS
330
C
102
}
330
C
100
AcDbDictionary
281
     1
  3
Annotative
350
E5
  3
Standard
350
D8
  0
DICTIONARY
  5
17
102
{ACAD_REACTORS
330
C
102
}
330
C
100
AcDbDictionary
281
     1
  3
Standard
350
18
  0
DICTIONARY
  5
19
102
{ACAD_REACTORS
330
C
102
}
330
C
100
AcDbDictionary
281
     1
  0
ACDBDICTIONARYWDFLT
  5
E
102
{ACAD_REACTORS
330
C
102
}
330
C
100
AcDbDictionary
281
     1
  3
Normal
350
F
100
AcDbDictionaryWithDefault
340
F
  0
DICTIONARY
  5
B6
102
{ACAD_REACTORS
330
C
102
}
330
C
100
AcDbDictionary
281
     1
  3
A0
350
B7
  3
A1
350
124
  3
A2
350
125
  3
A3
350
126
  3
A4
350
127
  3
A5
350
128
  3
A6
350
129
  3
A7
350
12A
  3
A8
350
12B
  3
A9
350
12C
  3
B0
350
12D
  3
B1
350
12E
  3
B2
350
12F
  3
B3
350
130
  3
B4
350
131
  3
B5
350
132
  3
B6
350
133
  3
B7
350
134
  3
B8
350
135
  3
B9
350
136
  3
C0
350
137
  3
C1
350
138
  3
C2
350
139
  3
C3
350
13A
  3
C4
350
13B
  3
C5
350
13C
  3
C6
350
13D
  3
C7
350
13E
  3
C8
350
13F
  3
C9
350
140
  3
D0
350
141
  3
D1
350
142
  3
D2
350
143
  0
DICTIONARY
  5
1A8
102
{ACAD_REACTORS
330
C
102
}
330
C
100
AcDbDictionary
281
     1
  3
Imperial24
350
1AA
  3
Metric50
350
334
  0
DICTIONARY
  5
86
102
{ACAD_REACTORS
330
C
102
}
330
C
100
AcDbDictionary
281
     1
  3
Legend
350
1B9
  3
Standard
350
87
  0
DICTIONARY
  5
99
102
{ACAD_REACTORS
330
C
102
}
330
C
100
AcDbDictionary
281
     1
  3
2dWireframe
350
9F
  3
3dWireframe
350
333
  3
Basic
350
9E
  3
Brighten
350
A5
  3
ColorChange
350
A9
  3
Conceptual
350
A2
  3
Dim
350
A4
  3
EdgeColorOff
350
175
  3
Facepattern
350
A8
  3
Flat
350
9A
  3
FlatWithEdges
350
9B
  3
Gouraud
350
9C
  3
GouraudWithEdges
350
9D
  3
Hidden
350
A1
  3
JitterOff
350
173
  3
Linepattern
350
A7
  3
OverhangOff
350
174
  3
Realistic
350
A3
  3
Shaded
350
182
  3
Shaded with edges
350
181
  3
Shades of Gray
350
17E
  3
Sketchy
350
17F
  3
Thicken
350
A6
  3
Wireframe
350
A0
  3
X-Ray
350
180
  0
XRECORD
  5
A10A
102
{ACAD_REACTORS
330
C
102
}
330
C
100
AcDbXrecord
280
     1
 90
        1
330
87
330
1B9
  0
DICTIONARY
  5
336
102
{ACAD_REACTORS
330
C
102
}
330
C
100
AcDbDictionary
281
     2
  3
#REVCLOUDAPPROXARCLEN
350
337
  3
ANNOALLVISIBLE
350
338
  3
CANNOSCALE
350
339
  3
CMLEADERSTYLE
350
33A
  3
CTABLESTYLE
350
33B
  3
CVIEWDETAILSTYLE
350
33C
  3
CVIEWSECTIONSTYLE
350
33D
  3
DIMADEC
350
33E
  3
DIMASSOC
350
33F
  3
EXPORTPAPERSPACE
350
340
  3
HIDETEXT
350
341
  3
HPCOLOR
350
342
  3
HPINHERIT
350
343
  3
HPTRANSPARENCY
350
344
  3
INDEXCTL
350
345
  3
LAYEREVAL
350
346
  3
LAYERNOTIFY
350
347
  3
LIGHTINGUNITS
350
348
  3
MLEADERSCALE
350
349
  3
MSLTSCALE
350
34A
  3
OLEFRAME
350
34B
  3
PDFFRAME
350
34C
  3
SOLIDHIST
350
34D
  3
SORTENTS
350
34E
  3
STEPSIZE
350
35B
  3
XCLIPFRAME
350
A107
  0
DICTIONARY
  5
1C9
102
{ACAD_REACTORS
330
C
102
}
330
C
100
AcDbDictionary
281
     1
  3
_CurrQry
350
359
  0
DICTIONARY
  5
1CF
102
{ACAD_REACTORS
330
C
102
}
330
C
100
AcDbDictionary
281
     1
  3
ASEBlockHierarchyIndexRecord
350
1D1
1001
DCO15
1040
-2096303552.0
  0
DICTIONARY
  5
1B0
102
{ACAD_REACTORS
330
C
102
}
330
C
100
AcDbDictionary
281
     1
  3
AcMapDMStylizedEntities
350
1C1
  3
MAP_DISPLAY_CUSTOMOBJ_REG_TABLE
350
1B4
  3
MAP_DISPLAY_MANAGEMENT_DICTIONARY
350
1B1
  3
MAP_DISPLAY_STYLELIBRARY_DICTIONARY
350
1B2
  3
MAP_RESOURCE_VERSION_MANAGEMENT_DICTIONARY
350
1C2
  3
MetadataDictionary
350
1CC
1001
MapGWS
1000
C:\ProgramData\Autodesk\Autodesk AutoCAD Map 3D 2027\R26.0\MapCache\OBIECT33GWS.xml
  0
XRECORD
  5
A10B
102
{ACAD_REACTORS
330
C
102
}
330
C
100
AcDbXrecord
280
     1
  1
DWGPROPS COOKIE
  2

  3

  4

  6

  7

  8
moldo
  9

300
=
301
=
302
=
303
=
304
=
305
=
306
=
307
=
308
=
309
=
 40
0.0007407407407407
 41
2461250.708333333
 42
2461251.482986111
  1

 90
        0
  0
DICTIONARY
  5
18F
102
{ACAD_REACTORS
330
18E
102
}
330
18E
100
AcDbDictionary
281
     1
  0
GEODATA
  5
1C7
102
{ACAD_XDICTIONARY
360
A148
102
}
102
{ACAD_REACTORS
330
15D
102
}
330
15D
100
AcDbGeoData
 90
        1
 70
     0
330
1F
 40
37.795
 41
-122.394
 42
0.0
 91
        6
 10
0.0
 20
0.0
 30
0.0
 11
0.0
 21
0.0
 31
0.0
210
0.0
220
0.0
230
1.0
 52
0.0
 43
1.0
 44
1.0
 45
1.0
301

302
<georss:point>37.7950 -122.3940</georss:point>
 46
1.0
303

304

305

306

307

 93
        0
 96
        0
  3
CIVIL3D_DATA_BEGIN
292
     0
 14
-122.394
 24
37.795
 15
-122.394
 25
37.795
 93
        0
 94
        0
293
     0
 16
0.0
 26
0.0
 17
0.0
 27
0.0
 54
0.0
140
0.0
 95
        3
141
1.0
294
     0
142
0.0
143
0.0
  4
CIVIL3D_DATA_END
  0
SORTENTSTABLE
  5
1C0
102
{ACAD_REACTORS
330
15D
102
}
330
15D
100
AcDbSortentsTable
330
1F
  0
SORTENTSTABLE
  5
2B4
102
{ACAD_REACTORS
330
2B3
102
}
330
2B3
100
AcDbSortentsTable
330
2B2
331
2B6
  5
2B7
331
2B7
  5
2B8
331
2B8
  5
2B9
331
2B9
  5
2BA
331
2BA
  5
2BB
331
2BB
  5
2BC
331
2BC
  5
2BD
331
2BD
  5
2BE
331
2BE
  5
2BF
331
2BF
  5
2C0
331
2C0
  5
2C1
331
2C1
  5
2C2
331
2C2
  5
2C3
331
2C3
  5
2C4
331
2C4
  5
2C5
331
2C5
  5
2C6
331
2C6
  5
2C7
331
2C7
  5
2C8
331
2C8
  5
2C9
331
2C9
  5
2CA
331
2CA
  5
2CB
331
2CB
  5
2CC
331
2CC
  5
2CD
331
2CD
  5
2CE
331
2CE
  5
2CF
331
2CF
  5
2D0
331
2D0
  5
2D1
331
2D1
  5
2D2
331
2D2
  5
2D3
331
2D3
  5
2D4
331
2D4
  5
2D5
331
2D5
  5
2D6
331
2D6
  5
2D7
331
2D7
  5
2D8
331
2D8
  5
2D9
331
2D9
  5
2DA
331
2DA
  5
2DB
331
2DB
  5
2DC
331
2DC
  5
2DD
331
2DD
  5
2DE
331
2DE
  5
2DF
331
2DF
  5
2E0
331
2E0
  5
2E1
331
2E1
  5
2E2
331
2E2
  5
2E3
331
2E3
  5
2E4
331
2E4
  5
2E5
331
2E5
  5
2E6
331
2E6
  5
2E7
331
2E7
  5
2E8
331
2E8
  5
2E9
331
2E9
  5
2EA
331
2EA
  5
2EB
331
2EB
  5
2EC
331
2EC
  5
2ED
331
2ED
  5
2EE
331
2EE
  5
2EF
331
2EF
  5
2F0
331
2F0
  5
2F1
331
2F1
  5
2F2
331
2F2
  5
2F3
331
2F3
  5
2F4
331
2F4
  5
2F5
331
2F5
  5
2F6
331
2F6
  5
2F7
331
2F7
  5
2F8
331
2F8
  5
2F9
331
2F9
  5
2FA
331
2FA
  5
2FB
331
2FB
  5
2FC
331
2FC
  5
2FD
331
2FD
  5
2FE
331
2FE
  5
2FF
331
2FF
  5
300
331
300
  5
301
331
301
  5
302
331
302
  5
303
331
303
  5
304
331
304
  5
305
331
305
  5
306
331
306
  5
307
331
307
  5
308
331
308
  5
309
331
309
  5
30A
331
30A
  5
30B
331
30B
  5
30C
331
30C
  5
30D
331
30D
  5
30E
331
30E
  5
30F
331
30F
  5
310
331
310
  5
311
331
311
  5
312
331
312
  5
313
331
313
  5
314
331
314
  5
315
331
315
  5
316
331
316
  5
317
331
317
  5
318
331
318
  5
319
331
319
  5
31A
331
31A
  5
31B
331
31B
  5
31C
331
31C
  5
2B6
  0
ACDBDETAILVIEWSTYLE
  5
1AC
102
{ACAD_XDICTIONARY
360
A145
102
}
102
{ACAD_REACTORS
330
1AB
102
}
330
1AB
100
AcDbModelDocViewStyle
 70
     0
  3
Imperial24
290
     0
100
AcDbDetailViewStyle
 70
     0
 71
     0
 90
        3
 71
     1
340
11
 40
0.24
340
0
 40
0.24
300

 40
0.36
280
     3
 71
     2
340
16
 90
       25
 71
     3
340
11
 40
0.24
 90
        1
 40
0.75
 90
        1
300
%<\AcVar ViewType \f "%tc1">% %<\AcVar ViewDetailId>%\PSCALE %<\AcVar ViewScale \f "%sn">%
 71
     4
340
16
 90
       25
340
16
 90
       25
280
     0
  0
ACDBDETAILVIEWSTYLE
  5
335
102
{ACAD_XDICTIONARY
360
A152
102
}
102
{ACAD_REACTORS
330
1AB
102
}
330
1AB
100
AcDbModelDocViewStyle
 70
     0
  3
Metric50
290
     0
100
AcDbDetailViewStyle
 70
     0
 71
     0
 90
        3
 71
     1
340
11
 40
5.0
340
0
 40
5.0
300

 40
0.0
280
     1
 71
     2
340
16
 90
       25
 71
     3
340
11
 40
5.0
 90
        0
 40
15.0
 90
        1
300
%<\AcVar ViewDetailId>% (%<\AcVar ViewScale \f "%sn">%)
 71
     4
340
16
 90
       25
340
16
 90
       25
280
     0
  0
LAYOUT
  5
278
102
{ACAD_XDICTIONARY
360
A14A
102
}
102
{ACAD_REACTORS
330
1A
102
}
330
1A
100
AcDbPlotSettings
  1

  2
DWF ePlot (optimized for plotting).pc3
  4

  6

 40
0.0
 41
0.0
 42
0.0
 43
0.0
 44
0.0
 45
0.0
 46
0.0
 47
0.0
 48
0.0
 49
0.0
140
0.0
141
0.0
142
1.0
143
1.0
 70
   688
 72
     0
 73
     0
 74
     5
  7

 75
    16
147
1.0
148
0.0
149
0.0
100
AcDbLayout
  1
Layout1
 70
     1
 71
     1
 10
0.0
 20
0.0
 11
12.0
 21
9.0
 12
0.0
 22
0.0
 32
0.0
 14
0.0
 24
0.0
 34
0.0
 15
0.0
 25
0.0
 35
0.0
146
0.0
 13
0.0
 23
0.0
 33
0.0
 16
1.0
 26
0.0
 36
0.0
 17
0.0
 27
1.0
 37
0.0
 76
     0
330
277
  0
LAYOUT
  5
27D
102
{ACAD_XDICTIONARY
360
A14C
102
}
102
{ACAD_REACTORS
330
1A
102
}
330
1A
100
AcDbPlotSettings
  1

  2
DWF ePlot (optimized for plotting).pc3
  4

  6

 40
0.0
 41
0.0
 42
0.0
 43
0.0
 44
0.0
 45
0.0
 46
0.0
 47
0.0
 48
0.0
 49
0.0
140
0.0
141
0.0
142
1.0
143
1.0
 70
   688
 72
     0
 73
     0
 74
     5
  7

 75
    16
147
1.0
148
0.0
149
0.0
100
AcDbLayout
  1
Layout2
 70
     1
 71
     2
 10
0.0
 20
0.0
 11
12.0
 21
9.0
 12
0.0
 22
0.0
 32
0.0
 14
0.0
 24
0.0
 34
0.0
 15
0.0
 25
0.0
 35
0.0
146
0.0
 13
0.0
 23
0.0
 33
0.0
 16
1.0
 26
0.0
 36
0.0
 17
0.0
 27
1.0
 37
0.0
 76
     0
330
27C
  0
LAYOUT
  5
22
102
{ACAD_XDICTIONARY
360
A10C
102
}
102
{ACAD_REACTORS
330
1A
102
}
330
1A
100
AcDbPlotSettings
  1

  2
none_device
  4
ANSI_A_(8.50_x_11.00_Inches)
  6

 40
6.349999904632567
 41
19.04999923706055
 42
6.350006103515625
 43
19.04998779296875
 44
215.8999938964844
 45
279.3999938964844
 46
0.0
 47
0.0
 48
0.0
 49
0.0
140
0.0
141
0.0
142
1.0
143
2.584895464708373
 70
 11952
 72
     0
 73
     1
 74
     0
  7

 75
     0
147
0.3868628397755418
148
0.0
149
0.0
100
AcDbLayout
  1
Model
 70
     1
 71
     0
 10
0.0
 20
0.0
 11
12.0
 21
9.0
 12
0.0
 22
0.0
 32
0.0
 14
0.0
 24
0.0
 34
0.0
 15
0.0
 25
0.0
 35
0.0
146
0.0
 13
0.0
 23
0.0
 33
0.0
 16
1.0
 26
0.0
 36
0.0
 17
0.0
 27
1.0
 37
0.0
 76
     0
330
1F
331
94
  0
MATERIAL
  5
97
102
{ACAD_XDICTIONARY
360
188
102
}
102
{ACAD_REACTORS
330
72
102
}
330
72
100
AcDbMaterial
  1
ByBlock
  0
MATERIAL
  5
96
102
{ACAD_XDICTIONARY
360
186
102
}
102
{ACAD_REACTORS
330
72
102
}
330
72
100
AcDbMaterial
  1
ByLayer
  0
MATERIAL
  5
98
102
{ACAD_XDICTIONARY
360
110
102
}
102
{ACAD_REACTORS
330
72
102
}
330
72
100
AcDbMaterial
  1
Global
 43
0.0208000000566244
 43
0.0
 43
0.0
 43
0.0
 43
0.0
 43
0.0208000000566244
 43
0.0
 43
0.0
 43
0.0
 43
0.0
 43
1.0
 43
0.0
 43
0.0
 43
0.0
 43
0.0
 43
1.0
 49
0.0208000000566244
 49
0.0
 49
0.0
 49
0.0
 49
0.0
 49
0.0208000000566244
 49
0.0
 49
0.0
 49
0.0
 49
0.0
 49
1.0
 49
0.0
 49
0.0
 49
0.0
 49
0.0
 49
1.0
142
0.0208000000566244
142
0.0
142
0.0
142
0.0
142
0.0
142
0.0208000000566244
142
0.0
142
0.0
142
0.0
142
0.0
142
1.0
142
0.0
142
0.0
142
0.0
142
0.0
142
1.0
144
0.0208000000566244
144
0.0
144
0.0
144
0.0
144
0.0
144
0.0208000000566244
144
0.0
144
0.0
144
0.0
144
0.0
144
1.0
144
0.0
144
0.0
144
0.0
144
0.0
144
1.0
1001
ACAD
1070
    -1
1070
     3
1070
     0
1000

1071
        0
1070
     0
  0
MLEADERSTYLE
  5
E5
102
{ACAD_XDICTIONARY
360
A131
102
}
102
{ACAD_REACTORS
330
D7
102
}
330
D7
100
AcDbMLeaderStyle
170
     2
171
     1
172
     0
 90
        2
 40
0.0
 41
0.0
173
     1
 91
-1056964608
340
14
 92
       -2
290
     1
 42
0.09
291
     1
 43
0.36
  3
Standard
 44
0.18
300

342
11
174
     1
178
     1
175
     1
176
     0
 93
-1056964608
 45
0.18
292
     0
297
     0
 46
0.18
 94
-1056964608
 47
1.0
 49
1.0
140
1.0
293
     1
141
0.0
294
     1
177
     0
142
1.0
295
     0
296
     1
143
0.125
1001
ACAD_MLEADERVER
1070
     2
  0
MLEADERSTYLE
  5
D8
102
{ACAD_XDICTIONARY
360
A12F
102
}
102
{ACAD_REACTORS
330
D7
102
}
330
D7
100
AcDbMLeaderStyle
170
     2
171
     1
172
     0
 90
        2
 40
0.0
 41
0.0
173
     1
 91
-1056964608
340
14
 92
       -2
290
     1
 42
0.09
291
     1
 43
0.36
  3
Standard
 44
0.18
300

342
11
174
     1
178
     1
175
     1
176
     0
 93
-1056964608
 45
0.18
292
     0
297
     0
 46
0.18
 94
-1056964608
 47
1.0
 49
1.0
140
1.0
293
     1
141
0.0
294
     1
177
     0
142
1.0
295
     0
296
     0
143
0.125
1001
ACAD_MLEADERVER
1070
     2
  0
MLINESTYLE
  5
18
102
{ACAD_REACTORS
330
17
102
}
330
17
100
AcDbMlineStyle
  2
STANDARD
 70
     0
  3

 62
   256
 51
90.0
 52
90.0
 71
     2
 49
0.5
 62
   256
  6
BYLAYER
 49
-0.5
 62
   256
  6
BYLAYER
  0
ACDBPLACEHOLDER
  5
F
102
{ACAD_REACTORS
330
E
102
}
330
E
  0
SCALE
  5
B7
102
{ACAD_REACTORS
330
B6
102
}
330
B6
100
AcDbScale
 70
     0
300
1:1
140
1.0
141
1.0
290
     1
  0
SCALE
  5
124
102
{ACAD_REACTORS
330
B6
102
}
330
B6
100
AcDbScale
 70
     0
300
1:2
140
1.0
141
2.0
290
     0
  0
SCALE
  5
125
102
{ACAD_REACTORS
330
B6
102
}
330
B6
100
AcDbScale
 70
     0
300
1:4
140
1.0
141
4.0
290
     0
  0
SCALE
  5
126
102
{ACAD_REACTORS
330
B6
102
}
330
B6
100
AcDbScale
 70
     0
300
1:5
140
1.0
141
5.0
290
     0
  0
SCALE
  5
127
102
{ACAD_REACTORS
330
B6
102
}
330
B6
100
AcDbScale
 70
     0
300
1:8
140
1.0
141
8.0
290
     0
  0
SCALE
  5
128
102
{ACAD_REACTORS
330
B6
102
}
330
B6
100
AcDbScale
 70
     0
300
1:10
140
1.0
141
10.0
290
     0
  0
SCALE
  5
129
102
{ACAD_REACTORS
330
B6
102
}
330
B6
100
AcDbScale
 70
     0
300
1:16
140
1.0
141
16.0
290
     0
  0
SCALE
  5
12A
102
{ACAD_REACTORS
330
B6
102
}
330
B6
100
AcDbScale
 70
     0
300
1:20
140
1.0
141
20.0
290
     0
  0
SCALE
  5
12B
102
{ACAD_REACTORS
330
B6
102
}
330
B6
100
AcDbScale
 70
     0
300
1:30
140
1.0
141
30.0
290
     0
  0
SCALE
  5
12C
102
{ACAD_REACTORS
330
B6
102
}
330
B6
100
AcDbScale
 70
     0
300
1:40
140
1.0
141
40.0
290
     0
  0
SCALE
  5
12D
102
{ACAD_REACTORS
330
B6
102
}
330
B6
100
AcDbScale
 70
     0
300
1:50
140
1.0
141
50.0
290
     0
  0
SCALE
  5
12E
102
{ACAD_REACTORS
330
B6
102
}
330
B6
100
AcDbScale
 70
     0
300
1:100
140
1.0
141
100.0
290
     0
  0
SCALE
  5
12F
102
{ACAD_REACTORS
330
B6
102
}
330
B6
100
AcDbScale
 70
     0
300
2:1
140
2.0
141
1.0
290
     0
  0
SCALE
  5
130
102
{ACAD_REACTORS
330
B6
102
}
330
B6
100
AcDbScale
 70
     0
300
4:1
140
4.0
141
1.0
290
     0
  0
SCALE
  5
131
102
{ACAD_REACTORS
330
B6
102
}
330
B6
100
AcDbScale
 70
     0
300
8:1
140
8.0
141
1.0
290
     0
  0
SCALE
  5
132
102
{ACAD_REACTORS
330
B6
102
}
330
B6
100
AcDbScale
 70
     0
300
10:1
140
10.0
141
1.0
290
     0
  0
SCALE
  5
133
102
{ACAD_REACTORS
330
B6
102
}
330
B6
100
AcDbScale
 70
     0
300
100:1
140
100.0
141
1.0
290
     0
  0
SCALE
  5
134
102
{ACAD_REACTORS
330
B6
102
}
330
B6
100
AcDbScale
 70
     0
300
1/128" = 1'-0"
140
0.0078125
141
12.0
290
     0
  0
SCALE
  5
135
102
{ACAD_REACTORS
330
B6
102
}
330
B6
100
AcDbScale
 70
     0
300
1/64" = 1'-0"
140
0.015625
141
12.0
290
     0
  0
SCALE
  5
136
102
{ACAD_REACTORS
330
B6
102
}
330
B6
100
AcDbScale
 70
     0
300
1/32" = 1'-0"
140
0.03125
141
12.0
290
     0
  0
SCALE
  5
137
102
{ACAD_REACTORS
330
B6
102
}
330
B6
100
AcDbScale
 70
     0
300
1/16" = 1'-0"
140
0.0625
141
12.0
290
     0
  0
SCALE
  5
138
102
{ACAD_REACTORS
330
B6
102
}
330
B6
100
AcDbScale
 70
     0
300
3/32" = 1'-0"
140
0.09375
141
12.0
290
     0
  0
SCALE
  5
139
102
{ACAD_REACTORS
330
B6
102
}
330
B6
100
AcDbScale
 70
     0
300
1/8" = 1'-0"
140
0.125
141
12.0
290
     0
  0
SCALE
  5
13A
102
{ACAD_REACTORS
330
B6
102
}
330
B6
100
AcDbScale
 70
     0
300
3/16" = 1'-0"
140
0.1875
141
12.0
290
     0
  0
SCALE
  5
13B
102
{ACAD_REACTORS
330
B6
102
}
330
B6
100
AcDbScale
 70
     0
300
1/4" = 1'-0"
140
0.25
141
12.0
290
     0
  0
SCALE
  5
13C
102
{ACAD_REACTORS
330
B6
102
}
330
B6
100
AcDbScale
 70
     0
300
3/8" = 1'-0"
140
0.375
141
12.0
290
     0
  0
SCALE
  5
13D
102
{ACAD_REACTORS
330
B6
102
}
330
B6
100
AcDbScale
 70
     0
300
1/2" = 1'-0"
140
0.5
141
12.0
290
     0
  0
SCALE
  5
13E
102
{ACAD_REACTORS
330
B6
102
}
330
B6
100
AcDbScale
 70
     0
300
3/4" = 1'-0"
140
0.75
141
12.0
290
     0
  0
SCALE
  5
13F
102
{ACAD_REACTORS
330
B6
102
}
330
B6
100
AcDbScale
 70
     0
300
1" = 1'-0"
140
1.0
141
12.0
290
     0
  0
SCALE
  5
140
102
{ACAD_REACTORS
330
B6
102
}
330
B6
100
AcDbScale
 70
     0
300
1-1/2" = 1'-0"
140
1.5
141
12.0
290
     0
  0
SCALE
  5
141
102
{ACAD_REACTORS
330
B6
102
}
330
B6
100
AcDbScale
 70
     0
300
3" = 1'-0"
140
3.0
141
12.0
290
     0
  0
SCALE
  5
142
102
{ACAD_REACTORS
330
B6
102
}
330
B6
100
AcDbScale
 70
     0
300
6" = 1'-0"
140
6.0
141
12.0
290
     0
  0
SCALE
  5
143
102
{ACAD_REACTORS
330
B6
102
}
330
B6
100
AcDbScale
 70
     0
300
1'-0" = 1'-0"
140
12.0
141
12.0
290
     0
  0
ACDBSECTIONVIEWSTYLE
  5
1AA
102
{ACAD_XDICTIONARY
360
A143
102
}
102
{ACAD_REACTORS
330
1A8
102
}
330
1A8
100
AcDbModelDocViewStyle
 70
     0
  3
Imperial24
290
     0
100
AcDbSectionViewStyle
 70
     0
 71
     0
 90
       78
 71
     1
340
11
 40
0.24
340
0
340
0
 40
0.24
300
I, O, Q, S, X, Z
 40
0.48
 90
        3
 40
0.18
 90
        1
 71
     2
340
1A9
 90
       25
340
16
 90
       50
 40
0.24
 40
0.0
 40
0.24
 71
     3
340
11
 40
0.24
 90
        1
 40
0.75
 90
        1
300
%<\AcVar ViewType \f "%tc1">% %<\AcVar ViewSectionStartId>%-%<\AcVar ViewSectionEndId>%\PSCALE %<\AcVar ViewScale \f "%sn">%
 71
     4
300
ANSI31
 40
1.0
 90
        0
290
     0
290
     0
 90
        6
 40
0.0
 40
1.570796326794896
 40
0.2617993877991494
 40
1.308996938995747
 40
-0.2617993877991494
 40
1.832595714594045
  0
ACDBSECTIONVIEWSTYLE
  5
334
102
{ACAD_XDICTIONARY
360
A150
102
}
102
{ACAD_REACTORS
330
1A8
102
}
330
1A8
100
AcDbModelDocViewStyle
 70
     0
  3
Metric50
290
     0
100
AcDbSectionViewStyle
 70
     0
 71
     0
 90
      102
 71
     1
340
11
 40
5.0
340
0
340
0
 40
5.0
300
I, O, Q, S, X, Z
 40
10.0
 90
        0
 40
2.5
 90
        0
 71
     2
340
16
 90
       25
340
16
 90
       50
 40
5.0
 40
2.5
 40
5.0
 71
     3
340
11
 40
5.0
 90
        0
 40
15.0
 90
        1
300
%<\AcVar ViewSectionStartId>%-%<\AcVar ViewSectionEndId>% (%<\AcVar ViewScale \f "%sn">%)
 71
     4
300
ANSI31
 40
1.0
 90
        0
290
     0
290
     0
 90
        6
 40
0.0
 40
1.570796326794896
 40
0.2617993877991494
 40
1.308996938995747
 40
-0.2617993877991494
 40
1.832595714594045
  0
TABLESTYLE
  5
1B9
102
{ACAD_XDICTIONARY
360
35D
102
}
102
{ACAD_REACTORS
330
86
102
}
330
86
100
AcDbTableStyle
  3

 70
     0
 71
     3
 40
0.03
 41
0.03
280
     0
281
     0
  7
Legend
140
0.09
170
     4
 62
     0
 63
     7
283
     0
274
    -2
284
     0
 64
     0
275
    -2
285
     0
 65
     0
276
    -2
286
     0
 66
     0
277
    -2
287
     0
 67
     0
278
    -2
288
     0
 68
     0
279
    -2
289
     0
 69
     0
  7
Legend
140
0.1
170
     5
 62
     0
 63
     7
283
     0
274
    -2
284
     0
 64
     0
275
    -2
285
     0
 65
     0
276
    -2
286
     0
 66
     0
277
    -2
287
     0
 67
     0
278
    -2
288
     0
 68
     0
279
    -2
289
     0
 69
     0
  7
Legend
140
0.09
170
     4
 62
     0
 63
     7
283
     0
274
    -2
284
     0
 64
     0
275
    -2
285
     0
 65
     0
276
    -2
286
     0
 66
     0
277
    -2
287
     0
 67
     0
278
    -2
288
     0
 68
     0
279
    -2
289
     0
 69
     0
  0
TABLESTYLE
  5
87
102
{ACAD_XDICTIONARY
360
104
102
}
102
{ACAD_REACTORS
330
86
102
}
330
86
100
AcDbTableStyle
  3
Standard
 70
     0
 71
     0
 40
0.06
 41
0.06
280
     0
281
     0
  7
Standard
140
0.18
170
     2
 62
     0
 63
     7
283
     0
274
    -2
284
     1
 64
     0
275
    -2
285
     1
 65
     0
276
    -2
286
     1
 66
     0
277
    -2
287
     1
 67
     0
278
    -2
288
     1
 68
     0
279
    -2
289
     1
 69
     0
  7
Standard
140
0.25
170
     5
 62
     0
 63
     7
283
     0
274
    -2
284
     1
 64
     0
275
    -2
285
     1
 65
     0
276
    -2
286
     1
 66
     0
277
    -2
287
     1
 67
     0
278
    -2
288
     1
 68
     0
279
    -2
289
     1
 69
     0
  7
Standard
140
0.18
170
     5
 62
     0
 63
     7
283
     0
274
    -2
284
     1
 64
     0
275
    -2
285
     1
 65
     0
276
    -2
286
     1
 66
     0
277
    -2
287
     1
 67
     0
278
    -2
288
     1
 68
     0
279
    -2
289
     1
 69
     0
  0
VISUALSTYLE
  5
9F
102
{ACAD_XDICTIONARY
360
A119
102
}
102
{ACAD_REACTORS
330
99
102
}
330
99
100
AcDbVisualStyle
  2

 70
     4
 71
     0
 72
     2
 73
     1
 90
        0
 40
-0.6
 41
-30.0
 62
     5
 63
     7
 74
     1
 91
        4
 64
     7
 65
   257
 75
     1
175
     1
 42
1.0
 92
        0
 66
   257
 43
1.0
 76
     1
 77
     6
 78
     2
 67
     7
 79
     5
170
     0
171
     0
290
     0
174
     0
 93
        1
 44
0.0
173
     0
291
     0
 45
0.0
1001
ACAD
1000
AcDbSavedByObjectVersion
1070
     0
  0
VISUALSTYLE
  5
333
102
{ACAD_XDICTIONARY
360
A14E
102
}
102
{ACAD_REACTORS
330
99
102
}
330
99
100
AcDbVisualStyle
  2

 70
     5
 71
     0
 72
     2
 73
     0
 90
        0
 40
-0.6
 41
-30.0
 62
     5
 63
     7
 74
     1
 91
        4
 64
     7
 65
   257
 75
     1
175
     1
 42
1.0
 92
        0
 66
   257
 43
1.0
 76
     1
 77
     6
 78
     2
 67
     7
 79
     5
170
     0
171
     0
290
     0
174
     0
 93
        1
 44
0.0
173
     0
291
     0
 45
0.0
1001
ACAD
1000
AcDbSavedByObjectVersion
1070
     0
  0
VISUALSTYLE
  5
9E
102
{ACAD_XDICTIONARY
360
A117
102
}
102
{ACAD_REACTORS
330
99
102
}
330
99
100
AcDbVisualStyle
  2

 70
     7
 71
     1
 72
     0
 73
     1
 90
        0
 40
-0.6
 41
-30.0
 62
     5
 63
     7
 74
     0
 91
        4
 64
     7
 65
   257
 75
     1
175
     1
 42
1.0
 92
        8
 66
     7
 43
1.0
 76
     1
 77
     6
 78
     2
 67
     7
 79
     5
170
     0
171
     0
290
     0
174
     0
 93
        1
 44
0.0
173
     0
291
     1
 45
0.0
1001
ACAD
1000
AcDbSavedByObjectVersion
1070
     0
  0
VISUALSTYLE
  5
A5
102
{ACAD_XDICTIONARY
360
A125
102
}
102
{ACAD_REACTORS
330
99
102
}
330
99
100
AcDbVisualStyle
  2

 70
    12
 71
     2
 72
     2
 73
     1
 90
        0
 40
-0.6
 41
-30.0
 62
     5
 63
     7
 74
     1
 91
        4
 64
     7
 65
   257
 75
     1
175
     1
 42
1.0
 92
        8
 66
     7
 43
1.0
 76
     1
 77
     6
 78
     2
 67
     7
 79
     5
170
     0
171
     0
290
     0
174
     0
 93
        1
 44
50.0
173
     0
291
     1
 45
0.0
1001
ACAD
1000
AcDbSavedByObjectVersion
1070
     0
  0
VISUALSTYLE
  5
A9
102
{ACAD_XDICTIONARY
360
A12D
102
}
102
{ACAD_REACTORS
330
99
102
}
330
99
100
AcDbVisualStyle
  2

 70
    16
 71
     2
 72
     2
 73
     3
 90
        0
 40
-0.6
 41
-30.0
 62
     5
 63
     8
 74
     1
 91
        4
 64
     7
 65
   257
 75
     1
175
     1
 42
1.0
 92
        8
 66
     8
 43
1.0
 76
     1
 77
     6
 78
     2
 67
     7
 79
     5
170
     0
171
     0
290
     0
174
     0
 93
        1
 44
0.0
173
     0
291
     1
 45
0.0
1001
ACAD
1000
AcDbSavedByObjectVersion
1070
     0
  0
VISUALSTYLE
  5
A2
102
{ACAD_XDICTIONARY
360
A11F
102
}
102
{ACAD_REACTORS
330
99
102
}
330
99
100
AcDbVisualStyle
  2

 70
     9
 71
     3
 72
     2
 73
     1
 90
        0
 40
-0.6
 41
-30.0
 62
     5
 63
     7
 74
     2
 91
        2
 64
     7
 65
   257
 75
     1
175
     1
 42
40.0
 92
        8
 66
     7
 43
1.0
 76
     1
 77
     6
 78
     2
 67
     7
 79
     3
170
     0
171
     0
290
     0
174
     0
 93
        1
 44
0.0
173
     0
291
     0
 45
0.0
1001
ACAD
1000
AcDbSavedByObjectVersion
1070
     0
  0
VISUALSTYLE
  5
A4
102
{ACAD_XDICTIONARY
360
A123
102
}
102
{ACAD_REACTORS
330
99
102
}
330
99
100
AcDbVisualStyle
  2

 70
    11
 71
     2
 72
     2
 73
     1
 90
        0
 40
-0.6
 41
-30.0
 62
     5
 63
     7
 74
     1
 91
        4
 64
     7
 65
   257
 75
     1
175
     1
 42
1.0
 92
        8
 66
     7
 43
1.0
 76
     1
 77
     6
 78
     2
 67
     7
 79
     5
170
     0
171
     0
290
     0
174
     0
 93
        1
 44
-50.0
173
     0
291
     1
 45
0.0
1001
ACAD
1000
AcDbSavedByObjectVersion
1070
     0
  0
VISUALSTYLE
  5
175
102
{ACAD_XDICTIONARY
360
A137
102
}
102
{ACAD_REACTORS
330
99
102
}
330
99
100
AcDbVisualStyle
  2

 70
    22
 71
     2
 72
     2
 73
     0
 90
        0
 40
-0.6
 41
-30.0
 62
     5
 63
     7
 74
     1
 91
        4
 64
     7
 65
   257
 75
     1
175
     1
 42
1.0
 92
        8
 66
     7
 43
1.0
 76
     1
 77
     6
 78
     2
 67
     7
 79
     5
170
     0
171
     0
290
     0
174
     0
 93
        1
 44
0.0
173
     0
291
     1
 45
0.0
1001
ACAD
1000
AcDbSavedByObjectVersion
1070
     0
  0
VISUALSTYLE
  5
A8
102
{ACAD_XDICTIONARY
360
A12B
102
}
102
{ACAD_REACTORS
330
99
102
}
330
99
100
AcDbVisualStyle
  2

 70
    15
 71
     2
 72
     2
 73
     1
 90
        0
 40
-0.6
 41
-30.0
 62
     5
 63
     7
 74
     1
 91
        4
 64
     7
 65
   257
 75
     1
175
     1
 42
1.0
 92
        8
 66
     7
 43
1.0
 76
     1
 77
     6
 78
     2
 67
     7
 79
     5
170
     0
171
     0
290
     0
174
     0
 93
        1
 44
0.0
173
     0
291
     1
 45
0.0
1001
ACAD
1000
AcDbSavedByObjectVersion
1070
     0
  0
VISUALSTYLE
  5
9A
102
{ACAD_XDICTIONARY
360
A10F
102
}
102
{ACAD_REACTORS
330
99
102
}
330
99
100
AcDbVisualStyle
  2

 70
     0
 71
     2
 72
     1
 73
     1
 90
        2
 40
-0.6
 41
30.0
 62
     5
 63
     7
 74
     0
 91
        0
 64
     7
 65
   257
 75
     1
175
     1
 42
1.0
 92
        8
 66
     7
 43
1.0
 76
     1
 77
     6
 78
     2
 67
     7
 79
     5
170
     0
171
     0
290
     0
174
     0
 93
       13
 44
0.0
173
     0
291
     1
 45
0.0
1001
ACAD
1000
AcDbSavedByObjectVersion
1070
     0
  0
VISUALSTYLE
  5
9B
102
{ACAD_XDICTIONARY
360
A111
102
}
102
{ACAD_REACTORS
330
99
102
}
330
99
100
AcDbVisualStyle
  2

 70
     1
 71
     2
 72
     1
 73
     1
 90
        2
 40
-0.6
 41
30.0
 62
     5
 63
     7
 74
     1
 91
        0
 64
     7
 65
   257
 75
     1
175
     1
 42
1.0
 92
        0
 66
   257
 43
1.0
 76
     1
 77
     6
 78
     2
 67
     7
 79
     5
170
     0
171
     0
290
     0
174
     0
 93
       13
 44
0.0
173
     0
291
     1
 45
0.0
1001
ACAD
1000
AcDbSavedByObjectVersion
1070
     0
  0
VISUALSTYLE
  5
9C
102
{ACAD_XDICTIONARY
360
A113
102
}
102
{ACAD_REACTORS
330
99
102
}
330
99
100
AcDbVisualStyle
  2

 70
     2
 71
     2
 72
     2
 73
     1
 90
        2
 40
-0.6
 41
30.0
 62
     5
 63
     7
 74
     0
 91
        0
 64
     7
 65
   257
 75
     1
175
     1
 42
1.0
 92
        0
 66
     7
 43
1.0
 76
     1
 77
     6
 78
     2
 67
     7
 79
     5
170
     0
171
     0
290
     0
174
     0
 93
       13
 44
0.0
173
     0
291
     1
 45
0.0
1001
ACAD
1000
AcDbSavedByObjectVersion
1070
     0
  0
VISUALSTYLE
  5
9D
102
{ACAD_XDICTIONARY
360
A115
102
}
102
{ACAD_REACTORS
330
99
102
}
330
99
100
AcDbVisualStyle
  2

 70
     3
 71
     2
 72
     2
 73
     1
 90
        2
 40
-0.6
 41
30.0
 62
     5
 63
     7
 74
     1
 91
        0
 64
     7
 65
   257
 75
     1
175
     1
 42
1.0
 92
        0
 66
   257
 43
1.0
 76
     1
 77
     6
 78
     2
 67
     7
 79
     5
170
     0
171
     0
290
     0
174
     0
 93
       13
 44
0.0
173
     0
291
     1
 45
0.0
1001
ACAD
1000
AcDbSavedByObjectVersion
1070
     0
  0
VISUALSTYLE
  5
A1
102
{ACAD_XDICTIONARY
360
A11D
102
}
102
{ACAD_REACTORS
330
99
102
}
330
99
100
AcDbVisualStyle
  2

 70
     6
 71
     1
 72
     2
 73
     2
 90
        0
 40
-0.6
 41
-30.0
 62
     5
 63
     7
 74
     2
 91
        2
 64
     7
 65
   257
 75
     2
175
     1
 42
40.0
 92
        0
 66
   257
 43
1.0
 76
     1
 77
     6
 78
     2
 67
     7
 79
     3
170
     0
171
     0
290
     0
174
     0
 93
        1
 44
0.0
173
     0
291
     0
 45
0.0
1001
ACAD
1000
AcDbSavedByObjectVersion
1070
     0
  0
VISUALSTYLE
  5
173
102
{ACAD_XDICTIONARY
360
A133
102
}
102
{ACAD_REACTORS
330
99
102
}
330
99
100
AcDbVisualStyle
  2

 70
    20
 71
     2
 72
     2
 73
     0
 90
        0
 40
-0.6
 41
-30.0
 62
     5
 63
     7
 74
     1
 91
        4
 64
     7
 65
   257
 75
     1
175
     1
 42
1.0
 92
       10
 66
     7
 43
1.0
 76
     1
 77
     6
 78
     2
 67
     7
 79
     5
170
     0
171
     0
290
     0
174
     0
 93
        1
 44
0.0
173
     0
291
     1
 45
0.0
1001
ACAD
1000
AcDbSavedByObjectVersion
1070
     0
  0
VISUALSTYLE
  5
A7
102
{ACAD_XDICTIONARY
360
A129
102
}
102
{ACAD_REACTORS
330
99
102
}
330
99
100
AcDbVisualStyle
  2

 70
    14
 71
     2
 72
     2
 73
     1
 90
        0
 40
-0.6
 41
-30.0
 62
     5
 63
     7
 74
     1
 91
        4
 64
     7
 65
   257
 75
     7
175
     7
 42
1.0
 92
        8
 66
     7
 43
1.0
 76
     1
 77
     6
 78
     2
 67
     7
 79
     5
170
     0
171
     0
290
     0
174
     0
 93
        1
 44
0.0
173
     0
291
     1
 45
0.0
1001
ACAD
1000
AcDbSavedByObjectVersion
1070
     0
  0
VISUALSTYLE
  5
174
102
{ACAD_XDICTIONARY
360
A135
102
}
102
{ACAD_REACTORS
330
99
102
}
330
99
100
AcDbVisualStyle
  2

 70
    21
 71
     2
 72
     2
 73
     0
 90
        0
 40
-0.6
 41
-30.0
 62
     5
 63
     7
 74
     1
 91
        4
 64
     7
 65
   257
 75
     1
175
     1
 42
1.0
 92
        9
 66
     7
 43
1.0
 76
     1
 77
     6
 78
     2
 67
     7
 79
     5
170
     0
171
     0
290
     0
174
     0
 93
        1
 44
0.0
173
     0
291
     1
 45
0.0
1001
ACAD
1000
AcDbSavedByObjectVersion
1070
     0
  0
VISUALSTYLE
  5
A3
102
{ACAD_XDICTIONARY
360
A121
102
}
102
{ACAD_REACTORS
330
99
102
}
330
99
100
AcDbVisualStyle
  2

 70
     8
 71
     2
 72
     3
 73
     0
 90
        2
 40
-0.6
 41
30.0
 62
     5
 63
     7
 74
     0
 91
        0
 64
     7
 65
   257
 75
     1
175
     1
 42
1.0
 92
        8
 66
   257
 43
1.0
 76
     1
 77
     6
 78
     2
 67
     7
 79
     3
170
     0
171
     0
290
     0
174
     0
 93
       13
 44
0.0
173
     0
291
     0
 45
0.0
1001
ACAD
1000
AcDbSavedByObjectVersion
1070
     0
  0
VISUALSTYLE
  5
182
102
{ACAD_XDICTIONARY
360
A141
102
}
102
{ACAD_REACTORS
330
99
102
}
330
99
100
AcDbVisualStyle
  2

 70
    27
 71
     2
 72
     2
 73
     1
 90
        2
 40
-0.6
 41
30.0
 62
     5
 63
     7
 74
     0
 91
        4
 64
     7
 65
   257
 75
     1
175
     1
 42
1.0
 92
        8
 66
   257
 43
1.0
 76
     1
 77
     6
 78
     2
 67
     8
 79
     3
170
     0
171
     0
290
     0
174
     0
 93
        5
 44
0.0
173
     0
291
     0
 45
0.0
1001
ACAD
1000
AcDbSavedByObjectVersion
1070
     0
  0
VISUALSTYLE
  5
181
102
{ACAD_XDICTIONARY
360
A13F
102
}
102
{ACAD_REACTORS
330
99
102
}
330
99
100
AcDbVisualStyle
  2

 70
    26
 71
     2
 72
     2
 73
     1
 90
        2
 40
-0.6
 41
30.0
 62
     5
 63
     7
 74
     1
 91
        2
 64
     7
 65
   257
 75
     2
175
     1
 42
1.0
 92
        8
 66
   257
 43
1.0
 76
     1
 77
     6
 78
     2
 67
     7
 79
     3
170
     0
171
     0
290
     0
174
     0
 93
        5
 44
0.0
173
     0
291
     0
 45
0.0
1001
ACAD
1000
AcDbSavedByObjectVersion
1070
     0
  0
VISUALSTYLE
  5
17E
102
{ACAD_XDICTIONARY
360
A139
102
}
102
{ACAD_REACTORS
330
99
102
}
330
99
100
AcDbVisualStyle
  2

 70
    23
 71
     2
 72
     2
 73
     3
 90
        0
 40
-0.6
 41
-30.0
 62
     5
 63
     7
 74
     2
 91
        2
 64
     7
 65
     7
 75
     1
175
     1
 42
40.0
 92
        8
 66
     7
 43
1.0
 76
     1
 77
     6
 78
     2
 67
     7
 79
     3
170
     0
171
     0
290
     0
174
     0
 93
        1
 44
0.0
173
     0
291
     0
 45
0.0
1001
ACAD
1000
AcDbSavedByObjectVersion
1070
     0
  0
VISUALSTYLE
  5
17F
102
{ACAD_XDICTIONARY
360
A13B
102
}
102
{ACAD_REACTORS
330
99
102
}
330
99
100
AcDbVisualStyle
  2

 70
    24
 71
     1
 72
     2
 73
     2
 90
        0
 40
-0.6
 41
-30.0
 62
     5
 63
     7
 74
     2
 91
        2
 64
     7
 65
     7
 75
     1
175
     1
 42
40.0
 92
       11
 66
     7
 43
1.0
 76
     1
 77
     6
 78
     2
 67
     7
 79
     6
170
     0
171
     0
290
     0
174
     0
 93
        1
 44
0.0
173
     0
291
     0
 45
0.0
1001
ACAD
1000
AcDbSavedByObjectVersion
1070
     0
  0
VISUALSTYLE
  5
A6
102
{ACAD_XDICTIONARY
360
A127
102
}
102
{ACAD_REACTORS
330
99
102
}
330
99
100
AcDbVisualStyle
  2

 70
    13
 71
     2
 72
     2
 73
     1
 90
        0
 40
-0.6
 41
-30.0
 62
     5
 63
     7
 74
     1
 91
        4
 64
     7
 65
   257
 75
     1
175
     1
 42
1.0
 92
       12
 66
     7
 43
1.0
 76
     1
 77
     6
 78
     2
 67
     7
 79
     5
170
     0
171
     0
290
     0
174
     0
 93
        1
 44
0.0
173
     0
291
     1
 45
0.0
1001
ACAD
1000
AcDbSavedByObjectVersion
1070
     0
  0
VISUALSTYLE
  5
A0
102
{ACAD_XDICTIONARY
360
A11B
102
}
102
{ACAD_REACTORS
330
99
102
}
330
99
100
AcDbVisualStyle
  2

 70
     5
 71
     0
 72
     2
 73
     0
 90
        0
 40
-0.6
 41
-30.0
 62
     5
 63
     7
 74
     1
 91
        4
 64
     7
 65
   257
 75
     1
175
     1
 42
1.0
 92
        0
 66
   257
 43
1.0
 76
     1
 77
     6
 78
     2
 67
     7
 79
     3
170
     0
171
     0
290
     0
174
     0
 93
        1
 44
0.0
173
     0
291
     0
 45
0.0
1001
ACAD
1000
AcDbSavedByObjectVersion
1070
     0
  0
VISUALSTYLE
  5
180
102
{ACAD_XDICTIONARY
360
A13D
102
}
102
{ACAD_REACTORS
330
99
102
}
330
99
100
AcDbVisualStyle
  2

 70
    25
 71
     2
 72
     2
 73
     1
 90
        1
 40
0.5
 41
-30.0
 62
     5
 63
     7
 74
     1
 91
        0
 64
     7
 65
   257
 75
     1
175
     1
 42
1.0
 92
        8
 66
     7
 43
1.0
 76
     1
 77
     6
 78
     2
 67
     7
 79
     3
170
     0
171
     0
290
     0
174
     0
 93
       13
 44
0.0
173
     0
291
     0
 45
0.0
1001
ACAD
1000
AcDbSavedByObjectVersion
1070
     0
  0
DICTIONARYVAR
  5
337
102
{ACAD_REACTORS
330
336
102
}
330
336
100
DictionaryVariables
280
     0
  1
3.000000
  0
DICTIONARYVAR
  5
338
102
{ACAD_REACTORS
330
336
102
}
330
336
100
DictionaryVariables
280
     0
  1
1
  0
DICTIONARYVAR
  5
339
102
{ACAD_REACTORS
330
336
102
}
330
336
100
DictionaryVariables
280
     0
  1
1:1
  0
DICTIONARYVAR
  5
33A
102
{ACAD_REACTORS
330
336
102
}
330
336
100
DictionaryVariables
280
     0
  1
STANDARD
  0
DICTIONARYVAR
  5
33B
102
{ACAD_REACTORS
330
336
102
}
330
336
100
DictionaryVariables
280
     0
  1
STANDARD
  0
DICTIONARYVAR
  5
33C
102
{ACAD_REACTORS
330
336
102
}
330
336
100
DictionaryVariables
280
     0
  1
Imperial24
  0
DICTIONARYVAR
  5
33D
102
{ACAD_REACTORS
330
336
102
}
330
336
100
DictionaryVariables
280
     0
  1
Imperial24
  0
DICTIONARYVAR
  5
33E
102
{ACAD_REACTORS
330
336
102
}
330
336
100
DictionaryVariables
280
     0
  1
0
  0
DICTIONARYVAR
  5
33F
102
{ACAD_REACTORS
330
336
102
}
330
336
100
DictionaryVariables
280
     0
  1
2
  0
DICTIONARYVAR
  5
340
102
{ACAD_REACTORS
330
336
102
}
330
336
100
DictionaryVariables
280
     0
  1
1
  0
DICTIONARYVAR
  5
341
102
{ACAD_REACTORS
330
336
102
}
330
336
100
DictionaryVariables
280
     0
  1
1
  0
DICTIONARYVAR
  5
342
102
{ACAD_REACTORS
330
336
102
}
330
336
100
DictionaryVariables
280
     0
  1
BYLAYER
  0
DICTIONARYVAR
  5
343
102
{ACAD_REACTORS
330
336
102
}
330
336
100
DictionaryVariables
280
     0
  1
0
  0
DICTIONARYVAR
  5
344
102
{ACAD_REACTORS
330
336
102
}
330
336
100
DictionaryVariables
280
     0
  1
ByLayer
  0
DICTIONARYVAR
  5
345
102
{ACAD_REACTORS
330
336
102
}
330
336
100
DictionaryVariables
280
     0
  1
0
  0
DICTIONARYVAR
  5
346
102
{ACAD_REACTORS
330
336
102
}
330
336
100
DictionaryVariables
280
     0
  1
0
  0
DICTIONARYVAR
  5
347
102
{ACAD_REACTORS
330
336
102
}
330
336
100
DictionaryVariables
280
     0
  1
0
  0
DICTIONARYVAR
  5
348
102
{ACAD_REACTORS
330
336
102
}
330
336
100
DictionaryVariables
280
     0
  1
2
  0
DICTIONARYVAR
  5
349
102
{ACAD_REACTORS
330
336
102
}
330
336
100
DictionaryVariables
280
     0
  1
1.000000
  0
DICTIONARYVAR
  5
34A
102
{ACAD_REACTORS
330
336
102
}
330
336
100
DictionaryVariables
280
     0
  1
1
  0
DICTIONARYVAR
  5
34B
102
{ACAD_REACTORS
330
336
102
}
330
336
100
DictionaryVariables
280
     0
  1
2
  0
DICTIONARYVAR
  5
34C
102
{ACAD_REACTORS
330
336
102
}
330
336
100
DictionaryVariables
280
     0
  1
1
  0
DICTIONARYVAR
  5
34D
102
{ACAD_REACTORS
330
336
102
}
330
336
100
DictionaryVariables
280
     0
  1
0
  0
DICTIONARYVAR
  5
34E
102
{ACAD_REACTORS
330
336
102
}
330
336
100
DictionaryVariables
280
     0
  1
127
  0
DICTIONARYVAR
  5
35B
102
{ACAD_REACTORS
330
336
102
}
330
336
100
DictionaryVariables
280
     0
  1
100.000000
  0
DICTIONARYVAR
  5
A107
102
{ACAD_REACTORS
330
336
102
}
330
336
100
DictionaryVariables
280
     0
  1
2
  0
XRECORD
  5
359
102
{ACAD_REACTORS
330
1C9
102
}
330
1C9
100
AcDbXrecord
280
     1
1000
ADE02C001
1070
     1
1070
     0
1002
{
1002
}
1002
{
1002
}
1002
{
1002
}
1000

  0
XRECORD
  5
1D1
102
{ACAD_REACTORS
330
1CF
102
}
330
1CF
100
AcDbXrecord
280
     1
330
358
  0
DMSTYLIZEDENTITIESTABLE
  5
1C1
102
{ACAD_REACTORS
330
1B0
102
}
330
1B0
100
AcMapDMStylizedEntitiesTable
 70
     1
1001
ACAD
1000
AcRTDxfName
1000
DMSTYLIZEDENTITIESTABLE
  0
ACDBDATATABLE
  5
1B4
102
{ACAD_REACTORS
330
1B0
102
}
330
1B0
100
ACDBDATATABLE
 70
     2
 90
        4
 91
       15
  1

 92
        3
  2
OriginalClassName
  3
AcMapDMDefaultStyle
  3
AcMapDMEntityStyle
  3
AcMapDMRasterStyle
  3
AcMapDMSEAnnotationStyle
  3
AcMapDMSEHatchStyle
  3
AcMapDMSETextStyle
  3
AcMapDMThematicStyle
  3
AcMapDMBaseElement
  3
AcMapDMAttachedDwgsQueryElement
  3
AcMapDMFeatureElement
  3
AcMapDMLayerElement
  3
AcMapDMCurrentDwgQueryElement
  3
AcMapDMRasterElement
  3
AcMapDMTopoElement
  3
AcMapDMTopoQueryElement
 92
        3
  2
ProxyDisplayName
  3
Default
  3
Entity
  3
Raster
  3
Annotation
  3
Hatch
  3
Text
  3
Thematic
  3
Map Base
  3
Ade Query
  3
Feature Class
  3
Layer
  3
Ade Project Query
  3
Raster
  3
Topology
  3
Topology Query
 92
        1
  2
CustomObjectType
 93
        2
 93
        2
 93
        2
 93
        2
 93
        2
 93
        2
 93
        2
 93
        1
 93
        1
 93
        1
 93
        1
 93
        1
 93
        1
 93
        1
 93
        1
 92
        1
  2
StyleCoExistanceType
 93
        1
 93
        1
 93
        1
 93
        1
 93
        1
 93
        1
 93
        2
 93
        0
 93
        0
 93
        0
 93
        0
 93
        0
 93
        0
 93
        0
 93
        0
  0
DMMAPMANAGER
  5
1B1
102
{ACAD_REACTORS
330
1B0
102
}
330
1B0
100
AcDbDictionary
281
     1
  3
DisplayMap1
350
1B7
100
AcDbDictionaryWithDefault
340
1B7
100
AcMapDMMapManager
 70
     1
340
1B7
1001
ACAD
1000
AcRTDxfName
1000
DMMAPMANAGER
  0
DMSTYLELIBRARY
  5
1B2
102
{ACAD_REACTORS
330
1B0
102
}
330
1B0
100
AcMapDMStyleLibrary
 70
     1
 70
     1
360
1B3
1001
ACAD
1000
AcRTDxfName
1000
DMSTYLELIBRARY
  0
DICTIONARY
  5
1C2
102
{ACAD_REACTORS
330
1B0
102
}
330
1B0
100
AcDbDictionary
281
     1
  0
DICTIONARY
  5
1CC
102
{ACAD_REACTORS
330
1B0
102
}
330
1B0
100
AcDbDictionary
281
     1
  3
MetadataPersistObject
350
1CD
  0
DICTIONARY
  5
A148
330
1C7
100
AcDbDictionary
280
     1
281
     1
  3
ACAD_XREC_ROUNDTRIP
360
A149
  0
DICTIONARY
  5
A145
330
1AC
100
AcDbDictionary
280
     1
281
     1
  3
ACAD_XREC_ROUNDTRIP
360
A146
  0
DICTIONARY
  5
A152
330
335
100
AcDbDictionary
280
     1
281
     1
  3
ACAD_XREC_ROUNDTRIP
360
A153
  0
DICTIONARY
  5
A14A
330
278
100
AcDbDictionary
280
     1
281
     1
  3
ACAD_XREC_ROUNDTRIP
360
A14B
  0
DICTIONARY
  5
A14C
330
27D
100
AcDbDictionary
280
     1
281
     1
  3
ACAD_XREC_ROUNDTRIP
360
A14D
  0
DICTIONARY
  5
A10C
330
22
100
AcDbDictionary
280
     1
281
     1
  3
ACAD_XREC_ROUNDTRIP
360
A10D
  0
DICTIONARY
  5
188
330
97
100
AcDbDictionary
280
     1
281
     1
  3
ACAD_XREC_ROUNDTRIP
360
36C
  3
FBXASSET
360
189
  0
DICTIONARY
  5
186
330
96
100
AcDbDictionary
280
     1
281
     1
  3
ACAD_XREC_ROUNDTRIP
360
36B
  3
FBXASSET
360
187
  0
DICTIONARY
  5
110
330
98
100
AcDbDictionary
280
     1
281
     1
  3
ACAD_XREC_ROUNDTRIP
360
36D
  3
BUMPTILE
360
112
  3
DIFFUSETILE
360
111
  3
FBXASSET
360
18A
  3
OPACITYTILE
360
113
  3
REFLECTIONTILE
360
114
  0
DICTIONARY
  5
A131
330
E5
100
AcDbDictionary
280
     1
281
     1
  3
ACAD_XREC_ROUNDTRIP
360
A132
  0
DICTIONARY
  5
A12F
330
D8
100
AcDbDictionary
280
     1
281
     1
  3
ACAD_XREC_ROUNDTRIP
360
A130
  0
DICTIONARY
  5
A143
330
1AA
100
AcDbDictionary
280
     1
281
     1
  3
ACAD_XREC_ROUNDTRIP
360
A144
  0
DICTIONARY
  5
A150
330
334
100
AcDbDictionary
280
     1
281
     1
  3
ACAD_XREC_ROUNDTRIP
360
A151
  0
DICTIONARY
  5
35D
330
1B9
100
AcDbDictionary
280
     1
281
     1
  3
ACAD_ROUNDTRIP_2008_TABLESTYLE_CELLSTYLEMAP
360
A109
  3
ACAD_XREC_ROUNDTRIP
360
A147
  0
DICTIONARY
  5
104
330
87
100
AcDbDictionary
280
     1
281
     1
  3
ACAD_ROUNDTRIP_2008_TABLESTYLE_CELLSTYLEMAP
360
A108
  3
ACAD_XREC_ROUNDTRIP
360
A10E
  0
DICTIONARY
  5
A119
330
9F
100
AcDbDictionary
280
     1
281
     1
  3
ACAD_XREC_ROUNDTRIP
360
A11A
  0
DICTIONARY
  5
A14E
330
333
100
AcDbDictionary
280
     1
281
     1
  3
ACAD_XREC_ROUNDTRIP
360
A14F
  0
DICTIONARY
  5
A117
330
9E
100
AcDbDictionary
280
     1
281
     1
  3
ACAD_XREC_ROUNDTRIP
360
A118
  0
DICTIONARY
  5
A125
330
A5
100
AcDbDictionary
280
     1
281
     1
  3
ACAD_XREC_ROUNDTRIP
360
A126
  0
DICTIONARY
  5
A12D
330
A9
100
AcDbDictionary
280
     1
281
     1
  3
ACAD_XREC_ROUNDTRIP
360
A12E
  0
DICTIONARY
  5
A11F
330
A2
100
AcDbDictionary
280
     1
281
     1
  3
ACAD_XREC_ROUNDTRIP
360
A120
  0
DICTIONARY
  5
A123
330
A4
100
AcDbDictionary
280
     1
281
     1
  3
ACAD_XREC_ROUNDTRIP
360
A124
  0
DICTIONARY
  5
A137
330
175
100
AcDbDictionary
280
     1
281
     1
  3
ACAD_XREC_ROUNDTRIP
360
A138
  0
DICTIONARY
  5
A12B
330
A8
100
AcDbDictionary
280
     1
281
     1
  3
ACAD_XREC_ROUNDTRIP
360
A12C
  0
DICTIONARY
  5
A10F
330
9A
100
AcDbDictionary
280
     1
281
     1
  3
ACAD_XREC_ROUNDTRIP
360
A110
  0
DICTIONARY
  5
A111
330
9B
100
AcDbDictionary
280
     1
281
     1
  3
ACAD_XREC_ROUNDTRIP
360
A112
  0
DICTIONARY
  5
A113
330
9C
100
AcDbDictionary
280
     1
281
     1
  3
ACAD_XREC_ROUNDTRIP
360
A114
  0
DICTIONARY
  5
A115
330
9D
100
AcDbDictionary
280
     1
281
     1
  3
ACAD_XREC_ROUNDTRIP
360
A116
  0
DICTIONARY
  5
A11D
330
A1
100
AcDbDictionary
280
     1
281
     1
  3
ACAD_XREC_ROUNDTRIP
360
A11E
  0
DICTIONARY
  5
A133
330
173
100
AcDbDictionary
280
     1
281
     1
  3
ACAD_XREC_ROUNDTRIP
360
A134
  0
DICTIONARY
  5
A129
330
A7
100
AcDbDictionary
280
     1
281
     1
  3
ACAD_XREC_ROUNDTRIP
360
A12A
  0
DICTIONARY
  5
A135
330
174
100
AcDbDictionary
280
     1
281
     1
  3
ACAD_XREC_ROUNDTRIP
360
A136
  0
DICTIONARY
  5
A121
330
A3
100
AcDbDictionary
280
     1
281
     1
  3
ACAD_XREC_ROUNDTRIP
360
A122
  0
DICTIONARY
  5
A141
330
182
100
AcDbDictionary
280
     1
281
     1
  3
ACAD_XREC_ROUNDTRIP
360
A142
  0
DICTIONARY
  5
A13F
330
181
100
AcDbDictionary
280
     1
281
     1
  3
ACAD_XREC_ROUNDTRIP
360
A140
  0
DICTIONARY
  5
A139
330
17E
100
AcDbDictionary
280
     1
281
     1
  3
ACAD_XREC_ROUNDTRIP
360
A13A
  0
DICTIONARY
  5
A13B
330
17F
100
AcDbDictionary
280
     1
281
     1
  3
ACAD_XREC_ROUNDTRIP
360
A13C
  0
DICTIONARY
  5
A127
330
A6
100
AcDbDictionary
280
     1
281
     1
  3
ACAD_XREC_ROUNDTRIP
360
A128
  0
DICTIONARY
  5
A11B
330
A0
100
AcDbDictionary
280
     1
281
     1
  3
ACAD_XREC_ROUNDTRIP
360
A11C
  0
DICTIONARY
  5
A13D
330
180
100
AcDbDictionary
280
     1
281
     1
  3
ACAD_XREC_ROUNDTRIP
360
A13E
  0
DMMAP
  5
1B7
102
{ACAD_REACTORS
330
1B1
330
1BA
102
}
330
1B1
100
AcMapDMMap
 70
     1
  1
Default
 70
     1
330
0
100
AcMapDMMap
 70
     1
 90
        1
360
1BA
 90
        1
 40
1.797693134862313E+99
 70
     1
100
AcMapDMMap
 70
     2
 70
     0
 40
1.797693134862313E+99
290
     1
290
     1
 40
1.0
 40
3.0
  1
Legend
 90
        1
 40
1.797693134862313E+99
  1

 70
     0
 40
1.0
 70
     1
 90
        0
 90
        1
360
1BB
1001
MapManagementAppName
1070
     1
1070
     0
1040
0.0
1040
0.0
1040
1000.0
1040
1000.0
1000

1001
ACAD
1000
AcRTDxfName
1000
DMMAP
  0
DMSTYLECATEGORY
  5
1B3
102
{ACAD_REACTORS
330
1B2
102
}
330
1B2
100
AcMapDMStyleCategory
 70
     1
  1
Display Styles
 70
     0
1001
ACAD
1000
AcRTDxfName
1000
DMSTYLECATEGORY
  0
MAPMETADATAOBJECT
  5
1CD
102
{ACAD_REACTORS
330
1CC
102
}
330
1CC
100
AcMapMetadataPersistObject
 90
        1
 90
        0
1001
ACAD
1000
AcRTDxfName
1000
MAPMETADATAOBJECT
  0
XRECORD
  5
A149
102
{ACAD_REACTORS
330
A148
102
}
330
A148
100
AcDbXrecord
280
     1
102
COORDINATE_TYPE
 90
        1
  0
XRECORD
  5
A146
102
{ACAD_REACTORS
330
A145
102
}
330
A145
100
AcDbXrecord
280
     1
102
DISPLAYNAME
  1
Imperial24
102
FLAGS
 90
        0
  0
XRECORD
  5
A153
102
{ACAD_REACTORS
330
A152
102
}
330
A152
100
AcDbXrecord
280
     1
102
DISPLAYNAME
  1
Metric50
102
FLAGS
 90
        0
  0
XRECORD
  5
A14B
102
{ACAD_REACTORS
330
A14A
102
}
330
A14A
100
AcDbXrecord
280
     1
102
SHADEPLOT
 70
     0
102
SHADEPLOTRESLEVEL
 70
     2
102
SHADEPLOTCUSTOMDPI
 70
   300
  0
XRECORD
  5
A14D
102
{ACAD_REACTORS
330
A14C
102
}
330
A14C
100
AcDbXrecord
280
     1
102
SHADEPLOT
 70
     0
102
SHADEPLOTRESLEVEL
 70
     2
102
SHADEPLOTCUSTOMDPI
 70
   300
  0
XRECORD
  5
A10D
102
{ACAD_REACTORS
330
A10C
102
}
330
A10C
100
AcDbXrecord
280
     1
102
SHADEPLOT
 70
     0
102
SHADEPLOTRESLEVEL
 70
     2
102
SHADEPLOTCUSTOMDPI
 70
   300
  0
XRECORD
  5
36C
102
{ACAD_REACTORS
330
188
102
}
330
188
100
AcDbXrecord
280
     1
102
MATERIAL
148
0.0
149
0.0
149
0.0
 93
        0
 94
      127
282
     0
 72
     1
 77
     1
171
     1
175
     1
179
     1
273
     0
  0
XRECORD
  5
189
102
{ACAD_REACTORS
330
188
102
}
330
188
100
AcDbXrecord
280
     1
 70
     1
 90
429727718
  1
508B35C9-AEE7-456F-BE74-D52651303AC6
310
504B03040A0000080000B670623B3DEE336E79000000790000001B0000006175746F6465736B2D64657369676E2D7061636B6167652E786D6C3C3F786D6C2076657273696F6E3D22312E302220656E636F64696E673D227574662D3822203F3E3C666F726D6174733E3C666F726D61743E687474703A2F2F736368656D612E
310
6175746F6465736B2E636F6D2F64657369676E2D7061636B6167652F323030393C2F666F726D61743E3C2F666F726D6174733E504B0304140006080800B670623BD486FD9CA0000000F4000000130000005B436F6E74656E745F54797065735D2E786D6C7D8EC10E82300C865F65E91D8A1E8C310C0EEA1BF002731658846E
310
D98AC1B77784ABF1D8FE5FBFBF75BBCE937A534CCEB38643598122B6FEE978D0B0485F9C41B54DDD7D022595594E1A469170414C76A4D9A4D207E29CF43ECE46F218070CC6BECC4078ACAA135ACF422C856C0E68EA1BF5669944DDD7BCDE7B1F8E415D77AECB980613C2E4AC91FC167A2B244592486606FC29C8FD7F045B9A
310
EF7053A7E60B504B0304140006080800B670623B28ED286BEB0000007C01000008000000636F72652E786D6C8D90416EC3201045AF82665B6183218D6D61A254764FD00B204C5C94182C03558F5F9C3852BBEB6A467FFE9B197D71FA9E6FE8CBACC17AD7012D0820E3B41FAD9B3A48F1826B40272956EFE32F1B20A766D3C1
310
268314D3EAD3B24BDABB685CCCAAF3A3D94515828980F42D371D04FD696655A814B3235C8B45E9AB9A4C419F5D8653B2237A1CB163DE672FD6AC209BF3C08E0D1B30EB19C3FC9D72FCC6EB231EFA33EDE96BDD341517E5064B11EDFCBCAF57A3A2194156843498524CAA0FCA5B7268F9E185D42D21A2DCEC7FA0B48CFF8492
310
759155FBBB0F2C80A4F991FB408A72CB22977B50B96EB9C91F504B0304140006080800B670623B55019EA25F0000007C00000007000000636E782E786D6C4DCB3B0E80201045D1AD90E915ED2CF8AC45050C11660C8261F98AB1B07AC9C97D42D718D865D3E909258CFD00CCE24AC6E326A164D74DC0B4128928FF32603847
310
2BA13128B1252AC747C6BAB984FC68F0B87FE8960A5C09FE86CFB69FBA01504B0304140006080800B670623B7BC41AC871010000D40300000C0000006662782F636F72652E786D6CC553ED6E8320147D15C2DF4501B56B6D90A64BBB27D80B50A5CE54C120983EFEAE1F4DD7A56BBA5FF3879273EEE59E7310BE393735EA95
310
ED2AA333CC428A91D2B9292A5D66D8BB63B0C26823B835C67D2BC348CB46657880B1E0A535BE9DA1DC68A7B403549B42CDA0EC3AE530CA6B5864B8CB3F552343E91D5474A7B095F949962A6421D0502778E72C0840D390E18DC5F170E664C205F7BE2A66B62A605A75AC94C522DDEEE3651AEF837817C741F2CE92E02D592D
310
83FD6ECB76EC7595A651C2C9D02CB8AB9A8BBADC2AE954814544691A3016D0E883256BBA58278B17BA5A53CAC9507ED3E4DBE2C9265F691747B3DCA9ADC382819091F8E1162272A8933DE82182932144F88C09DF060D8140C84E1EEA8B8F1340BDCA9DB1093085F157AA97B557309586747CD0EF0B4EA64E983A6E0EAEEFCE
310
889E9EF17847386AA94B30211D2C0FDE0D3AF9A4610EAD5536E8DD1969631B593F67E381C33F5157F17725E5A636F6BF1491F980C8FC7B90E13E8A2F504B0304140006080800B670623B70102A487D0000009D0000000B0000006662782F636E782E786D6C4DCCD10A83201886E15B91FFDC95A5C30335ACCDFB886521330D
310
A76397BF1A1DECE883878F57749FD5A3B74D2F17830472A901D9F088930B8B849267CC01754AA418F3DF0D5018572BE160506249B16C274D761E8BCFBB7A179E27F65CB39A0F14D396184C9921B81F34C3ACA1B4B99ABB6E6F062A25AA5F69DF23ACBE504B0304140006080800B670623B3610CA3329010000120200003100
310
00006662782F42384135303843342D343331462D343546312D424341352D3532343432364645413344462F636F72652E786D6C8D515B6EC32010BC0AE22B55850D0E446E848992B43E412FE000495162B07854397EA176A4F62F3F2C9A9D991D58BEBB8F37F0AD7D30CE76905418026DA553C65E3A98E219B510EC04F7CEC5
310
3F3408EC30EA0E16180A7EF12E4D0B249D8DDAC68C5AA7F4020E21E80881BCE54B0783FCD2E3500D296646B856D320AFC34557A4CAEDCC133C449F0380794839A138B47B86DB2345744D7A44594FD0E1B867883594369BFE63BF7EEF793D0B054FC9A8456E548E63CE46FB674D8A58F068C6477CE9F510B582A2C1F80D1182
310
70F349E816B32D65AFB8DD62CCEB42FF274A937A52948C8DEB66893BCB021484D7734370E5D2E9F608A3EF93F3119479ABA0E50B14B8C298119A43CCC4FCFCECB8A18B6388CEE7EF5D5D4F994BD86CBBA182D76543B9FCAE2FD7B24DF103504B0304140006080800B670623B1B8617914E0100003303000030000000666278
310
2F42384135303843342D343331462D343546312D424341352D3532343432364645413344462F636E782E786D6CD593C16EC32010447F0571AD6CE3D489D20813A9877E410FBD62D82434182CC055F3F75D1292E692438FBD206B7698593D61BEFD1E2DF982108D773D6D6B460938E5B571FB9ECE6957AD29D90A1EBC4F7736
310
4A9C1CA1A759A682EF839FA72269D8C9D92654AD71C72206887E0E0A22CAF926B15E498B01E0AA19451807D01A34B919F16B070157417138917400F2F6FA41FCF0092A45DEE414C19BDC21783E4BD39D891265658C3D8DEA00A3ACE59CBC8678ACB54CB26EEB6BD7839D7E9348BE70AD9C8321B9BCA7F9A4A26C542347DEE0
310
50F09802D22BA6749A800A394DD62899107273365E3C82CFC6A55557BC06C10774B7ABE7AEC3B0F34CF06446280E154026D0542C187BA9DAB6628BF7B6DBB0E5A65B3EB1F58631DE64BBE083F7B65CC218087E22CABB042E51D1F2268F1FE12B3EA24D40D63E9CFE00120194D60B9D5BC67FE6D39CDF37E20AF817881F504B
310
0304140006080800B670623BBFEF2E3B690500003C100000340000006662782F42384135303843342D343331462D343546312D424341352D3532343432364645413344462F6F626A656374732E786D6CAD575D739B3814FD2B0CFB0C98D84E931D4227B6938EA793B6534F3BFB90198F0099B001899144EAECAFDF231018B0
310
D37A3FFC609090EEE7B94757C1FB7D915B2F54C88CB31BDB7727B64559CC938CA53776A576CE956DBD0F03C1B9EA2DB32D460A7A63EB693B0C52C1ABD24C257447AA5C8D66EF177F5832A68CDA569C13296F6C193FD182B8A4523CA1F2D94D88226EBADBBBBEDB2C1C8A4D05299F46424B222853B014F30C52ACC6287F389C
310
D85E1878FA7B18E87FB36AFAF62AAFF667A83F635211161F291B8999FAB3D5DDC5FCDA99CF6653677679E13B8BFBC5CAF1DF4D27CBCBE5F2FAF6EE1A8AA51290642C117467871F101B91C581D77CEA2C36869F3229E68CD1B8F61F1ED6361B89092D294B90C78C4A68EB793D190E7D1D9BDEE7A91E1B95FDE9F3BCEAEFE809
310
6A6D6F9F7D4B79F4275C90E7A04248AA51D5C4C738DAE06F72885AC4796EBE65D22A88A22223B995679120E2D50EB1542F098381188D4EA111AE3DB043FF20AF6F2B4AE3D7D83D65E5AECA730D4D3BAC91BD05FEA992B565D95F549CD6069B90AB2A63EACA38A45E4B6A87D781574F86817E4C2FCCC72690D62E2729520E37
310
9BAF234797BAF6D62B3BFC781FED37BA1E4F2B2F052FA9501A3E80569BB8F6A9A364D4FA67654E6F803383981F82F21591FF84F23D9882BC896C3FDBCF8C162508933B2E0AE4C69DD43F6BD2BE38DDDBF10BF86CB4FA784D37F3AF16075E67EC9030DECA1FC0A55373F5DFF3378C591FA9BDF485C10B0A8C8BA909E5262639
310
A8E72163488806A595734C81CB77D1DE0ED7604A303B76913CEC0272F412782FF88EFF4636D8AA56DF7B322474C4B767303F625997056C7B032C473C592B36CEBD15F3F9FF5233B7ABCDC74D257624A60F8658567497B14CE1EC3C80B76FD02011038F9EE9EB0F2E12387A9C844D3F09855125116D1D731DF8B43D2CF4E0A0
310
79A020C6BE946BCE0B7EA1E1219331CD73C228AF5A2DDD31A4B1DA918CE91350854D40A71723140BFA92E94E62B0626016CEFA5864A50E5977E8753CEDBEE1CBB7F52780D20E17AF0BA0F5F9B02A3AD07DCC732EB6D1EBB661421BE0C39E21BABF0FE16D22EA6929407C8DE596724C88B749B6DB5512BC7B228ADFD7CB7EA6
310
3A22397E690BA8D5D8D4E40CEC8CDA23C2C0B7D5898640101CEC9C6D331CE328CB93CAFBBAC70A642DF70DF95155945B52F08AA973C23469FD69ADEF84F7BB18F983A8F8C90E37F5D35980B2139A1C523540813E824EF83448CF7C72B598CE97D7CEEDDDDD3B6736BFBC771677EF66CE6A7E7139F7A793E9EDF2B2B3A8B624
310
0CDA13AA5F8388264EC4A0129909F3B7F5A16CEDF08128E97D680ACA4B9BE7B7B58BB638F0B00700EF36AE8B32A705658A68F83EE897FC2B41573190D1CCAF0B92D233A47CFEB019D9809933F67DD1A5467F8CF69AD9A5AE859342D45355448C64F968A371DC2D596ADC6E43D93D1B466F877A64E2893E54F23C4B40388995
310
525E5005DA3983ED45412510D3EFCA13737B3863F74BD30F2A12E5B4B5E489A025CE25500DB855B11ACE5BBFA185D35DD48D8DC3CE7DC69F2944DB42AA6F6CF09BCA622ADD08C7A36E7C6AE18000BAB08E040135C2D21C9D75B3A91B77BB746C403F38018DFE6EC939DD92F16B40BC05294B9CDA035AAD6D330AE27FE4786B
310
8E45145EA34A75BE1C263A676A35A8ACC6297337400BF16C54EF515F3F77CB77EB3583889C754FFA29081AA98E2222ADEF05DA3E63D2EDEA8B8756C05A7FB6CABC4A91CBF325398202CC952E70A008A830324BA200D5E5EF8F5F04C75DB4B0EE3340E071C98B823333B83577596BF3849B69F2085AA0FAFA212F26BEFF5877
310
FDE622B28D88A42E49E43326DA82D31E8CB006401E1DA726059ECEC168F97A6599036306A135688F9AD2E61A6EA178F4CD51974A9F2CCB9F36FE5EBD14601068D9C3BF01504B0304140006080000B670623B000000000000000000000000350000006662782F42384135303843342D343331462D343546312D424341352D35
310
32343432364645413344462F76657274696365732E62696E504B0304140006080800B670623BF270F1330600000004000000360000006662782F42384135303843342D343331462D343546312D424341352D3532343432364645413344462F747269616E676C65732E62696E636660600000504B0304140006080000B67062
310
3B000000000000000000000000370000006662782F42384135303843342D343331462D343546312D424341352D3532343432364645413344462F617474726962757465732E62696E504B0304140006080800B670623B08DA0BD19000000041010000360000006662782F42384135303843342D343331462D343546312D4243
310
41352D3532343432364645413344462F6469726563746F72792E786D6C858F410AC3201045AF22B36F53E9A60B35CBEEBAE80D244E44489C6234F4F835464A48035D0DF398FF9F8AF63D0E6CC63039F212F8F9020C7D47C6792B21C5FE7403D62A1188E2E60C98D7234A5830286103A55745067B9D86B8A3CF9C7F90C11DE6
310
07FB144396D7B6A82D282E9A152AD114D5EF2CB866EEE831B8EEA07A7BB5A8D7D61A2BAAEB7FD5F70921FF497D00504B0304140006080800B670623B3B4606F3FE000000A00100003B0000006662782F42384135303843342D343331462D343546312D424341352D3532343432364645413344462F7265736F75726365732F
310
636F72652E786D6C8D504B6E833010BD0A9A6D65B08134808CA354A427E8052C332156828DFCA97AFC9A40A576D7CDCCE87D344F8F9FBEE647F689CE6B6B7A6039850C8DB2A336530F315C4903D94970676DF82583CCC8197B5861107C72362E3BA4AC096842428D1D7107A5F71820538F74F4E0D50D6799CB1892C2DFF345
310
AABB9C306779A2934E701F5C0A906D4FD609C2A1B7D129F4BCD858C163D4E3AED163FAA9AF1A1D88F67CA98E6D35906AA82A52BFB39ABCD5CD915C86331BD86BD3B665CD8BD52C78D0F34F46E550061C419494B6843142CB0F5677F4D0D58717DA7494F26295FF31C565FCA7296A13AA728FBBD93C0896823C09C18BB5AFB4
310
9E65A6BD762BBE01504B010214000A0000080000B670623B3DEE336E79000000790000001B00000000000000000000000000000000006175746F6465736B2D64657369676E2D7061636B6167652E786D6C504B01021400140006080800B670623BD486FD9CA0000000F40000001300000000000000000000000000B2000000
310
5B436F6E74656E745F54797065735D2E786D6C504B01021400140006080800B670623B28ED286BEB0000007C010000080000000000000000000000000083010000636F72652E786D6C504B01021400140006080800B670623B55019EA25F0000007C000000070000000000000000000000000094020000636E782E786D6C50
310
4B01021400140006080800B670623B7BC41AC871010000D40300000C00000000000000000000000000180300006662782F636F72652E786D6C504B01021400140006080800B670623B70102A487D0000009D0000000B00000000000000000000000000B30400006662782F636E782E786D6C504B01021400140006080800B6
310
70623B3610CA3329010000120200003100000000000000000000000000590500006662782F42384135303843342D343331462D343546312D424341352D3532343432364645413344462F636F72652E786D6C504B01021400140006080800B670623B1B8617914E010000330300003000000000000000000000000000D10600
310
006662782F42384135303843342D343331462D343546312D424341352D3532343432364645413344462F636E782E786D6C504B01021400140006080800B670623BBFEF2E3B690500003C10000034000000000000000000000000006D0800006662782F42384135303843342D343331462D343546312D424341352D35323434
310
32364645413344462F6F626A656374732E786D6C504B01021400140006080000B670623B0000000000000000000000003500000000000000000000000000280E00006662782F42384135303843342D343331462D343546312D424341352D3532343432364645413344462F76657274696365732E62696E504B010214001400
310
06080800B670623BF270F133060000000400000036000000000000000000000000007B0E00006662782F42384135303843342D343331462D343546312D424341352D3532343432364645413344462F747269616E676C65732E62696E504B01021400140006080000B670623B00000000000000000000000037000000000000
310
00000000000000D50E00006662782F42384135303843342D343331462D343546312D424341352D3532343432364645413344462F617474726962757465732E62696E504B01021400140006080800B670623B08DA0BD1900000004101000036000000000000000000000000002A0F00006662782F42384135303843342D3433
310
31462D343546312D424341352D3532343432364645413344462F6469726563746F72792E786D6C504B01021400140006080800B670623B3B4606F3FE000000A00100003B000000000000000000000000000E1000006662782F42384135303843342D343331462D343546312D424341352D3532343432364645413344462F72
310
65736F75726365732F636F72652E786D6C504B0506000000000E000E0080040000651100000000
  0
XRECORD
  5
36B
102
{ACAD_REACTORS
330
186
102
}
330
186
100
AcDbXrecord
280
     1
102
MATERIAL
148
0.0
149
0.0
149
0.0
 93
        0
 94
      127
282
     0
 72
     1
 77
     1
171
     1
175
     1
179
     1
273
     0
  0
XRECORD
  5
187
102
{ACAD_REACTORS
330
186
102
}
330
186
100
AcDbXrecord
280
     1
 70
     1
 90
429727718
  1
887D55A9-D0DD-414E-B741-A7DCD4DA2B4C
310
504B03040A0000080000B670623B3DEE336E79000000790000001B0000006175746F6465736B2D64657369676E2D7061636B6167652E786D6C3C3F786D6C2076657273696F6E3D22312E302220656E636F64696E673D227574662D3822203F3E3C666F726D6174733E3C666F726D61743E687474703A2F2F736368656D612E
310
6175746F6465736B2E636F6D2F64657369676E2D7061636B6167652F323030393C2F666F726D61743E3C2F666F726D6174733E504B0304140006080800B670623BD486FD9CA0000000F4000000130000005B436F6E74656E745F54797065735D2E786D6C7D8EC10E82300C865F65E91D8A1E8C310C0EEA1BF002731658846E
310
D98AC1B77784ABF1D8FE5FBFBF75BBCE937A534CCEB38643598122B6FEE978D0B0485F9C41B54DDD7D022595594E1A469170414C76A4D9A4D207E29CF43ECE46F218070CC6BECC4078ACAA135ACF422C856C0E68EA1BF5669944DDD7BCDE7B1F8E415D77AECB980613C2E4AC91FC167A2B244592486606FC29C8FD7F045B9A
310
EF7053A7E60B504B0304140006080800B670623BBC1638F5EC0000007C01000008000000636F72652E786D6C8D90416EC3201045AF82665B61836BE2D8C24471DB9CA01740401C94182C03558F5F9C3852BBEB6A467FFE9B197D7EF89E6EE8CB2CC17AD7032D0820E394D7D68D3DA478C67B4007C117EFE32F1B202727D3C3
310
2A83E0E3E2D3BC49CABB685CCCAAF3DA6CA20CC14440EA969B1E82BA98491632C5EC08D76296EA2A4753D06797E194AC468F2356E77DF66CCD02825543D50CACC62D39ED70FDC68EB8FD68F6F8787A6784342D1DDA1D2F5758F068A7E77DB518198D065111D2624A31A93E69DD11D6D5EC85EC3B4278B9DAFF4069D6FF8492
310
75F1B5DADE7D600104CD8FDC0782976B16B9DC83CA75CD4DFC00504B0304140006080800B670623B55019EA25F0000007C00000007000000636E782E786D6C4DCB3B0E80201045D1AD90E915ED2CF8AC45050C11660C8261F98AB1B07AC9C97D42D718D865D3E909258CFD00CCE24AC6E326A164D74DC0B4128928FF326038
310
472BA13128B1252AC747C6BAB984FC68F0B87FE8960A5C09FE86CFB69FBA01504B0304140006080800B670623B3586FFB671010000D40300000C0000006662782F636F72652E786D6CC553ED6E8320147D15C2DF4541A76D6D90A6DDD627D80B50A4CE54C120983EFEAE1F4DD7A55BBA5FF3879273EEE59E7310B6393735EA
310
95ED2AA3731C851423A5A5292A5DE6D8BB63B0C268C39935C67D29C3488B46E578803167A535BE9D2169B453DA01AA4DA16650749D7218C91A1639EEE4876A4428BC838AEE14B6429E44A9C228041AEA38EB9C0501681A32BC313F1ECE8C4C3867DE57C5CC56054CAB8E95B298A7F12E5EEED224C8E87E11242FE936C8DE96
310
AB60BB7F4D295D66D12E5B30323473E6AAE6A24E5A259C2A308F29CD82280A68FC1E256B9AAE93F489AED694323294DF34F9B678B0C957DA3DC7B3DCA9ADC33C022123F1CD2D44E450277AD04338234388F01913BE0D1A0281909D38D4171F27807A259DB1093085F157AA17B557309586747CD0CF0B46A64E983A6E0EAEEF
310
CE881F9EF1FB8E70D44297604238581EBC1B74B249C31C5AAB6CD0BB33D2C636A27ECCC62F0EFF445DC5DF95244D6DEC7F2922F30191F9F720C37DE49F504B0304140006080800B670623B4220A0FF7D0000009D0000000B0000006662782F636E782E786D6C4DCCD10A83201886E15B91FFDCE542CB0335D0EC3E6259C84A
310
C3E9D8E5AF46073BFAE0E1E315DD675BD1DBA5978F41C2FD4600B9F088930F8B849267CC01754AA418F3DF0D50183727E164506249B1EC174D6E1ECB9A0F5D7D785E68DB8151CD286E5A5363CA6B8A39E90D36D40E96B086F55A43A544F52B1D7B86D517504B0304140006080800B670623B2FA3FEDE290100001202000031
310
0000006662782F45374635344235342D363743322D343832342D383044432D4334454645303536354442422F636F72652E786D6C8D515B6EC32010BC0AE22B55850D2E386E848994D7097A0117488A1283C5A3CAF10BB523B57FF961D1ECCCECC0F2ED7DBC816FED8371B687A4C210682B9D32F6D2C314CFA883602BB8772E
310
FEA141608751F7B0C050F08B77695A20E96CD43666D43AA5177008414708E42D5F7A18E4971E876A483133C2B59A06791D2EBA22556E679EE021FA1C00CC43CA09C5717D6274C7286AD7FB06D1AEA1A8C3873DDAD3E3E98859CB0EBB1DAF67A1E02919B5C88DCA71CCD968FFAC49110B1ECDF8882FBD1EA256503418BF2342
310
106E3E08DD60B6A1EC15771B8C795DE8FF4469524F8A92B1F1AD59E2CEB20005E1F5DC105CB9F4797B84D1F7C9F908CABC55D0F2050A5C61CC1AD2F27A26E6E767C7962E8E213A9FBF7775FDCC5CC266DB960A5E970DE5F2BBBE5CCB36C50F504B0304140006080800B670623B1B8617914E01000033030000300000006662
310
782F45374635344235342D363743322D343832342D383044432D4334454645303536354442422F636E782E786D6CD593C16EC32010447F0571AD6CE3D489D20813A9877E410FBD62D82434182CC055F3F75D1292E692438FBD206B7698593D61BEFD1E2DF982108D773D6D6B460938E5B571FB9ECE6957AD29D90A1EBC4F77
310
364A9C1CA1A759A682EF839FA72269D8C9D92654AD71C72206887E0E0A22CAF926B15E498B01E0AA19451807D01A34B919F16B070157417138917400F2F6FA41FCF0092A45DEE414C19BDC21783E4BD39D891265658C3D8DEA00A3ACE59CBC8678ACB54CB26EEB6BD7839D7E9348BE70AD9C8321B9BCA7F9A4A26C542347DE
310
E050F09802D22BA6749A800A394DD62899107273365E3C82CFC6A55557BC06C10774B7ABE7AEC3B0F34CF06446280E154026D0542C187BA9DAB6628BF7B6DBB0E5A65B3EB1F58631DE64BBE083F7B65CC218087E22CABB042E51D1F2268F1FE12B3EA24D40D63E9CFE00120194D60B9D5BC67FE6D39CDF37E20AF817881F50
310
4B0304140006080800B670623B29652116630500003C100000340000006662782F45374635344235342D363743322D343832342D383044432D4334454645303536354442422F6F626A656374732E786D6CAD575D739B3814FD2B0CFB0C989834C90EA1639B24E3E9A6EDD4D3CE3E64C623834CD8006224913AFDF57B040203
310
B65BEF871F0C12D2FD3CF7E8CA7FBFCB33E3957291B2E2D674ED8969D02262715A24B76625B7D6B569BC0F7CCE98EC2D338D82E4F4D654D366E0279C55A59E8AE99654991CCDDECFFF3444440B6A1A514684B83545F44C7362934AB2988A173B2692D8C97667BB76B3702836E1A47C1E092D09A78584A5982F20C5688C7287
310
C389E904BEA3BE07BEFAD7ABA6A75739B53F43FD69212429A20365233153D70BEF2E2E6FAC4BCF9B5ADEBB0BD79ADFCF43CBBD9A4E16EF168B9BD9DD0D140BC921495BC2E9D60C1E101B9E46BED37CEA2CD6861F3329624541A3DA7F7858DBAC25C6B4A4458C3CA654405BCFEBC970E8AAD8F43E4FD558ABEC4F9FE7557F47
310
4F506B7BFBEC5BCA367FC105710E2AB8A00A554D7CB4A30DFE26FBA86D18CBF4B75418399194A72433B274C3097F33032C554B027F2046A1932B842B0FCCC0DDCBEBDB8AD2F835768F59B9ADB24C41D30C6A64AF817F2A456D59FA83F2E3DA60137255A585BCD60EC9B7929AC18DEFD49381AF1ED30BFDB109A4B1CD488294
310
C3CDE6EBC8D185AABD6568061FEE37BB95AAC7E3CA4BCE4ACAA5820FA0D526AE7DAA2869B5EE5999531BE0CC20E6FBA07C41E43FA27CF7A6206F3CDD793B4F6B919C1462CB788EDCD893FA674CDA17AB7B3B7C019F8D561FAEE966FED562DFE98C1D12C6A9FC015C2A35D7FF3D7FC398F591DA4B5FE0BFA2C0189FEA50AE22
310
92817A1ED3020951A03432862970F976B33383259812CC8E5D240BBA801CBCF8CE2BBEE3BF910DB6AAD5F79E05123AE2DB33981FB1ACCB02B69D00CB014FD68AB573A7627EF9BFD4CC2C5C7D58557C4B22FAA88925A4DBB44825CECE3D78FB060D1231F0E885BE7D673C86A3874958F593906B5502D1563157814FDAC3420D
310
F69A070A22EC4B98E23CFF171A1E5311D12C23056555ABA53B8614563B92D17D02AAB009E8F46284624E5F53D5490C560CCCC2591FF1B45421EB0EBD8EA7ED13BE7C5D7E0428CD60FEF60779EB13E6664FF711CB185F6FDED60D139A001FF60CD1FD6D086F1D51474901E26B2CB794A343BC8ED3EDB612E0DD2351FCB65CF4
310
33D511C9E14B5B40ADC6A6263DB0336A8F700DDF56271A024E70B0B3629DE21847591E55DED73D56206AB927E46FAABC5C939C55853C274C93D69FD6FA4E78BF8B11DF898C9ECD60553FAD39283BA6F18984AA23E8884F83F45C5F5F859797B31B2B9C84A1E5B9DE9D35BFF25C6B76152E422F9C5DCC3D847F5801ED09D5AF
310
41441327A25FF15487F9EB725FB666F048A4701E9A827292E6F97569A32DF61DEC01C0BB8DCBBCCC684E0B49147C1FD54BF685A0AB18C868E6973949E819523E3DAC463660E68C7D9F55A9D1EFA3BD7A76A16AE1A810F95CE59B82A4D968A376DC2E8B44BBDD86B27B368CDE0ED548C7137DA860591A83706223A12CA712B4
310
7306DBF39C0A20A6DF95C7FAF670C6EED7A61F946493D1D6926782963813403548A78AE470DEF80D2D9CEAA26E4D1C76F60BFE74219A06527D6B82DF641A51616F703CAAC6A7160E08A00BEB4810A0274592A1B36E3675E36E978A0DE80727A0D6DF2D39A75BD27E0D8837276589537B40ABB56D5A41F48F1C6FCD3188C4EB
310
A6929D2FFB89CE995A4D00AE813BDD032DC48B56BD437DFDDC2DD7AED70C2272D63DE9A72068A45A92F0A4BE17A8A06B9366E16707AD80B1FC649459952097E74BB23805982B55E0401150A165964402AA8BDF9F3E7386BB686EDCA780C0D382E5392BF460A6EFB2C6EA1937D3F809B440D5F5435C4C5CF7A9EEFAF54564BD
310
2182DA24162F98680B4E7930C21A0079709CEAEB99A372305ABE0C0D7D6078105A83F6A0296DAEE1068A47DD1C55A9F4C9B2FC69E3EFD44B81028E963DF81B504B0304140006080000B670623B000000000000000000000000350000006662782F45374635344235342D363743322D343832342D383044432D433445464530
310
3536354442422F76657274696365732E62696E504B0304140006080800B670623BF270F1330600000004000000360000006662782F45374635344235342D363743322D343832342D383044432D4334454645303536354442422F747269616E676C65732E62696E636660600000504B0304140006080000B670623B00000000
310
0000000000000000370000006662782F45374635344235342D363743322D343832342D383044432D4334454645303536354442422F617474726962757465732E62696E504B0304140006080800B670623B08DA0BD19000000041010000360000006662782F45374635344235342D363743322D343832342D383044432D4334
310
454645303536354442422F6469726563746F72792E786D6C858F410AC3201045AF22B36F53E9A60B35CBEEBAE80D244E44489C6234F4F835464A48035D0DF398FF9F8AF63D0E6CC63039F212F8F9020C7D47C6792B21C5FE7403D62A1188E2E60C98D7234A5830286103A55745067B9D86B8A3CF9C7F90C11DE607FB144396
310
D7B6A82D282E9A152AD114D5EF2CB866EEE831B8EEA07A7BB5A8D7D61A2BAAEB7FD5F70921FF497D00504B0304140006080800B670623B6378F24DFF000000A00100003B0000006662782F45374635344235342D363743322D343832342D383044432D4334454645303536354442422F7265736F75726365732F636F72652E
310
786D6C8D504B6E833010BD0A9A6D65B0094E42641C85B639412F6099496225D8C89FAAC7AF09546A77DDCC8CDE47F3F4C4F16B7C149FE88371B603565228D06A37187BED20C50BD9437194C23B177FC9A0B06AC40E6618A4B87A97A615D2CE46B431A3D60DB8822A048C50E8473E3A08FA86A32A558A5911EEE5A4F45D5DB1
310
6465A6B34E8A107D0E502C4FE609D26370C96B0CA25A58295232C3AA3143FE692E063D485EF7F5AEE71BD2D2F39634AFFC44DAF7DD9E9CCE6F9CD25DCBFA762BAAD92C4534E34F46ED51451C40D694B6843142EB0FD61C283F34FC85EE0F948A6A96FF31A569F8A729191B37F51A77B105902C0779125254735F793DCBCC7B
310
EE567E03504B010214000A0000080000B670623B3DEE336E79000000790000001B00000000000000000000000000000000006175746F6465736B2D64657369676E2D7061636B6167652E786D6C504B01021400140006080800B670623BD486FD9CA0000000F40000001300000000000000000000000000B20000005B436F6E
310
74656E745F54797065735D2E786D6C504B01021400140006080800B670623BBC1638F5EC0000007C010000080000000000000000000000000083010000636F72652E786D6C504B01021400140006080800B670623B55019EA25F0000007C000000070000000000000000000000000095020000636E782E786D6C504B010214
310
00140006080800B670623B3586FFB671010000D40300000C00000000000000000000000000190300006662782F636F72652E786D6C504B01021400140006080800B670623B4220A0FF7D0000009D0000000B00000000000000000000000000B40400006662782F636E782E786D6C504B01021400140006080800B670623B2F
310
A3FEDE290100001202000031000000000000000000000000005A0500006662782F45374635344235342D363743322D343832342D383044432D4334454645303536354442422F636F72652E786D6C504B01021400140006080800B670623B1B8617914E010000330300003000000000000000000000000000D2060000666278
310
2F45374635344235342D363743322D343832342D383044432D4334454645303536354442422F636E782E786D6C504B01021400140006080800B670623B29652116630500003C10000034000000000000000000000000006E0800006662782F45374635344235342D363743322D343832342D383044432D4334454645303536
310
354442422F6F626A656374732E786D6C504B01021400140006080000B670623B0000000000000000000000003500000000000000000000000000230E00006662782F45374635344235342D363743322D343832342D383044432D4334454645303536354442422F76657274696365732E62696E504B01021400140006080800
310
B670623BF270F13306000000040000003600000000000000000000000000760E00006662782F45374635344235342D363743322D343832342D383044432D4334454645303536354442422F747269616E676C65732E62696E504B01021400140006080000B670623B0000000000000000000000003700000000000000000000
310
000000D00E00006662782F45374635344235342D363743322D343832342D383044432D4334454645303536354442422F617474726962757465732E62696E504B01021400140006080800B670623B08DA0BD190000000410100003600000000000000000000000000250F00006662782F45374635344235342D363743322D34
310
3832342D383044432D4334454645303536354442422F6469726563746F72792E786D6C504B01021400140006080800B670623B6378F24DFF000000A00100003B00000000000000000000000000091000006662782F45374635344235342D363743322D343832342D383044432D4334454645303536354442422F7265736F75
310
726365732F636F72652E786D6C504B0506000000000E000E0080040000611100000000
  0
XRECORD
  5
36D
102
{ACAD_REACTORS
330
110
102
}
330
110
100
AcDbXrecord
280
     1
102
MATERIAL
148
0.0
149
0.0
149
0.0
 93
        0
 94
      127
282
     0
 72
     1
 77
     1
171
     1
175
     1
179
     1
273
     0
  0
XRECORD
  5
112
102
{ACAD_REACTORS
330
110
102
}
330
110
100
AcDbXrecord
280
     1
270
     1
271
     1
  0
XRECORD
  5
111
102
{ACAD_REACTORS
330
110
102
}
330
110
100
AcDbXrecord
280
     1
270
     1
271
     1
  0
XRECORD
  5
18A
102
{ACAD_REACTORS
330
110
102
}
330
110
100
AcDbXrecord
280
     1
 70
     0
 90
1778669749
  1
9BF507EE-FAF7-4A99-A33D-4EE51894BC40
310
504B03040A0000080000B670623B3DEE336E79000000790000001B0000006175746F6465736B2D64657369676E2D7061636B6167652E786D6C3C3F786D6C2076657273696F6E3D22312E302220656E636F64696E673D227574662D3822203F3E3C666F726D6174733E3C666F726D61743E687474703A2F2F736368656D612E
310
6175746F6465736B2E636F6D2F64657369676E2D7061636B6167652F323030393C2F666F726D61743E3C2F666F726D6174733E504B0304140006080800B670623BD486FD9CA0000000F4000000130000005B436F6E74656E745F54797065735D2E786D6C7D8EC10E82300C865F65E91D8A1E8C310C0EEA1BF002731658846E
310
D98AC1B77784ABF1D8FE5FBFBF75BBCE937A534CCEB38643598122B6FEE978D0B0485F9C41B54DDD7D022595594E1A469170414C76A4D9A4D207E29CF43ECE46F218070CC6BECC4078ACAA135ACF422C856C0E68EA1BF5669944DDD7BCDE7B1F8E415D77AECB980613C2E4AC91FC167A2B244592486606FC29C8FD7F045B9A
310
EF7053A7E60B504B0304140006080800B670623BCA089DFFEC0000007C01000008000000636F72652E786D6C8D90416E83301045AF62CDB632D8402020E32882F604BD80653BC44AB011B6AB1EBF262152BBEB6A467FFE9B197D76FA9EEFE84BAFDE38DB03CD08206DA553C64E3DC470C1474027CE56E7C22F1B202B66DDC3
310
260367D3EAE2B24BD2D9A06D48AA754AEFA2F05E0740F29E9A1EBCBCEA59642286E4F0B76C11F226269DD15797E0188D42CF2346A57DE662F40ABCAEC77628C6120F654571D50C04B7F5B9C1E3997CD4F550BE3745C3F20DE62C98F9755FAE5A04AD801784B498524C8A4F5A75E4D055873772EC0861F966FF03C545FD138A
310
C686B2D8DF7D621E384D8F3C069CE55B16A93C824A75CB8DFF00504B0304140006080800B670623B55019EA25F0000007C00000007000000636E782E786D6C4DCB3B0E80201045D1AD90E915ED2CF8AC45050C11660C8261F98AB1B07AC9C97D42D718D865D3E909258CFD00CCE24AC6E326A164D74DC0B4128928FF326038
310
472BA13128B1252AC747C6BAB984FC68F0B87FE8960A5C09FE86CFB69FBA01504B0304140006080800B670623B68FC0B7272010000D40300000C0000006662782F636F72652E786D6CC5535B6E833010BC8AE5DF0A6C1E8124328E22D29EA01770C0A128602363A31CBFCB234A53A555FA553EC09AD9F5CE8C31DB5DDA060D
310
D2F4B556190E7C8A9154852E6B5565D8D993B7C668C799D1DA7E29C3488956667884316795D1AE5BA0422B2B950554E9522EA0E87B69312A1A5864B82F3E642B7CE12C54F467BF13C55954D20F7CA0A18EB3DE1A1080E621E31BF3D3F1C2C88C73E65C5D2E6C5DC2B4FA544B8379921C36797888BC3C8A032F4E73EA6D927D
310
EA1DF6F42D49F2E8350D5346C666CE6CDD5ED515460A2B4BCC434A375E1078347C0FE22D5D6DE3D50B5D6F2965642CBF6B725DF96493AB958DC245EEDCD6631E809089F8E61622B2A81703E8219C913144F84C09DF070D8140C8561C9BAB8F3340832CAC363130A576376A108D933095FA747AD0CF0B46E64E983A6D0EAE1F
310
CE089F9EF1FB8E70D44255604258581E9D1D75B259C3125A278D37D80B52DAB4A279CEC62F0EFF44DDC43F9454E8469BFF5244960322CBEF41C6FBC83F01504B0304140006080800B670623B0F71DDB67E0000009D0000000B0000006662782F636E782E786D6C4DCCD10A83201886E15B91FFDCA54DB73F502386BB8F5816
310
32D3703976F9ABD1C18E3E78F87855FB990379BBFCF2296AE02706C4C5471A7C9C349475A408A4352AA7B4FEDD80C47E761A7606A3A69CCA72D0E0C6BE8475D3E0E3F3409428EA6B27A84079A782899AA2EC1A7AE3ECCC2FD858CB2D544655BFD2B67BD87C01504B0304140006080800B670623BE134B4FB28010000120200
310
00310000006662782F38353834323741342D343835462D343034322D383541392D4331303331363839454531452F636F72652E786D6C8D515B6EC32010BC0AE22B55850D0EA424C24451959EA0172086A42831583CAA1CBF503B52FB971F16CDCECC0EACD8DFC71BF836215AEF7A481A0C817183D7D65D7A98D3197108F652
310
04EFD31F1A044E8DA6871586525C82CFD3020DDE25E352419DD76601558C264130DCCAA58771F832A36A544E8511AFCDA486ABBA988634A55D7852C4144A00300FA927949C71DABD1D28A29C7D208A6987383B6CD13BC16BB2E1DBE3911C453B0BA5C8D9EA456E758963CFD684674DAA588A64C747FC2118958C86B2C3788B
310
0841B8FB247487D98EB257CC77188BB6D2FF89F2A49F1465EBD2BA5BE2CEB2082511EDDC9042FB7CBA3DC298FBE4430275DE2A9AE1054ADC60CC08E3A29D89E5F9C5714317C7987C28DFBBBA9E0A97B0D97643A568EB864AF95D5FA9759BF207504B0304140006080800B670623B1B8617914E010000330300003000000066
310
62782F38353834323741342D343835462D343034322D383541392D4331303331363839454531452F636E782E786D6CD593C16EC32010447F0571AD6CE3D489D20813A9877E410FBD62D82434182CC055F3F75D1292E692438FBD206B7698593D61BEFD1E2DF982108D773D6D6B460938E5B571FB9ECE6957AD29D90A1EBC4F
310
77364A9C1CA1A759A682EF839FA72269D8C9D92654AD71C72206887E0E0A22CAF926B15E498B01E0AA19451807D01A34B919F16B070157417138917400F2F6FA41FCF0092A45DEE414C19BDC21783E4BD39D891265658C3D8DEA00A3ACE59CBC8678ACB54CB26EEB6BD7839D7E9348BE70AD9C8321B9BCA7F9A4A26C542347
310
DEE050F09802D22BA6749A800A394DD62899107273365E3C82CFC6A55557BC06C10774B7ABE7AEC3B0F34CF06446280E154026D0542C187BA9DAB6628BF7B6DBB0E5A65B3EB1F58631DE64BBE083F7B65CC218087E22CABB042E51D1F2268F1FE12B3EA24D40D63E9CFE00120194D60B9D5BC67FE6D39CDF37E20AF817881F
310
504B0304140006080800B670623B5933D422630500003B100000340000006662782F38353834323741342D343835462D343034322D383541392D4331303331363839454531452F6F626A656374732E786D6CAD575B6FA33814FE2B887D0642934E9B156594264D158D3A534DD4D13E548A0C38942D60649B4EBABF7E3F8321
310
40924EF6928780CDF1B97EE762EFF32E4B8D37CA45C2F21BD3B547A641F39045491EDF98A5DC5AD7A6F1D9F73863B243661A39C9E88DA9B64DDF8B392B0BBD15D12D295339D85DDEFE618890E6D434C2940871638AF08566C426A5641115AF764424B1E3EDCE76ED9AB0CF36E6A47819302D08A7B984A6D8CFC1C5A89572FB
310
CB91E9F89EA3BEFB9EFAD754E3D3544E654F5F7E920B49F2F040D880CDD89D2CEE2E2EA7D6E56432B6269F2E5CEB7679BBB0DCABF168FE693E9FCEEEA6102C240727AD09A75BD3BF876F78127A4EFDA9D5582B7E4CA590E5390D2BFB6161A5B3E618D182E611E2985001691DAB47FDA5AB7CD3F93C566B2DB2BB7D9E55DD13
310
1D468DEECDB3AB290BFE8409E21C54704115AA6AFF68436BFC8DF65E0B184BF5B74418199194272435D224E084BF9B3E481589EFF5D828747285706581E9BB7B7E5D5D911ABFC6EE312DB7659A2A689A7E85EC0DF04FA5A8344BFEA2FCB834E8845895492EAFB541F2BDA0A63FF59C6AD3F7D4637CA13FD68E34B629891172
310
98597F1D183A57B9B75A98FE9765B05BAB7C3C2EBCE0ACA05C2AF8005A4DE09AA7F29216EB9E15397500C6F47CBE77CA7778FE2BD277AF0AE2C693DD6437D1522427B9D8329E2136F6A8FA19A3E6C56ADF0E5F50CF06D48734EDCEBF22F69C56D97EC138153F804B85E6FABFC7AFEFB32E523BE1F3BD372418E363EDCA7548
310
52949E8724474014288D94610BB57C1BEC4C7F854A89CA8E5324F55B871CBC78CE1BBEE3BFE68D6A5589EF3C730474506FCFA8FCF0659516D0ED04580EEA6425581B77CAE797FF4BCECC16EB2FEB926F49481F746159D06D922712BD730FDEAE42BD40F42C7AA5EF3F198F60E86110D6DD20645A9480B795CF95E3E3A659A8
310
C55E724F408873315335CFFB8584874484344D494E59D94869DB90C26A5B64F49C802CAC1D3ABE18A098D3B7444D123D8A9E5AE8F5214F0AE5B2B6E9B575DA3E61CBD3EA2B4009FA940524DD1305FB6A1FB294F14DF0BEA90BA109ECE1481FDC3FFAE8D60E75141700BE82725371B4873751B2DD960265F788137FACE6DD40
310
B575E4F0A5C99F46629D92131467A41EE11ABD8D4CCC039CA0AFB37C93A08B232B8F0AEFCA1E0A1015DF13FC83322B362463652ECF71D3A8B1A7D1BE65DE1D62C44F22C317D35F574FEB16153BA2D13E543D10A80E74C4A65E78A6B7CBCBD1D5DD9DB59C2DAFACC96C3AB566E3F1C29ADCDD5DBAD7D3C9ED7C822ED74F80A6
310
41755310DE4443F44A9E68373FADF6596BFA0F440AE7BECE2727AE9F4F2B1B53B1E7E00CF0DD1E5C65454A339A4BA2D0FBA05ED2EF0443458F47BDBFCA484CCFE0F2ED7E3DD0013B679C7B5499467F0ECEEADDB9CA85A34CE44B99053949D2C1416DB85DE4B136BB7165FBAC0B7AB3542BED4F8CA182A549847A1319316519
310
95A83A67147B9E5101C47487F2485F1ECE38FD568F839204296D3479219888530154036E6528FBFBC66F98E0D4107563A2D7D9AFF8D389681A08F58D89F22693900A3B407754734FC51C10C010D6D640809EE4718AC1BA3ED4AEDB53CA37283F68805A7E4B72CEB0A4EDEAD5DD8C14059A76AFAA56BA6901E13F32BC51C720
310
12AF41295B5BF61BAD3195181FB506E6B40F4C10AF5AF40EF9F5B159AE5DD1F43C72D635E94310D45C2D49785C5D0B94D3B54AB3C5A38349C0587D338AB48C11CBF339599C02CCA54A70A008A8D03C0B2201D5F9EFCF8F9CE12A9A19CB0410789EB32C63B95ECCF455D658BFE0621A3DA32C5075FB101723D77DAE867E7D0F
310
D90444509B44E2151B4DC2290B065803200FBAA9BE9D392A0603F2D5C2D00D6302A615680F66D2FA166E2079D4C551A54AB758161FCEFD4E450A14704CECFEDF504B0304140006080000B670623B000000000000000000000000350000006662782F38353834323741342D343835462D343034322D383541392D4331303331
310
363839454531452F76657274696365732E62696E504B0304140006080800B670623BF270F1330600000004000000360000006662782F38353834323741342D343835462D343034322D383541392D4331303331363839454531452F747269616E676C65732E62696E636660600000504B0304140006080000B670623B000000
310
000000000000000000370000006662782F38353834323741342D343835462D343034322D383541392D4331303331363839454531452F617474726962757465732E62696E504B0304140006080800B670623B08DA0BD19000000041010000360000006662782F38353834323741342D343835462D343034322D383541392D43
310
31303331363839454531452F6469726563746F72792E786D6C858F410AC3201045AF22B36F53E9A60B35CBEEBAE80D244E44489C6234F4F835464A48035D0DF398FF9F8AF63D0E6CC63039F212F8F9020C7D47C6792B21C5FE7403D62A1188E2E60C98D7234A5830286103A55745067B9D86B8A3CF9C7F90C11DE607FB1443
310
96D7B6A82D282E9A152AD114D5EF2CB866EEE831B8EEA07A7BB5A8D7D61A2BAAEB7FD5F70921FF497D00504B0304140006080800B670623BD9A3B367FE000000A00100003B0000006662782F38353834323741342D343835462D343034322D383541392D4331303331363839454531452F7265736F75726365732F636F7265
310
2E786D6C8D504B6E833010BD0A9A6D65B01D0201194711694FD00B586642AD043BF2A7EAF16B122AB5BB6E6646EFA3797AE2F8B5DC8A4FF4C1383B002B291468B59B8C9D0748F1420E501CA5F0CEC55F3228AC5A708015062966EFD27D83B4B3116DCCA875136EA00A012314FA968F0182FEC045952AC5AC08D7F2AEF455CD
310
58B232D3592745883E07289E4FD609D26370C96B0CA27AB252A464A64D63A6FCD35C0C7A904D73EE467EE664DCD58CD4ED4849D79C5A723ED1B7A61977AF2D6F45B59AA58866F9C9A83DAA8813484E6947182394BFB3BAA7FBBEDEBFD0434FA9A856F91F53BA4FFF342563E38E6F719FB60092E5200F428A6AED2BAF479979
310
AFDDCA6F504B010214000A0000080000B670623B3DEE336E79000000790000001B00000000000000000000000000000000006175746F6465736B2D64657369676E2D7061636B6167652E786D6C504B01021400140006080800B670623BD486FD9CA0000000F40000001300000000000000000000000000B20000005B436F6E
310
74656E745F54797065735D2E786D6C504B01021400140006080800B670623BCA089DFFEC0000007C010000080000000000000000000000000083010000636F72652E786D6C504B01021400140006080800B670623B55019EA25F0000007C000000070000000000000000000000000095020000636E782E786D6C504B010214
310
00140006080800B670623B68FC0B7272010000D40300000C00000000000000000000000000190300006662782F636F72652E786D6C504B01021400140006080800B670623B0F71DDB67E0000009D0000000B00000000000000000000000000B50400006662782F636E782E786D6C504B01021400140006080800B670623BE1
310
34B4FB280100001202000031000000000000000000000000005C0500006662782F38353834323741342D343835462D343034322D383541392D4331303331363839454531452F636F72652E786D6C504B01021400140006080800B670623B1B8617914E010000330300003000000000000000000000000000D3060000666278
310
2F38353834323741342D343835462D343034322D383541392D4331303331363839454531452F636E782E786D6C504B01021400140006080800B670623B5933D422630500003B10000034000000000000000000000000006F0800006662782F38353834323741342D343835462D343034322D383541392D4331303331363839
310
454531452F6F626A656374732E786D6C504B01021400140006080000B670623B0000000000000000000000003500000000000000000000000000240E00006662782F38353834323741342D343835462D343034322D383541392D4331303331363839454531452F76657274696365732E62696E504B01021400140006080800
310
B670623BF270F13306000000040000003600000000000000000000000000770E00006662782F38353834323741342D343835462D343034322D383541392D4331303331363839454531452F747269616E676C65732E62696E504B01021400140006080000B670623B0000000000000000000000003700000000000000000000
310
000000D10E00006662782F38353834323741342D343835462D343034322D383541392D4331303331363839454531452F617474726962757465732E62696E504B01021400140006080800B670623B08DA0BD190000000410100003600000000000000000000000000260F00006662782F38353834323741342D343835462D34
310
3034322D383541392D4331303331363839454531452F6469726563746F72792E786D6C504B01021400140006080800B670623BD9A3B367FE000000A00100003B000000000000000000000000000A1000006662782F38353834323741342D343835462D343034322D383541392D4331303331363839454531452F7265736F75
310
726365732F636F72652E786D6C504B0506000000000E000E0080040000611100000000
  0
XRECORD
  5
113
102
{ACAD_REACTORS
330
110
102
}
330
110
100
AcDbXrecord
280
     1
270
     1
271
     1
  0
XRECORD
  5
114
102
{ACAD_REACTORS
330
110
102
}
330
110
100
AcDbXrecord
280
     1
270
     1
271
     1
  0
XRECORD
  5
A132
102
{ACAD_REACTORS
330
A131
102
}
330
A131
100
AcDbXrecord
280
     1
102
ACAD_ROUNDTRIP_2012_MLEADER_STYLE
298
     1
  0
XRECORD
  5
A130
102
{ACAD_REACTORS
330
A12F
102
}
330
A12F
100
AcDbXrecord
280
     1
102
ACAD_ROUNDTRIP_2012_MLEADER_STYLE
298
     1
  0
XRECORD
  5
A144
102
{ACAD_REACTORS
330
A143
102
}
330
A143
100
AcDbXrecord
280
     1
102
DISPLAYNAME
  1
Imperial24
102
FLAGS
 90
        0
  0
XRECORD
  5
A151
102
{ACAD_REACTORS
330
A150
102
}
330
A150
100
AcDbXrecord
280
     1
102
DISPLAYNAME
  1
Metric50
102
FLAGS
 90
        0
  0
CELLSTYLEMAP
  5
A109
102
{ACAD_REACTORS
330
35D
102
}
330
35D
100
AcDbCellStyleMap
 90
        3
300
CELLSTYLE
  1
TABLEFORMAT_BEGIN
 90
        5
170
     1
 91
        0
 92
    32768
 62
   257
 93
        1
300
CONTENTFORMAT
  1
CONTENTFORMAT_BEGIN
 90
        0
 91
        0
 92
      512
 93
        0
300

 40
0.0
140
1.0
 94
        5
 62
     0
340
1B8
144
0.1
309
CONTENTFORMAT_END
171
     1
301
MARGIN
  1
CELLMARGIN_BEGIN
 40
0.03
 40
0.03
 40
0.06
 40
0.06
 40
0.18
 40
0.18
309
CELLMARGIN_END
 94
        6
 95
        1
302
GRIDFORMAT
  1
GRIDFORMAT_BEGIN
 90
        0
 91
        1
 62
     0
 92
       -2
340
0
 93
        1
 40
0.045
309
GRIDFORMAT_END
 95
        2
302
GRIDFORMAT
  1
GRIDFORMAT_BEGIN
 90
        0
 91
        1
 62
     0
 92
       -2
340
0
 93
        1
 40
0.045
309
GRIDFORMAT_END
 95
        4
302
GRIDFORMAT
  1
GRIDFORMAT_BEGIN
 90
        0
 91
        1
 62
     0
 92
       -2
340
0
 93
        1
 40
0.045
309
GRIDFORMAT_END
 95
        8
302
GRIDFORMAT
  1
GRIDFORMAT_BEGIN
 90
        0
 91
        1
 62
     0
 92
       -2
340
0
 93
        1
 40
0.045
309
GRIDFORMAT_END
 95
       16
302
GRIDFORMAT
  1
GRIDFORMAT_BEGIN
 90
        0
 91
        1
 62
     0
 92
       -2
340
0
 93
        1
 40
0.045
309
GRIDFORMAT_END
 95
       32
302
GRIDFORMAT
  1
GRIDFORMAT_BEGIN
 90
        0
 91
        1
 62
     0
 92
       -2
340
0
 93
        1
 40
0.045
309
GRIDFORMAT_END
309
TABLEFORMAT_END
  1
CELLSTYLE_BEGIN
 90
        1
 91
        1
300
_TITLE
309
CELLSTYLE_END
300
CELLSTYLE
  1
TABLEFORMAT_BEGIN
 90
        5
170
     1
 91
        0
 92
        0
 62
   257
 93
        1
300
CONTENTFORMAT
  1
CONTENTFORMAT_BEGIN
 90
        0
 91
        0
 92
      512
 93
        0
300

 40
0.0
140
1.0
 94
        4
 62
     0
340
1B8
144
0.09
309
CONTENTFORMAT_END
171
     1
301
MARGIN
  1
CELLMARGIN_BEGIN
 40
0.03
 40
0.03
 40
0.06
 40
0.06
 40
0.18
 40
0.18
309
CELLMARGIN_END
 94
        6
 95
        1
302
GRIDFORMAT
  1
GRIDFORMAT_BEGIN
 90
        0
 91
        1
 62
     0
 92
       -2
340
0
 93
        1
 40
0.045
309
GRIDFORMAT_END
 95
        2
302
GRIDFORMAT
  1
GRIDFORMAT_BEGIN
 90
        0
 91
        1
 62
     0
 92
       -2
340
0
 93
        1
 40
0.045
309
GRIDFORMAT_END
 95
        4
302
GRIDFORMAT
  1
GRIDFORMAT_BEGIN
 90
        0
 91
        1
 62
     0
 92
       -2
340
0
 93
        1
 40
0.045
309
GRIDFORMAT_END
 95
        8
302
GRIDFORMAT
  1
GRIDFORMAT_BEGIN
 90
        0
 91
        1
 62
     0
 92
       -2
340
0
 93
        1
 40
0.045
309
GRIDFORMAT_END
 95
       16
302
GRIDFORMAT
  1
GRIDFORMAT_BEGIN
 90
        0
 91
        1
 62
     0
 92
       -2
340
0
 93
        1
 40
0.045
309
GRIDFORMAT_END
 95
       32
302
GRIDFORMAT
  1
GRIDFORMAT_BEGIN
 90
        0
 91
        1
 62
     0
 92
       -2
340
0
 93
        1
 40
0.045
309
GRIDFORMAT_END
309
TABLEFORMAT_END
  1
CELLSTYLE_BEGIN
 90
        2
 91
        1
300
_HEADER
309
CELLSTYLE_END
300
CELLSTYLE
  1
TABLEFORMAT_BEGIN
 90
        5
170
     1
 91
        0
 92
        0
 62
   257
 93
        1
300
CONTENTFORMAT
  1
CONTENTFORMAT_BEGIN
 90
        0
 91
        0
 92
      512
 93
        0
300

 40
0.0
140
1.0
 94
        4
 62
     0
340
1B8
144
0.09
309
CONTENTFORMAT_END
171
     1
301
MARGIN
  1
CELLMARGIN_BEGIN
 40
0.03
 40
0.03
 40
0.06
 40
0.06
 40
0.18
 40
0.18
309
CELLMARGIN_END
 94
        6
 95
        1
302
GRIDFORMAT
  1
GRIDFORMAT_BEGIN
 90
        0
 91
        1
 62
     0
 92
       -2
340
0
 93
        1
 40
0.045
309
GRIDFORMAT_END
 95
        2
302
GRIDFORMAT
  1
GRIDFORMAT_BEGIN
 90
        0
 91
        1
 62
     0
 92
       -2
340
0
 93
        1
 40
0.045
309
GRIDFORMAT_END
 95
        4
302
GRIDFORMAT
  1
GRIDFORMAT_BEGIN
 90
        0
 91
        1
 62
     0
 92
       -2
340
0
 93
        1
 40
0.045
309
GRIDFORMAT_END
 95
        8
302
GRIDFORMAT
  1
GRIDFORMAT_BEGIN
 90
        0
 91
        1
 62
     0
 92
       -2
340
0
 93
        1
 40
0.045
309
GRIDFORMAT_END
 95
       16
302
GRIDFORMAT
  1
GRIDFORMAT_BEGIN
 90
        0
 91
        1
 62
     0
 92
       -2
340
0
 93
        1
 40
0.045
309
GRIDFORMAT_END
 95
       32
302
GRIDFORMAT
  1
GRIDFORMAT_BEGIN
 90
        0
 91
        1
 62
     0
 92
       -2
340
0
 93
        1
 40
0.045
309
GRIDFORMAT_END
309
TABLEFORMAT_END
  1
CELLSTYLE_BEGIN
 90
        3
 91
        2
300
_DATA
309
CELLSTYLE_END
  0
XRECORD
  5
A147
102
{ACAD_REACTORS
330
35D
102
}
330
35D
100
AcDbXrecord
280
     1
102
ACAD_ROUNDTRIP_PRE2007_TABLESTYLE
 90
      512
 91
        0
  1

 92
      512
 93
        0
  2

 94
      512
 95
        0
  3

  0
CELLSTYLEMAP
  5
A108
102
{ACAD_REACTORS
330
104
102
}
330
104
100
AcDbCellStyleMap
 90
        3
300
CELLSTYLE
  1
TABLEFORMAT_BEGIN
 90
        5
170
     1
 91
        0
 92
    32768
 62
   257
 93
        1
300
CONTENTFORMAT
  1
CONTENTFORMAT_BEGIN
 90
        0
 91
        0
 92
      512
 93
        0
300

 40
0.0
140
1.0
 94
        5
 62
     0
340
11
144
0.25
309
CONTENTFORMAT_END
171
     1
301
MARGIN
  1
CELLMARGIN_BEGIN
 40
0.06
 40
0.06
 40
0.06
 40
0.06
 40
0.18
 40
0.18
309
CELLMARGIN_END
 94
        6
 95
        1
302
GRIDFORMAT
  1
GRIDFORMAT_BEGIN
 90
        0
 91
        1
 62
     0
 92
       -2
340
0
 93
        0
 40
0.045
309
GRIDFORMAT_END
 95
        2
302
GRIDFORMAT
  1
GRIDFORMAT_BEGIN
 90
        0
 91
        1
 62
     0
 92
       -2
340
0
 93
        0
 40
0.045
309
GRIDFORMAT_END
 95
        4
302
GRIDFORMAT
  1
GRIDFORMAT_BEGIN
 90
        0
 91
        1
 62
     0
 92
       -2
340
0
 93
        0
 40
0.045
309
GRIDFORMAT_END
 95
        8
302
GRIDFORMAT
  1
GRIDFORMAT_BEGIN
 90
        0
 91
        1
 62
     0
 92
       -2
340
0
 93
        0
 40
0.045
309
GRIDFORMAT_END
 95
       16
302
GRIDFORMAT
  1
GRIDFORMAT_BEGIN
 90
        0
 91
        1
 62
     0
 92
       -2
340
0
 93
        0
 40
0.045
309
GRIDFORMAT_END
 95
       32
302
GRIDFORMAT
  1
GRIDFORMAT_BEGIN
 90
        0
 91
        1
 62
     0
 92
       -2
340
0
 93
        0
 40
0.045
309
GRIDFORMAT_END
309
TABLEFORMAT_END
  1
CELLSTYLE_BEGIN
 90
        1
 91
        1
300
_TITLE
309
CELLSTYLE_END
300
CELLSTYLE
  1
TABLEFORMAT_BEGIN
 90
        5
170
     1
 91
        0
 92
        0
 62
   257
 93
        1
300
CONTENTFORMAT
  1
CONTENTFORMAT_BEGIN
 90
        0
 91
        0
 92
      512
 93
        0
300

 40
0.0
140
1.0
 94
        5
 62
     0
340
11
144
0.18
309
CONTENTFORMAT_END
171
     1
301
MARGIN
  1
CELLMARGIN_BEGIN
 40
0.06
 40
0.06
 40
0.06
 40
0.06
 40
0.18
 40
0.18
309
CELLMARGIN_END
 94
        6
 95
        1
302
GRIDFORMAT
  1
GRIDFORMAT_BEGIN
 90
        0
 91
        1
 62
     0
 92
       -2
340
0
 93
        0
 40
0.045
309
GRIDFORMAT_END
 95
        2
302
GRIDFORMAT
  1
GRIDFORMAT_BEGIN
 90
        0
 91
        1
 62
     0
 92
       -2
340
0
 93
        0
 40
0.045
309
GRIDFORMAT_END
 95
        4
302
GRIDFORMAT
  1
GRIDFORMAT_BEGIN
 90
        0
 91
        1
 62
     0
 92
       -2
340
0
 93
        0
 40
0.045
309
GRIDFORMAT_END
 95
        8
302
GRIDFORMAT
  1
GRIDFORMAT_BEGIN
 90
        0
 91
        1
 62
     0
 92
       -2
340
0
 93
        0
 40
0.045
309
GRIDFORMAT_END
 95
       16
302
GRIDFORMAT
  1
GRIDFORMAT_BEGIN
 90
        0
 91
        1
 62
     0
 92
       -2
340
0
 93
        0
 40
0.045
309
GRIDFORMAT_END
 95
       32
302
GRIDFORMAT
  1
GRIDFORMAT_BEGIN
 90
        0
 91
        1
 62
     0
 92
       -2
340
0
 93
        0
 40
0.045
309
GRIDFORMAT_END
309
TABLEFORMAT_END
  1
CELLSTYLE_BEGIN
 90
        2
 91
        1
300
_HEADER
309
CELLSTYLE_END
300
CELLSTYLE
  1
TABLEFORMAT_BEGIN
 90
        5
170
     1
 91
        0
 92
        0
 62
   257
 93
        1
300
CONTENTFORMAT
  1
CONTENTFORMAT_BEGIN
 90
        0
 91
        0
 92
      512
 93
        0
300

 40
0.0
140
1.0
 94
        2
 62
     0
340
11
144
0.18
309
CONTENTFORMAT_END
171
     1
301
MARGIN
  1
CELLMARGIN_BEGIN
 40
0.06
 40
0.06
 40
0.06
 40
0.06
 40
0.18
 40
0.18
309
CELLMARGIN_END
 94
        6
 95
        1
302
GRIDFORMAT
  1
GRIDFORMAT_BEGIN
 90
        0
 91
        1
 62
     0
 92
       -2
340
0
 93
        0
 40
0.045
309
GRIDFORMAT_END
 95
        2
302
GRIDFORMAT
  1
GRIDFORMAT_BEGIN
 90
        0
 91
        1
 62
     0
 92
       -2
340
0
 93
        0
 40
0.045
309
GRIDFORMAT_END
 95
        4
302
GRIDFORMAT
  1
GRIDFORMAT_BEGIN
 90
        0
 91
        1
 62
     0
 92
       -2
340
0
 93
        0
 40
0.045
309
GRIDFORMAT_END
 95
        8
302
GRIDFORMAT
  1
GRIDFORMAT_BEGIN
 90
        0
 91
        1
 62
     0
 92
       -2
340
0
 93
        0
 40
0.045
309
GRIDFORMAT_END
 95
       16
302
GRIDFORMAT
  1
GRIDFORMAT_BEGIN
 90
        0
 91
        1
 62
     0
 92
       -2
340
0
 93
        0
 40
0.045
309
GRIDFORMAT_END
 95
       32
302
GRIDFORMAT
  1
GRIDFORMAT_BEGIN
 90
        0
 91
        1
 62
     0
 92
       -2
340
0
 93
        0
 40
0.045
309
GRIDFORMAT_END
309
TABLEFORMAT_END
  1
CELLSTYLE_BEGIN
 90
        3
 91
        2
300
_DATA
309
CELLSTYLE_END
  0
XRECORD
  5
A10E
102
{ACAD_REACTORS
330
104
102
}
330
104
100
AcDbXrecord
280
     1
102
ACAD_ROUNDTRIP_PRE2007_TABLESTYLE
 90
      512
 91
        0
  1

 92
      512
 93
        0
  2

 94
      512
 95
        0
  3

  0
XRECORD
  5
A11A
102
{ACAD_REACTORS
330
A119
102
}
330
A119
100
AcDbXrecord
280
     1
102
RTVSPost2010Prop28
280
     1
102
RTVSPost2010PropOp28
 70
     1
102
RTVSPost2010Prop29
280
     1
102
RTVSPost2010PropOp29
 70
     1
102
RTVSPost2010Prop30
280
     0
102
RTVSPost2010PropOp30
 70
     1
102
RTVSPost2010Prop31
280
     0
102
RTVSPost2010PropOp31
 70
     1
102
RTVSPost2010Prop32
280
     0
102
RTVSPost2010PropOp32
 70
     1
102
RTVSPost2010Prop33
280
     0
102
RTVSPost2010PropOp33
 70
     1
102
RTVSPost2010Prop34
280
     0
102
RTVSPost2010PropOp34
 70
     1
102
RTVSPost2010Prop35
280
     0
102
RTVSPost2010PropOp35
 70
     1
102
RTVSPost2010Prop36
280
     0
102
RTVSPost2010PropOp36
 70
     1
102
RTVSPost2010Prop37
 90
       50
102
RTVSPost2010PropOp37
 70
     1
102
RTVSPost2010Prop38
140
0.0
102
RTVSPost2010PropOp38
 70
     1
102
RTVSPost2010Prop39
140
1.0
102
RTVSPost2010PropOp39
 70
     1
102
RTVSPost2010Prop40
 90
        0
102
RTVSPost2010PropOp40
 70
     1
102
RTVSPost2010Prop41ColorIndex
 90
       18
102
RTVSPost2010Prop41ColorRGB
 90
        0
102
RTVSPost2010PropOp41
 70
     1
102
RTVSPost2010Prop42
 90
       50
102
RTVSPost2010PropOp42
 70
     1
102
RTVSPost2010Prop43
 90
        3
102
RTVSPost2010PropOp43
 70
     1
102
RTVSPost2010Prop44ColorIndex
 90
        5
102
RTVSPost2010Prop44ColorRGB
 90
      255
102
RTVSPost2010PropOp44
 70
     1
102
RTVSPost2010Prop45
280
     0
102
RTVSPost2010PropOp45
 70
     1
102
RTVSPost2010Prop46
 90
       50
102
RTVSPost2010PropOp46
 70
     1
102
RTVSPost2010Prop47
 90
       50
102
RTVSPost2010PropOp47
 70
     1
102
RTVSPost2010Prop48
 90
       50
102
RTVSPost2010PropOp48
 70
     1
102
RTVSPost2010Prop49
280
     0
102
RTVSPost2010PropOp49
 70
     1
102
RTVSPost2010Prop50
 90
       50
102
RTVSPost2010PropOp50
 70
     1
102
RTVSPost2010Prop51ColorIndex
 90
      256
102
RTVSPost2010Prop51ColorRGB
 90
-16777216
102
RTVSPost2010PropOp51
 70
     0
102
RTVSPost2010Prop52
140
1.0
102
RTVSPost2010PropOp52
 70
     0
102
RTVSPost2010Prop53
 90
        2
102
RTVSPost2010PropOp53
 70
     1
102
RTVSPost2010Prop54
  1
strokes_ogs.tif
102
RTVSPost2010PropOp54
 70
     1
102
RTVSPost2010Prop55
280
     0
102
RTVSPost2010PropOp55
 70
     1
102
RTVSPost2010Prop56
140
1.0
102
RTVSPost2010PropOp56
 70
     1
102
RTVSPost2010Prop57
140
1.0
102
RTVSPost2010PropOp57
 70
     1
102
RTVSPropertyOp0
 70
     1
102
RTVSPropertyOp1
 70
     1
102
RTVSPropertyOp2
 70
     1
102
RTVSPropertyOp3
 70
     1
102
RTVSPropertyOp4
 70
     1
102
RTVSPropertyOp5
 70
     1
102
RTVSPropertyOp6
 70
     1
102
RTVSPropertyOp7
 70
     1
102
RTVSPropertyOp8
 70
     1
102
RTVSPropertyOp9
 70
     1
102
RTVSPropertyOp10
 70
     1
102
RTVSPropertyOp11
 70
     1
102
RTVSPropertyOp12
 70
     1
102
RTVSPropertyOp13
 70
     1
102
RTVSPropertyOp14
 70
     1
102
RTVSPropertyOp15
 70
     1
102
RTVSPropertyOp16
 70
     1
102
RTVSPropertyOp17
 70
     1
102
RTVSPropertyOp18
 70
     1
102
RTVSPropertyOp19
 70
     1
102
RTVSPropertyOp20
 70
     1
102
RTVSPropertyOp21
 70
     1
102
RTVSPropertyOp22
 70
     1
102
RTVSPropertyOp23
 70
     1
102
RTVSPropertyOp24
 70
     1
102
RTVSPropertyOp25
 70
     1
102
RTVSPropertyOp26
 70
     1
102
RTVSPropertyOp27
 70
     1
102
RTVSPropertyOp28
 70
     1
102
RTVSPropertyOp29
 70
     1
102
RTVSPropertyOp30
 70
     1
102
RTVSPropertyOp31
 70
     1
102
RTVSPropertyOp32
 70
     1
102
RTVSPropertyOp33
 70
     1
102
RTVSPropertyOp34
 70
     1
102
RTVSPropertyOp35
 70
     1
102
RTVSPropertyOp36
 70
     1
102
RTVSPropertyOp37
 70
     1
102
RTVSPropertyOp38
 70
     1
102
RTVSPropertyOp39
 70
     1
102
RTVSPropertyOp40
 70
     1
102
RTVSPropertyOp41
 70
     1
102
RTVSPropertyOp42
 70
     1
102
RTVSPropertyOp43
 70
     1
102
RTVSPropertyOp44
 70
     1
102
RTVSPropertyOp45
 70
     1
102
RTVSPropertyOp46
 70
     1
102
RTVSPropertyOp47
 70
     1
102
RTVSPropertyOp48
 70
     1
102
RTVSPropertyOp49
 70
     1
102
RTVSPropertyOp50
 70
     1
102
RTVSPropertyOp51
 70
     0
102
RTVSPropertyOp52
 70
     0
102
RTVSPropertyOp53
 70
     1
102
RTVSPropertyOp54
 70
     1
102
RTVSPropertyOp55
 70
     1
102
RTVSPropertyOp56
 70
     1
102
RTVSPropertyOp57
 70
     1
102
RTVSPropertyOp58
 70
     1
102
RTVSPropertyOp59
 70
     1
102
RTVSPropertyOp60
 70
     1
102
RTVSPropertyOp61
 70
     1
102
RTVSPropertyOp62
 70
     1
  0
XRECORD
  5
A14F
102
{ACAD_REACTORS
330
A14E
102
}
330
A14E
100
AcDbXrecord
280
     1
102
RTVSPost2010Prop28
280
     0
102
RTVSPost2010PropOp28
 70
     1
102
RTVSPost2010Prop29
280
     1
102
RTVSPost2010PropOp29
 70
     1
102
RTVSPost2010Prop30
280
     1
102
RTVSPost2010PropOp30
 70
     1
102
RTVSPost2010Prop31
280
     0
102
RTVSPost2010PropOp31
 70
     1
102
RTVSPost2010Prop32
280
     0
102
RTVSPost2010PropOp32
 70
     1
102
RTVSPost2010Prop33
280
     0
102
RTVSPost2010PropOp33
 70
     1
102
RTVSPost2010Prop34
280
     0
102
RTVSPost2010PropOp34
 70
     1
102
RTVSPost2010Prop35
280
     0
102
RTVSPost2010PropOp35
 70
     1
102
RTVSPost2010Prop36
280
     0
102
RTVSPost2010PropOp36
 70
     1
102
RTVSPost2010Prop37
 90
       50
102
RTVSPost2010PropOp37
 70
     1
102
RTVSPost2010Prop38
140
0.0
102
RTVSPost2010PropOp38
 70
     1
102
RTVSPost2010Prop39
140
1.0
102
RTVSPost2010PropOp39
 70
     1
102
RTVSPost2010Prop40
 90
        0
102
RTVSPost2010PropOp40
 70
     1
102
RTVSPost2010Prop41ColorIndex
 90
       18
102
RTVSPost2010Prop41ColorRGB
 90
        0
102
RTVSPost2010PropOp41
 70
     1
102
RTVSPost2010Prop42
 90
       50
102
RTVSPost2010PropOp42
 70
     1
102
RTVSPost2010Prop43
 90
        3
102
RTVSPost2010PropOp43
 70
     1
102
RTVSPost2010Prop44ColorIndex
 90
        5
102
RTVSPost2010Prop44ColorRGB
 90
      255
102
RTVSPost2010PropOp44
 70
     1
102
RTVSPost2010Prop45
280
     0
102
RTVSPost2010PropOp45
 70
     1
102
RTVSPost2010Prop46
 90
       50
102
RTVSPost2010PropOp46
 70
     1
102
RTVSPost2010Prop47
 90
       50
102
RTVSPost2010PropOp47
 70
     1
102
RTVSPost2010Prop48
 90
       50
102
RTVSPost2010PropOp48
 70
     1
102
RTVSPost2010Prop49
280
     0
102
RTVSPost2010PropOp49
 70
     1
102
RTVSPost2010Prop50
 90
       50
102
RTVSPost2010PropOp50
 70
     1
102
RTVSPost2010Prop51ColorIndex
 90
      256
102
RTVSPost2010Prop51ColorRGB
 90
-16777216
102
RTVSPost2010PropOp51
 70
     0
102
RTVSPost2010Prop52
140
1.0
102
RTVSPost2010PropOp52
 70
     0
102
RTVSPost2010Prop53
 90
        2
102
RTVSPost2010PropOp53
 70
     1
102
RTVSPost2010Prop54
  1
strokes_ogs.tif
102
RTVSPost2010PropOp54
 70
     1
102
RTVSPost2010Prop55
280
     0
102
RTVSPost2010PropOp55
 70
     1
102
RTVSPost2010Prop56
140
1.0
102
RTVSPost2010PropOp56
 70
     1
102
RTVSPost2010Prop57
140
1.0
102
RTVSPost2010PropOp57
 70
     1
102
RTVSPropertyOp0
 70
     1
102
RTVSPropertyOp1
 70
     1
102
RTVSPropertyOp2
 70
     1
102
RTVSPropertyOp3
 70
     1
102
RTVSPropertyOp4
 70
     1
102
RTVSPropertyOp5
 70
     1
102
RTVSPropertyOp6
 70
     1
102
RTVSPropertyOp7
 70
     1
102
RTVSPropertyOp8
 70
     1
102
RTVSPropertyOp9
 70
     1
102
RTVSPropertyOp10
 70
     1
102
RTVSPropertyOp11
 70
     1
102
RTVSPropertyOp12
 70
     1
102
RTVSPropertyOp13
 70
     1
102
RTVSPropertyOp14
 70
     1
102
RTVSPropertyOp15
 70
     1
102
RTVSPropertyOp16
 70
     1
102
RTVSPropertyOp17
 70
     1
102
RTVSPropertyOp18
 70
     1
102
RTVSPropertyOp19
 70
     1
102
RTVSPropertyOp20
 70
     1
102
RTVSPropertyOp21
 70
     1
102
RTVSPropertyOp22
 70
     1
102
RTVSPropertyOp23
 70
     1
102
RTVSPropertyOp24
 70
     1
102
RTVSPropertyOp25
 70
     1
102
RTVSPropertyOp26
 70
     1
102
RTVSPropertyOp27
 70
     1
102
RTVSPropertyOp28
 70
     1
102
RTVSPropertyOp29
 70
     1
102
RTVSPropertyOp30
 70
     1
102
RTVSPropertyOp31
 70
     1
102
RTVSPropertyOp32
 70
     1
102
RTVSPropertyOp33
 70
     1
102
RTVSPropertyOp34
 70
     1
102
RTVSPropertyOp35
 70
     1
102
RTVSPropertyOp36
 70
     1
102
RTVSPropertyOp37
 70
     1
102
RTVSPropertyOp38
 70
     1
102
RTVSPropertyOp39
 70
     1
102
RTVSPropertyOp40
 70
     1
102
RTVSPropertyOp41
 70
     1
102
RTVSPropertyOp42
 70
     1
102
RTVSPropertyOp43
 70
     1
102
RTVSPropertyOp44
 70
     1
102
RTVSPropertyOp45
 70
     1
102
RTVSPropertyOp46
 70
     1
102
RTVSPropertyOp47
 70
     1
102
RTVSPropertyOp48
 70
     1
102
RTVSPropertyOp49
 70
     1
102
RTVSPropertyOp50
 70
     1
102
RTVSPropertyOp51
 70
     0
102
RTVSPropertyOp52
 70
     0
102
RTVSPropertyOp53
 70
     1
102
RTVSPropertyOp54
 70
     1
102
RTVSPropertyOp55
 70
     1
102
RTVSPropertyOp56
 70
     1
102
RTVSPropertyOp57
 70
     1
102
RTVSPropertyOp58
 70
     1
102
RTVSPropertyOp59
 70
     1
102
RTVSPropertyOp60
 70
     1
102
RTVSPropertyOp61
 70
     1
102
RTVSPropertyOp62
 70
     1
  0
XRECORD
  5
A118
102
{ACAD_REACTORS
330
A117
102
}
330
A117
100
AcDbXrecord
280
     1
102
RTVSPost2010Prop28
280
     0
102
RTVSPost2010PropOp28
 70
     1
102
RTVSPost2010Prop29
280
     1
102
RTVSPost2010PropOp29
 70
     1
102
RTVSPost2010Prop30
280
     1
102
RTVSPost2010PropOp30
 70
     1
102
RTVSPost2010Prop31
280
     0
102
RTVSPost2010PropOp31
 70
     1
102
RTVSPost2010Prop32
280
     0
102
RTVSPost2010PropOp32
 70
     1
102
RTVSPost2010Prop33
280
     0
102
RTVSPost2010PropOp33
 70
     1
102
RTVSPost2010Prop34
280
     0
102
RTVSPost2010PropOp34
 70
     1
102
RTVSPost2010Prop35
280
     0
102
RTVSPost2010PropOp35
 70
     1
102
RTVSPost2010Prop36
280
     0
102
RTVSPost2010PropOp36
 70
     1
102
RTVSPost2010Prop37
 90
       50
102
RTVSPost2010PropOp37
 70
     1
102
RTVSPost2010Prop38
140
0.0
102
RTVSPost2010PropOp38
 70
     1
102
RTVSPost2010Prop39
140
1.0
102
RTVSPost2010PropOp39
 70
     1
102
RTVSPost2010Prop40
 90
        0
102
RTVSPost2010PropOp40
 70
     1
102
RTVSPost2010Prop41ColorIndex
 90
       18
102
RTVSPost2010Prop41ColorRGB
 90
        0
102
RTVSPost2010PropOp41
 70
     1
102
RTVSPost2010Prop42
 90
       50
102
RTVSPost2010PropOp42
 70
     1
102
RTVSPost2010Prop43
 90
        3
102
RTVSPost2010PropOp43
 70
     1
102
RTVSPost2010Prop44ColorIndex
 90
        5
102
RTVSPost2010Prop44ColorRGB
 90
      255
102
RTVSPost2010PropOp44
 70
     1
102
RTVSPost2010Prop45
280
     0
102
RTVSPost2010PropOp45
 70
     1
102
RTVSPost2010Prop46
 90
       50
102
RTVSPost2010PropOp46
 70
     1
102
RTVSPost2010Prop47
 90
       50
102
RTVSPost2010PropOp47
 70
     1
102
RTVSPost2010Prop48
 90
       50
102
RTVSPost2010PropOp48
 70
     1
102
RTVSPost2010Prop49
280
     0
102
RTVSPost2010PropOp49
 70
     1
102
RTVSPost2010Prop50
 90
       50
102
RTVSPost2010PropOp50
 70
     1
102
RTVSPost2010Prop51ColorIndex
 90
      256
102
RTVSPost2010Prop51ColorRGB
 90
-16777216
102
RTVSPost2010PropOp51
 70
     0
102
RTVSPost2010Prop52
140
1.0
102
RTVSPost2010PropOp52
 70
     0
102
RTVSPost2010Prop53
 90
        2
102
RTVSPost2010PropOp53
 70
     1
102
RTVSPost2010Prop54
  1
strokes_ogs.tif
102
RTVSPost2010PropOp54
 70
     1
102
RTVSPost2010Prop55
280
     0
102
RTVSPost2010PropOp55
 70
     1
102
RTVSPost2010Prop56
140
1.0
102
RTVSPost2010PropOp56
 70
     1
102
RTVSPost2010Prop57
140
1.0
102
RTVSPost2010PropOp57
 70
     1
102
RTVSPropertyOp0
 70
     1
102
RTVSPropertyOp1
 70
     1
102
RTVSPropertyOp2
 70
     1
102
RTVSPropertyOp3
 70
     1
102
RTVSPropertyOp4
 70
     1
102
RTVSPropertyOp5
 70
     1
102
RTVSPropertyOp6
 70
     1
102
RTVSPropertyOp7
 70
     1
102
RTVSPropertyOp8
 70
     1
102
RTVSPropertyOp9
 70
     1
102
RTVSPropertyOp10
 70
     1
102
RTVSPropertyOp11
 70
     1
102
RTVSPropertyOp12
 70
     1
102
RTVSPropertyOp13
 70
     1
102
RTVSPropertyOp14
 70
     1
102
RTVSPropertyOp15
 70
     1
102
RTVSPropertyOp16
 70
     1
102
RTVSPropertyOp17
 70
     1
102
RTVSPropertyOp18
 70
     1
102
RTVSPropertyOp19
 70
     1
102
RTVSPropertyOp20
 70
     1
102
RTVSPropertyOp21
 70
     1
102
RTVSPropertyOp22
 70
     1
102
RTVSPropertyOp23
 70
     1
102
RTVSPropertyOp24
 70
     1
102
RTVSPropertyOp25
 70
     1
102
RTVSPropertyOp26
 70
     1
102
RTVSPropertyOp27
 70
     1
102
RTVSPropertyOp28
 70
     1
102
RTVSPropertyOp29
 70
     1
102
RTVSPropertyOp30
 70
     1
102
RTVSPropertyOp31
 70
     1
102
RTVSPropertyOp32
 70
     1
102
RTVSPropertyOp33
 70
     1
102
RTVSPropertyOp34
 70
     1
102
RTVSPropertyOp35
 70
     1
102
RTVSPropertyOp36
 70
     1
102
RTVSPropertyOp37
 70
     1
102
RTVSPropertyOp38
 70
     1
102
RTVSPropertyOp39
 70
     1
102
RTVSPropertyOp40
 70
     1
102
RTVSPropertyOp41
 70
     1
102
RTVSPropertyOp42
 70
     1
102
RTVSPropertyOp43
 70
     1
102
RTVSPropertyOp44
 70
     1
102
RTVSPropertyOp45
 70
     1
102
RTVSPropertyOp46
 70
     1
102
RTVSPropertyOp47
 70
     1
102
RTVSPropertyOp48
 70
     1
102
RTVSPropertyOp49
 70
     1
102
RTVSPropertyOp50
 70
     1
102
RTVSPropertyOp51
 70
     0
102
RTVSPropertyOp52
 70
     0
102
RTVSPropertyOp53
 70
     1
102
RTVSPropertyOp54
 70
     1
102
RTVSPropertyOp55
 70
     1
102
RTVSPropertyOp56
 70
     1
102
RTVSPropertyOp57
 70
     1
102
RTVSPropertyOp58
 70
     1
102
RTVSPropertyOp59
 70
     1
102
RTVSPropertyOp60
 70
     1
102
RTVSPropertyOp61
 70
     1
102
RTVSPropertyOp62
 70
     1
  0
XRECORD
  5
A126
102
{ACAD_REACTORS
330
A125
102
}
330
A125
100
AcDbXrecord
280
     1
102
RTVSPost2010Prop28
280
     0
102
RTVSPost2010PropOp28
 70
     1
102
RTVSPost2010Prop29
280
     1
102
RTVSPost2010PropOp29
 70
     1
102
RTVSPost2010Prop30
280
     1
102
RTVSPost2010PropOp30
 70
     1
102
RTVSPost2010Prop31
280
     0
102
RTVSPost2010PropOp31
 70
     1
102
RTVSPost2010Prop32
280
     0
102
RTVSPost2010PropOp32
 70
     1
102
RTVSPost2010Prop33
280
     0
102
RTVSPost2010PropOp33
 70
     1
102
RTVSPost2010Prop34
280
     0
102
RTVSPost2010PropOp34
 70
     1
102
RTVSPost2010Prop35
280
     0
102
RTVSPost2010PropOp35
 70
     1
102
RTVSPost2010Prop36
280
     0
102
RTVSPost2010PropOp36
 70
     1
102
RTVSPost2010Prop37
 90
       50
102
RTVSPost2010PropOp37
 70
     1
102
RTVSPost2010Prop38
140
0.0
102
RTVSPost2010PropOp38
 70
     1
102
RTVSPost2010Prop39
140
1.0
102
RTVSPost2010PropOp39
 70
     1
102
RTVSPost2010Prop40
 90
        0
102
RTVSPost2010PropOp40
 70
     1
102
RTVSPost2010Prop41ColorIndex
 90
       18
102
RTVSPost2010Prop41ColorRGB
 90
        0
102
RTVSPost2010PropOp41
 70
     1
102
RTVSPost2010Prop42
 90
       50
102
RTVSPost2010PropOp42
 70
     1
102
RTVSPost2010Prop43
 90
        3
102
RTVSPost2010PropOp43
 70
     1
102
RTVSPost2010Prop44ColorIndex
 90
        5
102
RTVSPost2010Prop44ColorRGB
 90
      255
102
RTVSPost2010PropOp44
 70
     1
102
RTVSPost2010Prop45
280
     0
102
RTVSPost2010PropOp45
 70
     1
102
RTVSPost2010Prop46
 90
       50
102
RTVSPost2010PropOp46
 70
     1
102
RTVSPost2010Prop47
 90
       50
102
RTVSPost2010PropOp47
 70
     1
102
RTVSPost2010Prop48
 90
       50
102
RTVSPost2010PropOp48
 70
     1
102
RTVSPost2010Prop49
280
     0
102
RTVSPost2010PropOp49
 70
     1
102
RTVSPost2010Prop50
 90
       50
102
RTVSPost2010PropOp50
 70
     1
102
RTVSPost2010Prop51ColorIndex
 90
      256
102
RTVSPost2010Prop51ColorRGB
 90
-16777216
102
RTVSPost2010PropOp51
 70
     0
102
RTVSPost2010Prop52
140
1.0
102
RTVSPost2010PropOp52
 70
     0
102
RTVSPost2010Prop53
 90
        2
102
RTVSPost2010PropOp53
 70
     1
102
RTVSPost2010Prop54
  1
strokes_ogs.tif
102
RTVSPost2010PropOp54
 70
     1
102
RTVSPost2010Prop55
280
     0
102
RTVSPost2010PropOp55
 70
     1
102
RTVSPost2010Prop56
140
1.0
102
RTVSPost2010PropOp56
 70
     1
102
RTVSPost2010Prop57
140
1.0
102
RTVSPost2010PropOp57
 70
     1
102
RTVSPropertyOp0
 70
     1
102
RTVSPropertyOp1
 70
     1
102
RTVSPropertyOp2
 70
     1
102
RTVSPropertyOp3
 70
     1
102
RTVSPropertyOp4
 70
     1
102
RTVSPropertyOp5
 70
     1
102
RTVSPropertyOp6
 70
     1
102
RTVSPropertyOp7
 70
     1
102
RTVSPropertyOp8
 70
     1
102
RTVSPropertyOp9
 70
     1
102
RTVSPropertyOp10
 70
     1
102
RTVSPropertyOp11
 70
     1
102
RTVSPropertyOp12
 70
     1
102
RTVSPropertyOp13
 70
     1
102
RTVSPropertyOp14
 70
     1
102
RTVSPropertyOp15
 70
     1
102
RTVSPropertyOp16
 70
     1
102
RTVSPropertyOp17
 70
     1
102
RTVSPropertyOp18
 70
     1
102
RTVSPropertyOp19
 70
     1
102
RTVSPropertyOp20
 70
     1
102
RTVSPropertyOp21
 70
     1
102
RTVSPropertyOp22
 70
     1
102
RTVSPropertyOp23
 70
     1
102
RTVSPropertyOp24
 70
     1
102
RTVSPropertyOp25
 70
     1
102
RTVSPropertyOp26
 70
     1
102
RTVSPropertyOp27
 70
     1
102
RTVSPropertyOp28
 70
     1
102
RTVSPropertyOp29
 70
     1
102
RTVSPropertyOp30
 70
     1
102
RTVSPropertyOp31
 70
     1
102
RTVSPropertyOp32
 70
     1
102
RTVSPropertyOp33
 70
     1
102
RTVSPropertyOp34
 70
     1
102
RTVSPropertyOp35
 70
     1
102
RTVSPropertyOp36
 70
     1
102
RTVSPropertyOp37
 70
     1
102
RTVSPropertyOp38
 70
     1
102
RTVSPropertyOp39
 70
     1
102
RTVSPropertyOp40
 70
     1
102
RTVSPropertyOp41
 70
     1
102
RTVSPropertyOp42
 70
     1
102
RTVSPropertyOp43
 70
     1
102
RTVSPropertyOp44
 70
     1
102
RTVSPropertyOp45
 70
     1
102
RTVSPropertyOp46
 70
     1
102
RTVSPropertyOp47
 70
     1
102
RTVSPropertyOp48
 70
     1
102
RTVSPropertyOp49
 70
     1
102
RTVSPropertyOp50
 70
     1
102
RTVSPropertyOp51
 70
     0
102
RTVSPropertyOp52
 70
     0
102
RTVSPropertyOp53
 70
     1
102
RTVSPropertyOp54
 70
     1
102
RTVSPropertyOp55
 70
     1
102
RTVSPropertyOp56
 70
     1
102
RTVSPropertyOp57
 70
     1
102
RTVSPropertyOp58
 70
     1
102
RTVSPropertyOp59
 70
     1
102
RTVSPropertyOp60
 70
     1
102
RTVSPropertyOp61
 70
     1
102
RTVSPropertyOp62
 70
     1
  0
XRECORD
  5
A12E
102
{ACAD_REACTORS
330
A12D
102
}
330
A12D
100
AcDbXrecord
280
     1
102
RTVSPost2010Prop28
280
     0
102
RTVSPost2010PropOp28
 70
     1
102
RTVSPost2010Prop29
280
     1
102
RTVSPost2010PropOp29
 70
     1
102
RTVSPost2010Prop30
280
     1
102
RTVSPost2010PropOp30
 70
     1
102
RTVSPost2010Prop31
280
     0
102
RTVSPost2010PropOp31
 70
     1
102
RTVSPost2010Prop32
280
     0
102
RTVSPost2010PropOp32
 70
     1
102
RTVSPost2010Prop33
280
     0
102
RTVSPost2010PropOp33
 70
     1
102
RTVSPost2010Prop34
280
     0
102
RTVSPost2010PropOp34
 70
     1
102
RTVSPost2010Prop35
280
     0
102
RTVSPost2010PropOp35
 70
     1
102
RTVSPost2010Prop36
280
     0
102
RTVSPost2010PropOp36
 70
     1
102
RTVSPost2010Prop37
 90
       50
102
RTVSPost2010PropOp37
 70
     1
102
RTVSPost2010Prop38
140
0.0
102
RTVSPost2010PropOp38
 70
     1
102
RTVSPost2010Prop39
140
1.0
102
RTVSPost2010PropOp39
 70
     1
102
RTVSPost2010Prop40
 90
        0
102
RTVSPost2010PropOp40
 70
     1
102
RTVSPost2010Prop41ColorIndex
 90
       18
102
RTVSPost2010Prop41ColorRGB
 90
        0
102
RTVSPost2010PropOp41
 70
     1
102
RTVSPost2010Prop42
 90
       50
102
RTVSPost2010PropOp42
 70
     1
102
RTVSPost2010Prop43
 90
        3
102
RTVSPost2010PropOp43
 70
     1
102
RTVSPost2010Prop44ColorIndex
 90
        5
102
RTVSPost2010Prop44ColorRGB
 90
      255
102
RTVSPost2010PropOp44
 70
     1
102
RTVSPost2010Prop45
280
     0
102
RTVSPost2010PropOp45
 70
     1
102
RTVSPost2010Prop46
 90
       50
102
RTVSPost2010PropOp46
 70
     1
102
RTVSPost2010Prop47
 90
       50
102
RTVSPost2010PropOp47
 70
     1
102
RTVSPost2010Prop48
 90
       50
102
RTVSPost2010PropOp48
 70
     1
102
RTVSPost2010Prop49
280
     0
102
RTVSPost2010PropOp49
 70
     1
102
RTVSPost2010Prop50
 90
       50
102
RTVSPost2010PropOp50
 70
     1
102
RTVSPost2010Prop51ColorIndex
 90
      256
102
RTVSPost2010Prop51ColorRGB
 90
-16777216
102
RTVSPost2010PropOp51
 70
     0
102
RTVSPost2010Prop52
140
1.0
102
RTVSPost2010PropOp52
 70
     0
102
RTVSPost2010Prop53
 90
        2
102
RTVSPost2010PropOp53
 70
     1
102
RTVSPost2010Prop54
  1
strokes_ogs.tif
102
RTVSPost2010PropOp54
 70
     1
102
RTVSPost2010Prop55
280
     0
102
RTVSPost2010PropOp55
 70
     1
102
RTVSPost2010Prop56
140
1.0
102
RTVSPost2010PropOp56
 70
     1
102
RTVSPost2010Prop57
140
1.0
102
RTVSPost2010PropOp57
 70
     1
102
RTVSPropertyOp0
 70
     1
102
RTVSPropertyOp1
 70
     1
102
RTVSPropertyOp2
 70
     1
102
RTVSPropertyOp3
 70
     1
102
RTVSPropertyOp4
 70
     1
102
RTVSPropertyOp5
 70
     1
102
RTVSPropertyOp6
 70
     1
102
RTVSPropertyOp7
 70
     1
102
RTVSPropertyOp8
 70
     1
102
RTVSPropertyOp9
 70
     1
102
RTVSPropertyOp10
 70
     1
102
RTVSPropertyOp11
 70
     1
102
RTVSPropertyOp12
 70
     1
102
RTVSPropertyOp13
 70
     1
102
RTVSPropertyOp14
 70
     1
102
RTVSPropertyOp15
 70
     1
102
RTVSPropertyOp16
 70
     1
102
RTVSPropertyOp17
 70
     1
102
RTVSPropertyOp18
 70
     1
102
RTVSPropertyOp19
 70
     1
102
RTVSPropertyOp20
 70
     1
102
RTVSPropertyOp21
 70
     1
102
RTVSPropertyOp22
 70
     1
102
RTVSPropertyOp23
 70
     1
102
RTVSPropertyOp24
 70
     1
102
RTVSPropertyOp25
 70
     1
102
RTVSPropertyOp26
 70
     1
102
RTVSPropertyOp27
 70
     1
102
RTVSPropertyOp28
 70
     1
102
RTVSPropertyOp29
 70
     1
102
RTVSPropertyOp30
 70
     1
102
RTVSPropertyOp31
 70
     1
102
RTVSPropertyOp32
 70
     1
102
RTVSPropertyOp33
 70
     1
102
RTVSPropertyOp34
 70
     1
102
RTVSPropertyOp35
 70
     1
102
RTVSPropertyOp36
 70
     1
102
RTVSPropertyOp37
 70
     1
102
RTVSPropertyOp38
 70
     1
102
RTVSPropertyOp39
 70
     1
102
RTVSPropertyOp40
 70
     1
102
RTVSPropertyOp41
 70
     1
102
RTVSPropertyOp42
 70
     1
102
RTVSPropertyOp43
 70
     1
102
RTVSPropertyOp44
 70
     1
102
RTVSPropertyOp45
 70
     1
102
RTVSPropertyOp46
 70
     1
102
RTVSPropertyOp47
 70
     1
102
RTVSPropertyOp48
 70
     1
102
RTVSPropertyOp49
 70
     1
102
RTVSPropertyOp50
 70
     1
102
RTVSPropertyOp51
 70
     0
102
RTVSPropertyOp52
 70
     0
102
RTVSPropertyOp53
 70
     1
102
RTVSPropertyOp54
 70
     1
102
RTVSPropertyOp55
 70
     1
102
RTVSPropertyOp56
 70
     1
102
RTVSPropertyOp57
 70
     1
102
RTVSPropertyOp58
 70
     1
102
RTVSPropertyOp59
 70
     1
102
RTVSPropertyOp60
 70
     1
102
RTVSPropertyOp61
 70
     1
102
RTVSPropertyOp62
 70
     1
  0
XRECORD
  5
A120
102
{ACAD_REACTORS
330
A11F
102
}
330
A11F
100
AcDbXrecord
280
     1
102
RTVSPost2010Prop28
280
     0
102
RTVSPost2010PropOp28
 70
     1
102
RTVSPost2010Prop29
280
     1
102
RTVSPost2010PropOp29
 70
     1
102
RTVSPost2010Prop30
280
     1
102
RTVSPost2010PropOp30
 70
     1
102
RTVSPost2010Prop31
280
     0
102
RTVSPost2010PropOp31
 70
     1
102
RTVSPost2010Prop32
280
     0
102
RTVSPost2010PropOp32
 70
     1
102
RTVSPost2010Prop33
280
     0
102
RTVSPost2010PropOp33
 70
     1
102
RTVSPost2010Prop34
280
     0
102
RTVSPost2010PropOp34
 70
     1
102
RTVSPost2010Prop35
280
     0
102
RTVSPost2010PropOp35
 70
     1
102
RTVSPost2010Prop36
280
     0
102
RTVSPost2010PropOp36
 70
     1
102
RTVSPost2010Prop37
 90
       50
102
RTVSPost2010PropOp37
 70
     1
102
RTVSPost2010Prop38
140
0.0
102
RTVSPost2010PropOp38
 70
     1
102
RTVSPost2010Prop39
140
1.0
102
RTVSPost2010PropOp39
 70
     1
102
RTVSPost2010Prop40
 90
        0
102
RTVSPost2010PropOp40
 70
     1
102
RTVSPost2010Prop41ColorIndex
 90
       18
102
RTVSPost2010Prop41ColorRGB
 90
        0
102
RTVSPost2010PropOp41
 70
     1
102
RTVSPost2010Prop42
 90
       50
102
RTVSPost2010PropOp42
 70
     1
102
RTVSPost2010Prop43
 90
        3
102
RTVSPost2010PropOp43
 70
     1
102
RTVSPost2010Prop44ColorIndex
 90
        5
102
RTVSPost2010Prop44ColorRGB
 90
      255
102
RTVSPost2010PropOp44
 70
     1
102
RTVSPost2010Prop45
280
     0
102
RTVSPost2010PropOp45
 70
     1
102
RTVSPost2010Prop46
 90
       50
102
RTVSPost2010PropOp46
 70
     1
102
RTVSPost2010Prop47
 90
       50
102
RTVSPost2010PropOp47
 70
     1
102
RTVSPost2010Prop48
 90
       50
102
RTVSPost2010PropOp48
 70
     1
102
RTVSPost2010Prop49
280
     0
102
RTVSPost2010PropOp49
 70
     1
102
RTVSPost2010Prop50
 90
       50
102
RTVSPost2010PropOp50
 70
     1
102
RTVSPost2010Prop51ColorIndex
 90
      256
102
RTVSPost2010Prop51ColorRGB
 90
-16777216
102
RTVSPost2010PropOp51
 70
     0
102
RTVSPost2010Prop52
140
1.0
102
RTVSPost2010PropOp52
 70
     0
102
RTVSPost2010Prop53
 90
        2
102
RTVSPost2010PropOp53
 70
     1
102
RTVSPost2010Prop54
  1
strokes_ogs.tif
102
RTVSPost2010PropOp54
 70
     1
102
RTVSPost2010Prop55
280
     0
102
RTVSPost2010PropOp55
 70
     1
102
RTVSPost2010Prop56
140
1.0
102
RTVSPost2010PropOp56
 70
     1
102
RTVSPost2010Prop57
140
1.0
102
RTVSPost2010PropOp57
 70
     1
102
RTVSPropertyOp0
 70
     1
102
RTVSPropertyOp1
 70
     1
102
RTVSPropertyOp2
 70
     1
102
RTVSPropertyOp3
 70
     1
102
RTVSPropertyOp4
 70
     1
102
RTVSPropertyOp5
 70
     1
102
RTVSPropertyOp6
 70
     1
102
RTVSPropertyOp7
 70
     1
102
RTVSPropertyOp8
 70
     1
102
RTVSPropertyOp9
 70
     1
102
RTVSPropertyOp10
 70
     1
102
RTVSPropertyOp11
 70
     1
102
RTVSPropertyOp12
 70
     1
102
RTVSPropertyOp13
 70
     1
102
RTVSPropertyOp14
 70
     1
102
RTVSPropertyOp15
 70
     1
102
RTVSPropertyOp16
 70
     1
102
RTVSPropertyOp17
 70
     1
102
RTVSPropertyOp18
 70
     1
102
RTVSPropertyOp19
 70
     1
102
RTVSPropertyOp20
 70
     1
102
RTVSPropertyOp21
 70
     1
102
RTVSPropertyOp22
 70
     1
102
RTVSPropertyOp23
 70
     1
102
RTVSPropertyOp24
 70
     1
102
RTVSPropertyOp25
 70
     1
102
RTVSPropertyOp26
 70
     1
102
RTVSPropertyOp27
 70
     1
102
RTVSPropertyOp28
 70
     1
102
RTVSPropertyOp29
 70
     1
102
RTVSPropertyOp30
 70
     1
102
RTVSPropertyOp31
 70
     1
102
RTVSPropertyOp32
 70
     1
102
RTVSPropertyOp33
 70
     1
102
RTVSPropertyOp34
 70
     1
102
RTVSPropertyOp35
 70
     1
102
RTVSPropertyOp36
 70
     1
102
RTVSPropertyOp37
 70
     1
102
RTVSPropertyOp38
 70
     1
102
RTVSPropertyOp39
 70
     1
102
RTVSPropertyOp40
 70
     1
102
RTVSPropertyOp41
 70
     1
102
RTVSPropertyOp42
 70
     1
102
RTVSPropertyOp43
 70
     1
102
RTVSPropertyOp44
 70
     1
102
RTVSPropertyOp45
 70
     1
102
RTVSPropertyOp46
 70
     1
102
RTVSPropertyOp47
 70
     1
102
RTVSPropertyOp48
 70
     1
102
RTVSPropertyOp49
 70
     1
102
RTVSPropertyOp50
 70
     1
102
RTVSPropertyOp51
 70
     0
102
RTVSPropertyOp52
 70
     0
102
RTVSPropertyOp53
 70
     1
102
RTVSPropertyOp54
 70
     1
102
RTVSPropertyOp55
 70
     1
102
RTVSPropertyOp56
 70
     1
102
RTVSPropertyOp57
 70
     1
102
RTVSPropertyOp58
 70
     1
102
RTVSPropertyOp59
 70
     1
102
RTVSPropertyOp60
 70
     1
102
RTVSPropertyOp61
 70
     1
102
RTVSPropertyOp62
 70
     1
  0
XRECORD
  5
A124
102
{ACAD_REACTORS
330
A123
102
}
330
A123
100
AcDbXrecord
280
     1
102
RTVSPost2010Prop28
280
     0
102
RTVSPost2010PropOp28
 70
     1
102
RTVSPost2010Prop29
280
     1
102
RTVSPost2010PropOp29
 70
     1
102
RTVSPost2010Prop30
280
     1
102
RTVSPost2010PropOp30
 70
     1
102
RTVSPost2010Prop31
280
     0
102
RTVSPost2010PropOp31
 70
     1
102
RTVSPost2010Prop32
280
     0
102
RTVSPost2010PropOp32
 70
     1
102
RTVSPost2010Prop33
280
     0
102
RTVSPost2010PropOp33
 70
     1
102
RTVSPost2010Prop34
280
     0
102
RTVSPost2010PropOp34
 70
     1
102
RTVSPost2010Prop35
280
     0
102
RTVSPost2010PropOp35
 70
     1
102
RTVSPost2010Prop36
280
     0
102
RTVSPost2010PropOp36
 70
     1
102
RTVSPost2010Prop37
 90
       50
102
RTVSPost2010PropOp37
 70
     1
102
RTVSPost2010Prop38
140
0.0
102
RTVSPost2010PropOp38
 70
     1
102
RTVSPost2010Prop39
140
1.0
102
RTVSPost2010PropOp39
 70
     1
102
RTVSPost2010Prop40
 90
        0
102
RTVSPost2010PropOp40
 70
     1
102
RTVSPost2010Prop41ColorIndex
 90
       18
102
RTVSPost2010Prop41ColorRGB
 90
        0
102
RTVSPost2010PropOp41
 70
     1
102
RTVSPost2010Prop42
 90
       50
102
RTVSPost2010PropOp42
 70
     1
102
RTVSPost2010Prop43
 90
        3
102
RTVSPost2010PropOp43
 70
     1
102
RTVSPost2010Prop44ColorIndex
 90
        5
102
RTVSPost2010Prop44ColorRGB
 90
      255
102
RTVSPost2010PropOp44
 70
     1
102
RTVSPost2010Prop45
280
     0
102
RTVSPost2010PropOp45
 70
     1
102
RTVSPost2010Prop46
 90
       50
102
RTVSPost2010PropOp46
 70
     1
102
RTVSPost2010Prop47
 90
       50
102
RTVSPost2010PropOp47
 70
     1
102
RTVSPost2010Prop48
 90
       50
102
RTVSPost2010PropOp48
 70
     1
102
RTVSPost2010Prop49
280
     0
102
RTVSPost2010PropOp49
 70
     1
102
RTVSPost2010Prop50
 90
       50
102
RTVSPost2010PropOp50
 70
     1
102
RTVSPost2010Prop51ColorIndex
 90
      256
102
RTVSPost2010Prop51ColorRGB
 90
-16777216
102
RTVSPost2010PropOp51
 70
     0
102
RTVSPost2010Prop52
140
1.0
102
RTVSPost2010PropOp52
 70
     0
102
RTVSPost2010Prop53
 90
        2
102
RTVSPost2010PropOp53
 70
     1
102
RTVSPost2010Prop54
  1
strokes_ogs.tif
102
RTVSPost2010PropOp54
 70
     1
102
RTVSPost2010Prop55
280
     0
102
RTVSPost2010PropOp55
 70
     1
102
RTVSPost2010Prop56
140
1.0
102
RTVSPost2010PropOp56
 70
     1
102
RTVSPost2010Prop57
140
1.0
102
RTVSPost2010PropOp57
 70
     1
102
RTVSPropertyOp0
 70
     1
102
RTVSPropertyOp1
 70
     1
102
RTVSPropertyOp2
 70
     1
102
RTVSPropertyOp3
 70
     1
102
RTVSPropertyOp4
 70
     1
102
RTVSPropertyOp5
 70
     1
102
RTVSPropertyOp6
 70
     1
102
RTVSPropertyOp7
 70
     1
102
RTVSPropertyOp8
 70
     1
102
RTVSPropertyOp9
 70
     1
102
RTVSPropertyOp10
 70
     1
102
RTVSPropertyOp11
 70
     1
102
RTVSPropertyOp12
 70
     1
102
RTVSPropertyOp13
 70
     1
102
RTVSPropertyOp14
 70
     1
102
RTVSPropertyOp15
 70
     1
102
RTVSPropertyOp16
 70
     1
102
RTVSPropertyOp17
 70
     1
102
RTVSPropertyOp18
 70
     1
102
RTVSPropertyOp19
 70
     1
102
RTVSPropertyOp20
 70
     1
102
RTVSPropertyOp21
 70
     1
102
RTVSPropertyOp22
 70
     1
102
RTVSPropertyOp23
 70
     1
102
RTVSPropertyOp24
 70
     1
102
RTVSPropertyOp25
 70
     1
102
RTVSPropertyOp26
 70
     1
102
RTVSPropertyOp27
 70
     1
102
RTVSPropertyOp28
 70
     1
102
RTVSPropertyOp29
 70
     1
102
RTVSPropertyOp30
 70
     1
102
RTVSPropertyOp31
 70
     1
102
RTVSPropertyOp32
 70
     1
102
RTVSPropertyOp33
 70
     1
102
RTVSPropertyOp34
 70
     1
102
RTVSPropertyOp35
 70
     1
102
RTVSPropertyOp36
 70
     1
102
RTVSPropertyOp37
 70
     1
102
RTVSPropertyOp38
 70
     1
102
RTVSPropertyOp39
 70
     1
102
RTVSPropertyOp40
 70
     1
102
RTVSPropertyOp41
 70
     1
102
RTVSPropertyOp42
 70
     1
102
RTVSPropertyOp43
 70
     1
102
RTVSPropertyOp44
 70
     1
102
RTVSPropertyOp45
 70
     1
102
RTVSPropertyOp46
 70
     1
102
RTVSPropertyOp47
 70
     1
102
RTVSPropertyOp48
 70
     1
102
RTVSPropertyOp49
 70
     1
102
RTVSPropertyOp50
 70
     1
102
RTVSPropertyOp51
 70
     0
102
RTVSPropertyOp52
 70
     0
102
RTVSPropertyOp53
 70
     1
102
RTVSPropertyOp54
 70
     1
102
RTVSPropertyOp55
 70
     1
102
RTVSPropertyOp56
 70
     1
102
RTVSPropertyOp57
 70
     1
102
RTVSPropertyOp58
 70
     1
102
RTVSPropertyOp59
 70
     1
102
RTVSPropertyOp60
 70
     1
102
RTVSPropertyOp61
 70
     1
102
RTVSPropertyOp62
 70
     1
  0
XRECORD
  5
A138
102
{ACAD_REACTORS
330
A137
102
}
330
A137
100
AcDbXrecord
280
     1
102
RTVSPost2010Prop28
280
     0
102
RTVSPost2010PropOp28
 70
     1
102
RTVSPost2010Prop29
280
     1
102
RTVSPost2010PropOp29
 70
     1
102
RTVSPost2010Prop30
280
     1
102
RTVSPost2010PropOp30
 70
     1
102
RTVSPost2010Prop31
280
     0
102
RTVSPost2010PropOp31
 70
     1
102
RTVSPost2010Prop32
280
     0
102
RTVSPost2010PropOp32
 70
     1
102
RTVSPost2010Prop33
280
     0
102
RTVSPost2010PropOp33
 70
     1
102
RTVSPost2010Prop34
280
     0
102
RTVSPost2010PropOp34
 70
     1
102
RTVSPost2010Prop35
280
     0
102
RTVSPost2010PropOp35
 70
     1
102
RTVSPost2010Prop36
280
     0
102
RTVSPost2010PropOp36
 70
     1
102
RTVSPost2010Prop37
 90
       50
102
RTVSPost2010PropOp37
 70
     1
102
RTVSPost2010Prop38
140
0.0
102
RTVSPost2010PropOp38
 70
     1
102
RTVSPost2010Prop39
140
1.0
102
RTVSPost2010PropOp39
 70
     1
102
RTVSPost2010Prop40
 90
        0
102
RTVSPost2010PropOp40
 70
     1
102
RTVSPost2010Prop41ColorIndex
 90
       18
102
RTVSPost2010Prop41ColorRGB
 90
        0
102
RTVSPost2010PropOp41
 70
     1
102
RTVSPost2010Prop42
 90
       50
102
RTVSPost2010PropOp42
 70
     1
102
RTVSPost2010Prop43
 90
        3
102
RTVSPost2010PropOp43
 70
     1
102
RTVSPost2010Prop44ColorIndex
 90
        5
102
RTVSPost2010Prop44ColorRGB
 90
      255
102
RTVSPost2010PropOp44
 70
     1
102
RTVSPost2010Prop45
280
     0
102
RTVSPost2010PropOp45
 70
     1
102
RTVSPost2010Prop46
 90
       50
102
RTVSPost2010PropOp46
 70
     1
102
RTVSPost2010Prop47
 90
       50
102
RTVSPost2010PropOp47
 70
     1
102
RTVSPost2010Prop48
 90
       50
102
RTVSPost2010PropOp48
 70
     1
102
RTVSPost2010Prop49
280
     0
102
RTVSPost2010PropOp49
 70
     1
102
RTVSPost2010Prop50
 90
       50
102
RTVSPost2010PropOp50
 70
     1
102
RTVSPost2010Prop51ColorIndex
 90
      256
102
RTVSPost2010Prop51ColorRGB
 90
-16777216
102
RTVSPost2010PropOp51
 70
     0
102
RTVSPost2010Prop52
140
1.0
102
RTVSPost2010PropOp52
 70
     0
102
RTVSPost2010Prop53
 90
        2
102
RTVSPost2010PropOp53
 70
     1
102
RTVSPost2010Prop54
  1
strokes_ogs.tif
102
RTVSPost2010PropOp54
 70
     1
102
RTVSPost2010Prop55
280
     0
102
RTVSPost2010PropOp55
 70
     1
102
RTVSPost2010Prop56
140
1.0
102
RTVSPost2010PropOp56
 70
     1
102
RTVSPost2010Prop57
140
1.0
102
RTVSPost2010PropOp57
 70
     1
102
RTVSPropertyOp0
 70
     0
102
RTVSPropertyOp1
 70
     0
102
RTVSPropertyOp2
 70
     0
102
RTVSPropertyOp3
 70
     0
102
RTVSPropertyOp4
 70
     0
102
RTVSPropertyOp5
 70
     0
102
RTVSPropertyOp6
 70
     0
102
RTVSPropertyOp7
 70
     0
102
RTVSPropertyOp8
 70
     0
102
RTVSPropertyOp9
 70
     0
102
RTVSPropertyOp10
 70
     0
102
RTVSPropertyOp11
 70
     0
102
RTVSPropertyOp12
 70
     0
102
RTVSPropertyOp13
 70
     0
102
RTVSPropertyOp14
 70
     2
102
RTVSPropertyOp15
 70
     0
102
RTVSPropertyOp16
 70
     0
102
RTVSPropertyOp17
 70
     0
102
RTVSPropertyOp18
 70
     0
102
RTVSPropertyOp19
 70
     0
102
RTVSPropertyOp20
 70
     0
102
RTVSPropertyOp21
 70
     0
102
RTVSPropertyOp22
 70
     0
102
RTVSPropertyOp23
 70
     0
102
RTVSPropertyOp24
 70
     0
102
RTVSPropertyOp25
 70
     0
102
RTVSPropertyOp26
 70
     0
102
RTVSPropertyOp27
 70
     0
102
RTVSPropertyOp28
 70
     1
102
RTVSPropertyOp29
 70
     1
102
RTVSPropertyOp30
 70
     1
102
RTVSPropertyOp31
 70
     1
102
RTVSPropertyOp32
 70
     1
102
RTVSPropertyOp33
 70
     1
102
RTVSPropertyOp34
 70
     1
102
RTVSPropertyOp35
 70
     1
102
RTVSPropertyOp36
 70
     1
102
RTVSPropertyOp37
 70
     1
102
RTVSPropertyOp38
 70
     1
102
RTVSPropertyOp39
 70
     1
102
RTVSPropertyOp40
 70
     1
102
RTVSPropertyOp41
 70
     1
102
RTVSPropertyOp42
 70
     1
102
RTVSPropertyOp43
 70
     1
102
RTVSPropertyOp44
 70
     1
102
RTVSPropertyOp45
 70
     1
102
RTVSPropertyOp46
 70
     1
102
RTVSPropertyOp47
 70
     1
102
RTVSPropertyOp48
 70
     1
102
RTVSPropertyOp49
 70
     1
102
RTVSPropertyOp50
 70
     1
102
RTVSPropertyOp51
 70
     0
102
RTVSPropertyOp52
 70
     0
102
RTVSPropertyOp53
 70
     1
102
RTVSPropertyOp54
 70
     1
102
RTVSPropertyOp55
 70
     1
102
RTVSPropertyOp56
 70
     1
102
RTVSPropertyOp57
 70
     1
102
RTVSPropertyOp58
 70
     1
102
RTVSPropertyOp59
 70
     1
102
RTVSPropertyOp60
 70
     1
102
RTVSPropertyOp61
 70
     1
102
RTVSPropertyOp62
 70
     1
  0
XRECORD
  5
A12C
102
{ACAD_REACTORS
330
A12B
102
}
330
A12B
100
AcDbXrecord
280
     1
102
RTVSPost2010Prop28
280
     0
102
RTVSPost2010PropOp28
 70
     1
102
RTVSPost2010Prop29
280
     1
102
RTVSPost2010PropOp29
 70
     1
102
RTVSPost2010Prop30
280
     1
102
RTVSPost2010PropOp30
 70
     1
102
RTVSPost2010Prop31
280
     0
102
RTVSPost2010PropOp31
 70
     1
102
RTVSPost2010Prop32
280
     0
102
RTVSPost2010PropOp32
 70
     1
102
RTVSPost2010Prop33
280
     0
102
RTVSPost2010PropOp33
 70
     1
102
RTVSPost2010Prop34
280
     0
102
RTVSPost2010PropOp34
 70
     1
102
RTVSPost2010Prop35
280
     0
102
RTVSPost2010PropOp35
 70
     1
102
RTVSPost2010Prop36
280
     0
102
RTVSPost2010PropOp36
 70
     1
102
RTVSPost2010Prop37
 90
       50
102
RTVSPost2010PropOp37
 70
     1
102
RTVSPost2010Prop38
140
0.0
102
RTVSPost2010PropOp38
 70
     1
102
RTVSPost2010Prop39
140
1.0
102
RTVSPost2010PropOp39
 70
     1
102
RTVSPost2010Prop40
 90
        0
102
RTVSPost2010PropOp40
 70
     1
102
RTVSPost2010Prop41ColorIndex
 90
       18
102
RTVSPost2010Prop41ColorRGB
 90
        0
102
RTVSPost2010PropOp41
 70
     1
102
RTVSPost2010Prop42
 90
       50
102
RTVSPost2010PropOp42
 70
     1
102
RTVSPost2010Prop43
 90
        3
102
RTVSPost2010PropOp43
 70
     1
102
RTVSPost2010Prop44ColorIndex
 90
        5
102
RTVSPost2010Prop44ColorRGB
 90
      255
102
RTVSPost2010PropOp44
 70
     1
102
RTVSPost2010Prop45
280
     0
102
RTVSPost2010PropOp45
 70
     1
102
RTVSPost2010Prop46
 90
       50
102
RTVSPost2010PropOp46
 70
     1
102
RTVSPost2010Prop47
 90
       50
102
RTVSPost2010PropOp47
 70
     1
102
RTVSPost2010Prop48
 90
       50
102
RTVSPost2010PropOp48
 70
     1
102
RTVSPost2010Prop49
280
     0
102
RTVSPost2010PropOp49
 70
     1
102
RTVSPost2010Prop50
 90
       50
102
RTVSPost2010PropOp50
 70
     1
102
RTVSPost2010Prop51ColorIndex
 90
      256
102
RTVSPost2010Prop51ColorRGB
 90
-16777216
102
RTVSPost2010PropOp51
 70
     0
102
RTVSPost2010Prop52
140
1.0
102
RTVSPost2010PropOp52
 70
     0
102
RTVSPost2010Prop53
 90
        2
102
RTVSPost2010PropOp53
 70
     1
102
RTVSPost2010Prop54
  1
strokes_ogs.tif
102
RTVSPost2010PropOp54
 70
     1
102
RTVSPost2010Prop55
280
     0
102
RTVSPost2010PropOp55
 70
     1
102
RTVSPost2010Prop56
140
1.0
102
RTVSPost2010PropOp56
 70
     1
102
RTVSPost2010Prop57
140
1.0
102
RTVSPost2010PropOp57
 70
     1
102
RTVSPropertyOp0
 70
     1
102
RTVSPropertyOp1
 70
     1
102
RTVSPropertyOp2
 70
     1
102
RTVSPropertyOp3
 70
     1
102
RTVSPropertyOp4
 70
     1
102
RTVSPropertyOp5
 70
     1
102
RTVSPropertyOp6
 70
     1
102
RTVSPropertyOp7
 70
     1
102
RTVSPropertyOp8
 70
     1
102
RTVSPropertyOp9
 70
     1
102
RTVSPropertyOp10
 70
     1
102
RTVSPropertyOp11
 70
     1
102
RTVSPropertyOp12
 70
     1
102
RTVSPropertyOp13
 70
     1
102
RTVSPropertyOp14
 70
     1
102
RTVSPropertyOp15
 70
     1
102
RTVSPropertyOp16
 70
     1
102
RTVSPropertyOp17
 70
     1
102
RTVSPropertyOp18
 70
     1
102
RTVSPropertyOp19
 70
     1
102
RTVSPropertyOp20
 70
     1
102
RTVSPropertyOp21
 70
     1
102
RTVSPropertyOp22
 70
     1
102
RTVSPropertyOp23
 70
     1
102
RTVSPropertyOp24
 70
     1
102
RTVSPropertyOp25
 70
     1
102
RTVSPropertyOp26
 70
     1
102
RTVSPropertyOp27
 70
     1
102
RTVSPropertyOp28
 70
     1
102
RTVSPropertyOp29
 70
     1
102
RTVSPropertyOp30
 70
     1
102
RTVSPropertyOp31
 70
     1
102
RTVSPropertyOp32
 70
     1
102
RTVSPropertyOp33
 70
     1
102
RTVSPropertyOp34
 70
     1
102
RTVSPropertyOp35
 70
     1
102
RTVSPropertyOp36
 70
     1
102
RTVSPropertyOp37
 70
     1
102
RTVSPropertyOp38
 70
     1
102
RTVSPropertyOp39
 70
     1
102
RTVSPropertyOp40
 70
     1
102
RTVSPropertyOp41
 70
     1
102
RTVSPropertyOp42
 70
     1
102
RTVSPropertyOp43
 70
     1
102
RTVSPropertyOp44
 70
     1
102
RTVSPropertyOp45
 70
     1
102
RTVSPropertyOp46
 70
     1
102
RTVSPropertyOp47
 70
     1
102
RTVSPropertyOp48
 70
     1
102
RTVSPropertyOp49
 70
     1
102
RTVSPropertyOp50
 70
     1
102
RTVSPropertyOp51
 70
     0
102
RTVSPropertyOp52
 70
     0
102
RTVSPropertyOp53
 70
     1
102
RTVSPropertyOp54
 70
     1
102
RTVSPropertyOp55
 70
     1
102
RTVSPropertyOp56
 70
     1
102
RTVSPropertyOp57
 70
     1
102
RTVSPropertyOp58
 70
     1
102
RTVSPropertyOp59
 70
     1
102
RTVSPropertyOp60
 70
     1
102
RTVSPropertyOp61
 70
     1
102
RTVSPropertyOp62
 70
     1
  0
XRECORD
  5
A110
102
{ACAD_REACTORS
330
A10F
102
}
330
A10F
100
AcDbXrecord
280
     1
102
RTVSPost2010Prop28
280
     0
102
RTVSPost2010PropOp28
 70
     1
102
RTVSPost2010Prop29
280
     1
102
RTVSPost2010PropOp29
 70
     1
102
RTVSPost2010Prop30
280
     1
102
RTVSPost2010PropOp30
 70
     1
102
RTVSPost2010Prop31
280
     0
102
RTVSPost2010PropOp31
 70
     1
102
RTVSPost2010Prop32
280
     0
102
RTVSPost2010PropOp32
 70
     1
102
RTVSPost2010Prop33
280
     0
102
RTVSPost2010PropOp33
 70
     1
102
RTVSPost2010Prop34
280
     0
102
RTVSPost2010PropOp34
 70
     1
102
RTVSPost2010Prop35
280
     0
102
RTVSPost2010PropOp35
 70
     1
102
RTVSPost2010Prop36
280
     0
102
RTVSPost2010PropOp36
 70
     1
102
RTVSPost2010Prop37
 90
       50
102
RTVSPost2010PropOp37
 70
     1
102
RTVSPost2010Prop38
140
0.0
102
RTVSPost2010PropOp38
 70
     1
102
RTVSPost2010Prop39
140
1.0
102
RTVSPost2010PropOp39
 70
     1
102
RTVSPost2010Prop40
 90
        0
102
RTVSPost2010PropOp40
 70
     1
102
RTVSPost2010Prop41ColorIndex
 90
       18
102
RTVSPost2010Prop41ColorRGB
 90
        0
102
RTVSPost2010PropOp41
 70
     1
102
RTVSPost2010Prop42
 90
       50
102
RTVSPost2010PropOp42
 70
     1
102
RTVSPost2010Prop43
 90
        3
102
RTVSPost2010PropOp43
 70
     1
102
RTVSPost2010Prop44ColorIndex
 90
        5
102
RTVSPost2010Prop44ColorRGB
 90
      255
102
RTVSPost2010PropOp44
 70
     1
102
RTVSPost2010Prop45
280
     0
102
RTVSPost2010PropOp45
 70
     1
102
RTVSPost2010Prop46
 90
       50
102
RTVSPost2010PropOp46
 70
     1
102
RTVSPost2010Prop47
 90
       50
102
RTVSPost2010PropOp47
 70
     1
102
RTVSPost2010Prop48
 90
       50
102
RTVSPost2010PropOp48
 70
     1
102
RTVSPost2010Prop49
280
     0
102
RTVSPost2010PropOp49
 70
     1
102
RTVSPost2010Prop50
 90
       50
102
RTVSPost2010PropOp50
 70
     1
102
RTVSPost2010Prop51ColorIndex
 90
      256
102
RTVSPost2010Prop51ColorRGB
 90
-16777216
102
RTVSPost2010PropOp51
 70
     0
102
RTVSPost2010Prop52
140
1.0
102
RTVSPost2010PropOp52
 70
     0
102
RTVSPost2010Prop53
 90
        2
102
RTVSPost2010PropOp53
 70
     1
102
RTVSPost2010Prop54
  1
strokes_ogs.tif
102
RTVSPost2010PropOp54
 70
     1
102
RTVSPost2010Prop55
280
     0
102
RTVSPost2010PropOp55
 70
     1
102
RTVSPost2010Prop56
140
1.0
102
RTVSPost2010PropOp56
 70
     1
102
RTVSPost2010Prop57
140
1.0
102
RTVSPost2010PropOp57
 70
     1
102
RTVSPropertyOp0
 70
     1
102
RTVSPropertyOp1
 70
     1
102
RTVSPropertyOp2
 70
     1
102
RTVSPropertyOp3
 70
     1
102
RTVSPropertyOp4
 70
     1
102
RTVSPropertyOp5
 70
     1
102
RTVSPropertyOp6
 70
     1
102
RTVSPropertyOp7
 70
     1
102
RTVSPropertyOp8
 70
     1
102
RTVSPropertyOp9
 70
     1
102
RTVSPropertyOp10
 70
     1
102
RTVSPropertyOp11
 70
     1
102
RTVSPropertyOp12
 70
     1
102
RTVSPropertyOp13
 70
     1
102
RTVSPropertyOp14
 70
     1
102
RTVSPropertyOp15
 70
     1
102
RTVSPropertyOp16
 70
     1
102
RTVSPropertyOp17
 70
     1
102
RTVSPropertyOp18
 70
     1
102
RTVSPropertyOp19
 70
     1
102
RTVSPropertyOp20
 70
     1
102
RTVSPropertyOp21
 70
     1
102
RTVSPropertyOp22
 70
     1
102
RTVSPropertyOp23
 70
     1
102
RTVSPropertyOp24
 70
     1
102
RTVSPropertyOp25
 70
     1
102
RTVSPropertyOp26
 70
     1
102
RTVSPropertyOp27
 70
     1
102
RTVSPropertyOp28
 70
     1
102
RTVSPropertyOp29
 70
     1
102
RTVSPropertyOp30
 70
     1
102
RTVSPropertyOp31
 70
     1
102
RTVSPropertyOp32
 70
     1
102
RTVSPropertyOp33
 70
     1
102
RTVSPropertyOp34
 70
     1
102
RTVSPropertyOp35
 70
     1
102
RTVSPropertyOp36
 70
     1
102
RTVSPropertyOp37
 70
     1
102
RTVSPropertyOp38
 70
     1
102
RTVSPropertyOp39
 70
     1
102
RTVSPropertyOp40
 70
     1
102
RTVSPropertyOp41
 70
     1
102
RTVSPropertyOp42
 70
     1
102
RTVSPropertyOp43
 70
     1
102
RTVSPropertyOp44
 70
     1
102
RTVSPropertyOp45
 70
     1
102
RTVSPropertyOp46
 70
     1
102
RTVSPropertyOp47
 70
     1
102
RTVSPropertyOp48
 70
     1
102
RTVSPropertyOp49
 70
     1
102
RTVSPropertyOp50
 70
     1
102
RTVSPropertyOp51
 70
     0
102
RTVSPropertyOp52
 70
     0
102
RTVSPropertyOp53
 70
     1
102
RTVSPropertyOp54
 70
     1
102
RTVSPropertyOp55
 70
     1
102
RTVSPropertyOp56
 70
     1
102
RTVSPropertyOp57
 70
     1
102
RTVSPropertyOp58
 70
     1
102
RTVSPropertyOp59
 70
     1
102
RTVSPropertyOp60
 70
     1
102
RTVSPropertyOp61
 70
     1
102
RTVSPropertyOp62
 70
     1
  0
XRECORD
  5
A112
102
{ACAD_REACTORS
330
A111
102
}
330
A111
100
AcDbXrecord
280
     1
102
RTVSPost2010Prop28
280
     0
102
RTVSPost2010PropOp28
 70
     1
102
RTVSPost2010Prop29
280
     1
102
RTVSPost2010PropOp29
 70
     1
102
RTVSPost2010Prop30
280
     1
102
RTVSPost2010PropOp30
 70
     1
102
RTVSPost2010Prop31
280
     0
102
RTVSPost2010PropOp31
 70
     1
102
RTVSPost2010Prop32
280
     0
102
RTVSPost2010PropOp32
 70
     1
102
RTVSPost2010Prop33
280
     0
102
RTVSPost2010PropOp33
 70
     1
102
RTVSPost2010Prop34
280
     0
102
RTVSPost2010PropOp34
 70
     1
102
RTVSPost2010Prop35
280
     0
102
RTVSPost2010PropOp35
 70
     1
102
RTVSPost2010Prop36
280
     0
102
RTVSPost2010PropOp36
 70
     1
102
RTVSPost2010Prop37
 90
       50
102
RTVSPost2010PropOp37
 70
     1
102
RTVSPost2010Prop38
140
0.0
102
RTVSPost2010PropOp38
 70
     1
102
RTVSPost2010Prop39
140
1.0
102
RTVSPost2010PropOp39
 70
     1
102
RTVSPost2010Prop40
 90
        0
102
RTVSPost2010PropOp40
 70
     1
102
RTVSPost2010Prop41ColorIndex
 90
       18
102
RTVSPost2010Prop41ColorRGB
 90
        0
102
RTVSPost2010PropOp41
 70
     1
102
RTVSPost2010Prop42
 90
       50
102
RTVSPost2010PropOp42
 70
     1
102
RTVSPost2010Prop43
 90
        3
102
RTVSPost2010PropOp43
 70
     1
102
RTVSPost2010Prop44ColorIndex
 90
        5
102
RTVSPost2010Prop44ColorRGB
 90
      255
102
RTVSPost2010PropOp44
 70
     1
102
RTVSPost2010Prop45
280
     0
102
RTVSPost2010PropOp45
 70
     1
102
RTVSPost2010Prop46
 90
       50
102
RTVSPost2010PropOp46
 70
     1
102
RTVSPost2010Prop47
 90
       50
102
RTVSPost2010PropOp47
 70
     1
102
RTVSPost2010Prop48
 90
       50
102
RTVSPost2010PropOp48
 70
     1
102
RTVSPost2010Prop49
280
     0
102
RTVSPost2010PropOp49
 70
     1
102
RTVSPost2010Prop50
 90
       50
102
RTVSPost2010PropOp50
 70
     1
102
RTVSPost2010Prop51ColorIndex
 90
      256
102
RTVSPost2010Prop51ColorRGB
 90
-16777216
102
RTVSPost2010PropOp51
 70
     0
102
RTVSPost2010Prop52
140
1.0
102
RTVSPost2010PropOp52
 70
     0
102
RTVSPost2010Prop53
 90
        2
102
RTVSPost2010PropOp53
 70
     1
102
RTVSPost2010Prop54
  1
strokes_ogs.tif
102
RTVSPost2010PropOp54
 70
     1
102
RTVSPost2010Prop55
280
     0
102
RTVSPost2010PropOp55
 70
     1
102
RTVSPost2010Prop56
140
1.0
102
RTVSPost2010PropOp56
 70
     1
102
RTVSPost2010Prop57
140
1.0
102
RTVSPost2010PropOp57
 70
     1
102
RTVSPropertyOp0
 70
     1
102
RTVSPropertyOp1
 70
     1
102
RTVSPropertyOp2
 70
     1
102
RTVSPropertyOp3
 70
     1
102
RTVSPropertyOp4
 70
     1
102
RTVSPropertyOp5
 70
     1
102
RTVSPropertyOp6
 70
     1
102
RTVSPropertyOp7
 70
     1
102
RTVSPropertyOp8
 70
     1
102
RTVSPropertyOp9
 70
     1
102
RTVSPropertyOp10
 70
     1
102
RTVSPropertyOp11
 70
     1
102
RTVSPropertyOp12
 70
     1
102
RTVSPropertyOp13
 70
     1
102
RTVSPropertyOp14
 70
     1
102
RTVSPropertyOp15
 70
     1
102
RTVSPropertyOp16
 70
     1
102
RTVSPropertyOp17
 70
     1
102
RTVSPropertyOp18
 70
     1
102
RTVSPropertyOp19
 70
     1
102
RTVSPropertyOp20
 70
     1
102
RTVSPropertyOp21
 70
     1
102
RTVSPropertyOp22
 70
     1
102
RTVSPropertyOp23
 70
     1
102
RTVSPropertyOp24
 70
     1
102
RTVSPropertyOp25
 70
     1
102
RTVSPropertyOp26
 70
     1
102
RTVSPropertyOp27
 70
     1
102
RTVSPropertyOp28
 70
     1
102
RTVSPropertyOp29
 70
     1
102
RTVSPropertyOp30
 70
     1
102
RTVSPropertyOp31
 70
     1
102
RTVSPropertyOp32
 70
     1
102
RTVSPropertyOp33
 70
     1
102
RTVSPropertyOp34
 70
     1
102
RTVSPropertyOp35
 70
     1
102
RTVSPropertyOp36
 70
     1
102
RTVSPropertyOp37
 70
     1
102
RTVSPropertyOp38
 70
     1
102
RTVSPropertyOp39
 70
     1
102
RTVSPropertyOp40
 70
     1
102
RTVSPropertyOp41
 70
     1
102
RTVSPropertyOp42
 70
     1
102
RTVSPropertyOp43
 70
     1
102
RTVSPropertyOp44
 70
     1
102
RTVSPropertyOp45
 70
     1
102
RTVSPropertyOp46
 70
     1
102
RTVSPropertyOp47
 70
     1
102
RTVSPropertyOp48
 70
     1
102
RTVSPropertyOp49
 70
     1
102
RTVSPropertyOp50
 70
     1
102
RTVSPropertyOp51
 70
     0
102
RTVSPropertyOp52
 70
     0
102
RTVSPropertyOp53
 70
     1
102
RTVSPropertyOp54
 70
     1
102
RTVSPropertyOp55
 70
     1
102
RTVSPropertyOp56
 70
     1
102
RTVSPropertyOp57
 70
     1
102
RTVSPropertyOp58
 70
     1
102
RTVSPropertyOp59
 70
     1
102
RTVSPropertyOp60
 70
     1
102
RTVSPropertyOp61
 70
     1
102
RTVSPropertyOp62
 70
     1
  0
XRECORD
  5
A114
102
{ACAD_REACTORS
330
A113
102
}
330
A113
100
AcDbXrecord
280
     1
102
RTVSPost2010Prop28
280
     0
102
RTVSPost2010PropOp28
 70
     1
102
RTVSPost2010Prop29
280
     1
102
RTVSPost2010PropOp29
 70
     1
102
RTVSPost2010Prop30
280
     1
102
RTVSPost2010PropOp30
 70
     1
102
RTVSPost2010Prop31
280
     0
102
RTVSPost2010PropOp31
 70
     1
102
RTVSPost2010Prop32
280
     0
102
RTVSPost2010PropOp32
 70
     1
102
RTVSPost2010Prop33
280
     0
102
RTVSPost2010PropOp33
 70
     1
102
RTVSPost2010Prop34
280
     0
102
RTVSPost2010PropOp34
 70
     1
102
RTVSPost2010Prop35
280
     0
102
RTVSPost2010PropOp35
 70
     1
102
RTVSPost2010Prop36
280
     0
102
RTVSPost2010PropOp36
 70
     1
102
RTVSPost2010Prop37
 90
       50
102
RTVSPost2010PropOp37
 70
     1
102
RTVSPost2010Prop38
140
0.0
102
RTVSPost2010PropOp38
 70
     1
102
RTVSPost2010Prop39
140
1.0
102
RTVSPost2010PropOp39
 70
     1
102
RTVSPost2010Prop40
 90
        0
102
RTVSPost2010PropOp40
 70
     1
102
RTVSPost2010Prop41ColorIndex
 90
       18
102
RTVSPost2010Prop41ColorRGB
 90
        0
102
RTVSPost2010PropOp41
 70
     1
102
RTVSPost2010Prop42
 90
       50
102
RTVSPost2010PropOp42
 70
     1
102
RTVSPost2010Prop43
 90
        3
102
RTVSPost2010PropOp43
 70
     1
102
RTVSPost2010Prop44ColorIndex
 90
        5
102
RTVSPost2010Prop44ColorRGB
 90
      255
102
RTVSPost2010PropOp44
 70
     1
102
RTVSPost2010Prop45
280
     0
102
RTVSPost2010PropOp45
 70
     1
102
RTVSPost2010Prop46
 90
       50
102
RTVSPost2010PropOp46
 70
     1
102
RTVSPost2010Prop47
 90
       50
102
RTVSPost2010PropOp47
 70
     1
102
RTVSPost2010Prop48
 90
       50
102
RTVSPost2010PropOp48
 70
     1
102
RTVSPost2010Prop49
280
     0
102
RTVSPost2010PropOp49
 70
     1
102
RTVSPost2010Prop50
 90
       50
102
RTVSPost2010PropOp50
 70
     1
102
RTVSPost2010Prop51ColorIndex
 90
      256
102
RTVSPost2010Prop51ColorRGB
 90
-16777216
102
RTVSPost2010PropOp51
 70
     0
102
RTVSPost2010Prop52
140
1.0
102
RTVSPost2010PropOp52
 70
     0
102
RTVSPost2010Prop53
 90
        2
102
RTVSPost2010PropOp53
 70
     1
102
RTVSPost2010Prop54
  1
strokes_ogs.tif
102
RTVSPost2010PropOp54
 70
     1
102
RTVSPost2010Prop55
280
     0
102
RTVSPost2010PropOp55
 70
     1
102
RTVSPost2010Prop56
140
1.0
102
RTVSPost2010PropOp56
 70
     1
102
RTVSPost2010Prop57
140
1.0
102
RTVSPost2010PropOp57
 70
     1
102
RTVSPropertyOp0
 70
     1
102
RTVSPropertyOp1
 70
     1
102
RTVSPropertyOp2
 70
     1
102
RTVSPropertyOp3
 70
     1
102
RTVSPropertyOp4
 70
     1
102
RTVSPropertyOp5
 70
     1
102
RTVSPropertyOp6
 70
     1
102
RTVSPropertyOp7
 70
     1
102
RTVSPropertyOp8
 70
     1
102
RTVSPropertyOp9
 70
     1
102
RTVSPropertyOp10
 70
     1
102
RTVSPropertyOp11
 70
     1
102
RTVSPropertyOp12
 70
     1
102
RTVSPropertyOp13
 70
     1
102
RTVSPropertyOp14
 70
     1
102
RTVSPropertyOp15
 70
     1
102
RTVSPropertyOp16
 70
     1
102
RTVSPropertyOp17
 70
     1
102
RTVSPropertyOp18
 70
     1
102
RTVSPropertyOp19
 70
     1
102
RTVSPropertyOp20
 70
     1
102
RTVSPropertyOp21
 70
     1
102
RTVSPropertyOp22
 70
     1
102
RTVSPropertyOp23
 70
     1
102
RTVSPropertyOp24
 70
     1
102
RTVSPropertyOp25
 70
     1
102
RTVSPropertyOp26
 70
     1
102
RTVSPropertyOp27
 70
     1
102
RTVSPropertyOp28
 70
     1
102
RTVSPropertyOp29
 70
     1
102
RTVSPropertyOp30
 70
     1
102
RTVSPropertyOp31
 70
     1
102
RTVSPropertyOp32
 70
     1
102
RTVSPropertyOp33
 70
     1
102
RTVSPropertyOp34
 70
     1
102
RTVSPropertyOp35
 70
     1
102
RTVSPropertyOp36
 70
     1
102
RTVSPropertyOp37
 70
     1
102
RTVSPropertyOp38
 70
     1
102
RTVSPropertyOp39
 70
     1
102
RTVSPropertyOp40
 70
     1
102
RTVSPropertyOp41
 70
     1
102
RTVSPropertyOp42
 70
     1
102
RTVSPropertyOp43
 70
     1
102
RTVSPropertyOp44
 70
     1
102
RTVSPropertyOp45
 70
     1
102
RTVSPropertyOp46
 70
     1
102
RTVSPropertyOp47
 70
     1
102
RTVSPropertyOp48
 70
     1
102
RTVSPropertyOp49
 70
     1
102
RTVSPropertyOp50
 70
     1
102
RTVSPropertyOp51
 70
     0
102
RTVSPropertyOp52
 70
     0
102
RTVSPropertyOp53
 70
     1
102
RTVSPropertyOp54
 70
     1
102
RTVSPropertyOp55
 70
     1
102
RTVSPropertyOp56
 70
     1
102
RTVSPropertyOp57
 70
     1
102
RTVSPropertyOp58
 70
     1
102
RTVSPropertyOp59
 70
     1
102
RTVSPropertyOp60
 70
     1
102
RTVSPropertyOp61
 70
     1
102
RTVSPropertyOp62
 70
     1
  0
XRECORD
  5
A116
102
{ACAD_REACTORS
330
A115
102
}
330
A115
100
AcDbXrecord
280
     1
102
RTVSPost2010Prop28
280
     0
102
RTVSPost2010PropOp28
 70
     1
102
RTVSPost2010Prop29
280
     1
102
RTVSPost2010PropOp29
 70
     1
102
RTVSPost2010Prop30
280
     1
102
RTVSPost2010PropOp30
 70
     1
102
RTVSPost2010Prop31
280
     0
102
RTVSPost2010PropOp31
 70
     1
102
RTVSPost2010Prop32
280
     0
102
RTVSPost2010PropOp32
 70
     1
102
RTVSPost2010Prop33
280
     0
102
RTVSPost2010PropOp33
 70
     1
102
RTVSPost2010Prop34
280
     0
102
RTVSPost2010PropOp34
 70
     1
102
RTVSPost2010Prop35
280
     0
102
RTVSPost2010PropOp35
 70
     1
102
RTVSPost2010Prop36
280
     0
102
RTVSPost2010PropOp36
 70
     1
102
RTVSPost2010Prop37
 90
       50
102
RTVSPost2010PropOp37
 70
     1
102
RTVSPost2010Prop38
140
0.0
102
RTVSPost2010PropOp38
 70
     1
102
RTVSPost2010Prop39
140
1.0
102
RTVSPost2010PropOp39
 70
     1
102
RTVSPost2010Prop40
 90
        0
102
RTVSPost2010PropOp40
 70
     1
102
RTVSPost2010Prop41ColorIndex
 90
       18
102
RTVSPost2010Prop41ColorRGB
 90
        0
102
RTVSPost2010PropOp41
 70
     1
102
RTVSPost2010Prop42
 90
       50
102
RTVSPost2010PropOp42
 70
     1
102
RTVSPost2010Prop43
 90
        3
102
RTVSPost2010PropOp43
 70
     1
102
RTVSPost2010Prop44ColorIndex
 90
        5
102
RTVSPost2010Prop44ColorRGB
 90
      255
102
RTVSPost2010PropOp44
 70
     1
102
RTVSPost2010Prop45
280
     0
102
RTVSPost2010PropOp45
 70
     1
102
RTVSPost2010Prop46
 90
       50
102
RTVSPost2010PropOp46
 70
     1
102
RTVSPost2010Prop47
 90
       50
102
RTVSPost2010PropOp47
 70
     1
102
RTVSPost2010Prop48
 90
       50
102
RTVSPost2010PropOp48
 70
     1
102
RTVSPost2010Prop49
280
     0
102
RTVSPost2010PropOp49
 70
     1
102
RTVSPost2010Prop50
 90
       50
102
RTVSPost2010PropOp50
 70
     1
102
RTVSPost2010Prop51ColorIndex
 90
      256
102
RTVSPost2010Prop51ColorRGB
 90
-16777216
102
RTVSPost2010PropOp51
 70
     0
102
RTVSPost2010Prop52
140
1.0
102
RTVSPost2010PropOp52
 70
     0
102
RTVSPost2010Prop53
 90
        2
102
RTVSPost2010PropOp53
 70
     1
102
RTVSPost2010Prop54
  1
strokes_ogs.tif
102
RTVSPost2010PropOp54
 70
     1
102
RTVSPost2010Prop55
280
     0
102
RTVSPost2010PropOp55
 70
     1
102
RTVSPost2010Prop56
140
1.0
102
RTVSPost2010PropOp56
 70
     1
102
RTVSPost2010Prop57
140
1.0
102
RTVSPost2010PropOp57
 70
     1
102
RTVSPropertyOp0
 70
     1
102
RTVSPropertyOp1
 70
     1
102
RTVSPropertyOp2
 70
     1
102
RTVSPropertyOp3
 70
     1
102
RTVSPropertyOp4
 70
     1
102
RTVSPropertyOp5
 70
     1
102
RTVSPropertyOp6
 70
     1
102
RTVSPropertyOp7
 70
     1
102
RTVSPropertyOp8
 70
     1
102
RTVSPropertyOp9
 70
     1
102
RTVSPropertyOp10
 70
     1
102
RTVSPropertyOp11
 70
     1
102
RTVSPropertyOp12
 70
     1
102
RTVSPropertyOp13
 70
     1
102
RTVSPropertyOp14
 70
     1
102
RTVSPropertyOp15
 70
     1
102
RTVSPropertyOp16
 70
     1
102
RTVSPropertyOp17
 70
     1
102
RTVSPropertyOp18
 70
     1
102
RTVSPropertyOp19
 70
     1
102
RTVSPropertyOp20
 70
     1
102
RTVSPropertyOp21
 70
     1
102
RTVSPropertyOp22
 70
     1
102
RTVSPropertyOp23
 70
     1
102
RTVSPropertyOp24
 70
     1
102
RTVSPropertyOp25
 70
     1
102
RTVSPropertyOp26
 70
     1
102
RTVSPropertyOp27
 70
     1
102
RTVSPropertyOp28
 70
     1
102
RTVSPropertyOp29
 70
     1
102
RTVSPropertyOp30
 70
     1
102
RTVSPropertyOp31
 70
     1
102
RTVSPropertyOp32
 70
     1
102
RTVSPropertyOp33
 70
     1
102
RTVSPropertyOp34
 70
     1
102
RTVSPropertyOp35
 70
     1
102
RTVSPropertyOp36
 70
     1
102
RTVSPropertyOp37
 70
     1
102
RTVSPropertyOp38
 70
     1
102
RTVSPropertyOp39
 70
     1
102
RTVSPropertyOp40
 70
     1
102
RTVSPropertyOp41
 70
     1
102
RTVSPropertyOp42
 70
     1
102
RTVSPropertyOp43
 70
     1
102
RTVSPropertyOp44
 70
     1
102
RTVSPropertyOp45
 70
     1
102
RTVSPropertyOp46
 70
     1
102
RTVSPropertyOp47
 70
     1
102
RTVSPropertyOp48
 70
     1
102
RTVSPropertyOp49
 70
     1
102
RTVSPropertyOp50
 70
     1
102
RTVSPropertyOp51
 70
     0
102
RTVSPropertyOp52
 70
     0
102
RTVSPropertyOp53
 70
     1
102
RTVSPropertyOp54
 70
     1
102
RTVSPropertyOp55
 70
     1
102
RTVSPropertyOp56
 70
     1
102
RTVSPropertyOp57
 70
     1
102
RTVSPropertyOp58
 70
     1
102
RTVSPropertyOp59
 70
     1
102
RTVSPropertyOp60
 70
     1
102
RTVSPropertyOp61
 70
     1
102
RTVSPropertyOp62
 70
     1
  0
XRECORD
  5
A11E
102
{ACAD_REACTORS
330
A11D
102
}
330
A11D
100
AcDbXrecord
280
     1
102
RTVSPost2010Prop28
280
     0
102
RTVSPost2010PropOp28
 70
     1
102
RTVSPost2010Prop29
280
     1
102
RTVSPost2010PropOp29
 70
     1
102
RTVSPost2010Prop30
280
     1
102
RTVSPost2010PropOp30
 70
     1
102
RTVSPost2010Prop31
280
     0
102
RTVSPost2010PropOp31
 70
     1
102
RTVSPost2010Prop32
280
     0
102
RTVSPost2010PropOp32
 70
     1
102
RTVSPost2010Prop33
280
     0
102
RTVSPost2010PropOp33
 70
     1
102
RTVSPost2010Prop34
280
     0
102
RTVSPost2010PropOp34
 70
     1
102
RTVSPost2010Prop35
280
     0
102
RTVSPost2010PropOp35
 70
     1
102
RTVSPost2010Prop36
280
     0
102
RTVSPost2010PropOp36
 70
     1
102
RTVSPost2010Prop37
 90
       50
102
RTVSPost2010PropOp37
 70
     1
102
RTVSPost2010Prop38
140
0.0
102
RTVSPost2010PropOp38
 70
     1
102
RTVSPost2010Prop39
140
1.0
102
RTVSPost2010PropOp39
 70
     1
102
RTVSPost2010Prop40
 90
        0
102
RTVSPost2010PropOp40
 70
     1
102
RTVSPost2010Prop41ColorIndex
 90
       18
102
RTVSPost2010Prop41ColorRGB
 90
        0
102
RTVSPost2010PropOp41
 70
     1
102
RTVSPost2010Prop42
 90
       50
102
RTVSPost2010PropOp42
 70
     1
102
RTVSPost2010Prop43
 90
        3
102
RTVSPost2010PropOp43
 70
     1
102
RTVSPost2010Prop44ColorIndex
 90
        5
102
RTVSPost2010Prop44ColorRGB
 90
      255
102
RTVSPost2010PropOp44
 70
     1
102
RTVSPost2010Prop45
280
     0
102
RTVSPost2010PropOp45
 70
     1
102
RTVSPost2010Prop46
 90
       50
102
RTVSPost2010PropOp46
 70
     1
102
RTVSPost2010Prop47
 90
       50
102
RTVSPost2010PropOp47
 70
     1
102
RTVSPost2010Prop48
 90
       50
102
RTVSPost2010PropOp48
 70
     1
102
RTVSPost2010Prop49
280
     0
102
RTVSPost2010PropOp49
 70
     1
102
RTVSPost2010Prop50
 90
       50
102
RTVSPost2010PropOp50
 70
     1
102
RTVSPost2010Prop51ColorIndex
 90
      256
102
RTVSPost2010Prop51ColorRGB
 90
-16777216
102
RTVSPost2010PropOp51
 70
     0
102
RTVSPost2010Prop52
140
1.0
102
RTVSPost2010PropOp52
 70
     0
102
RTVSPost2010Prop53
 90
        2
102
RTVSPost2010PropOp53
 70
     1
102
RTVSPost2010Prop54
  1
strokes_ogs.tif
102
RTVSPost2010PropOp54
 70
     1
102
RTVSPost2010Prop55
280
     0
102
RTVSPost2010PropOp55
 70
     1
102
RTVSPost2010Prop56
140
1.0
102
RTVSPost2010PropOp56
 70
     1
102
RTVSPost2010Prop57
140
1.0
102
RTVSPost2010PropOp57
 70
     1
102
RTVSPropertyOp0
 70
     1
102
RTVSPropertyOp1
 70
     1
102
RTVSPropertyOp2
 70
     1
102
RTVSPropertyOp3
 70
     1
102
RTVSPropertyOp4
 70
     1
102
RTVSPropertyOp5
 70
     1
102
RTVSPropertyOp6
 70
     1
102
RTVSPropertyOp7
 70
     1
102
RTVSPropertyOp8
 70
     1
102
RTVSPropertyOp9
 70
     1
102
RTVSPropertyOp10
 70
     1
102
RTVSPropertyOp11
 70
     1
102
RTVSPropertyOp12
 70
     1
102
RTVSPropertyOp13
 70
     1
102
RTVSPropertyOp14
 70
     1
102
RTVSPropertyOp15
 70
     1
102
RTVSPropertyOp16
 70
     1
102
RTVSPropertyOp17
 70
     1
102
RTVSPropertyOp18
 70
     1
102
RTVSPropertyOp19
 70
     1
102
RTVSPropertyOp20
 70
     1
102
RTVSPropertyOp21
 70
     1
102
RTVSPropertyOp22
 70
     1
102
RTVSPropertyOp23
 70
     1
102
RTVSPropertyOp24
 70
     1
102
RTVSPropertyOp25
 70
     1
102
RTVSPropertyOp26
 70
     1
102
RTVSPropertyOp27
 70
     1
102
RTVSPropertyOp28
 70
     1
102
RTVSPropertyOp29
 70
     1
102
RTVSPropertyOp30
 70
     1
102
RTVSPropertyOp31
 70
     1
102
RTVSPropertyOp32
 70
     1
102
RTVSPropertyOp33
 70
     1
102
RTVSPropertyOp34
 70
     1
102
RTVSPropertyOp35
 70
     1
102
RTVSPropertyOp36
 70
     1
102
RTVSPropertyOp37
 70
     1
102
RTVSPropertyOp38
 70
     1
102
RTVSPropertyOp39
 70
     1
102
RTVSPropertyOp40
 70
     1
102
RTVSPropertyOp41
 70
     1
102
RTVSPropertyOp42
 70
     1
102
RTVSPropertyOp43
 70
     1
102
RTVSPropertyOp44
 70
     1
102
RTVSPropertyOp45
 70
     1
102
RTVSPropertyOp46
 70
     1
102
RTVSPropertyOp47
 70
     1
102
RTVSPropertyOp48
 70
     1
102
RTVSPropertyOp49
 70
     1
102
RTVSPropertyOp50
 70
     1
102
RTVSPropertyOp51
 70
     0
102
RTVSPropertyOp52
 70
     0
102
RTVSPropertyOp53
 70
     1
102
RTVSPropertyOp54
 70
     1
102
RTVSPropertyOp55
 70
     1
102
RTVSPropertyOp56
 70
     1
102
RTVSPropertyOp57
 70
     1
102
RTVSPropertyOp58
 70
     1
102
RTVSPropertyOp59
 70
     1
102
RTVSPropertyOp60
 70
     1
102
RTVSPropertyOp61
 70
     1
102
RTVSPropertyOp62
 70
     1
  0
XRECORD
  5
A134
102
{ACAD_REACTORS
330
A133
102
}
330
A133
100
AcDbXrecord
280
     1
102
RTVSPost2010Prop28
280
     0
102
RTVSPost2010PropOp28
 70
     1
102
RTVSPost2010Prop29
280
     1
102
RTVSPost2010PropOp29
 70
     1
102
RTVSPost2010Prop30
280
     1
102
RTVSPost2010PropOp30
 70
     1
102
RTVSPost2010Prop31
280
     0
102
RTVSPost2010PropOp31
 70
     1
102
RTVSPost2010Prop32
280
     0
102
RTVSPost2010PropOp32
 70
     1
102
RTVSPost2010Prop33
280
     0
102
RTVSPost2010PropOp33
 70
     1
102
RTVSPost2010Prop34
280
     0
102
RTVSPost2010PropOp34
 70
     1
102
RTVSPost2010Prop35
280
     0
102
RTVSPost2010PropOp35
 70
     1
102
RTVSPost2010Prop36
280
     0
102
RTVSPost2010PropOp36
 70
     1
102
RTVSPost2010Prop37
 90
       50
102
RTVSPost2010PropOp37
 70
     1
102
RTVSPost2010Prop38
140
0.0
102
RTVSPost2010PropOp38
 70
     1
102
RTVSPost2010Prop39
140
1.0
102
RTVSPost2010PropOp39
 70
     1
102
RTVSPost2010Prop40
 90
        0
102
RTVSPost2010PropOp40
 70
     1
102
RTVSPost2010Prop41ColorIndex
 90
       18
102
RTVSPost2010Prop41ColorRGB
 90
        0
102
RTVSPost2010PropOp41
 70
     1
102
RTVSPost2010Prop42
 90
       50
102
RTVSPost2010PropOp42
 70
     1
102
RTVSPost2010Prop43
 90
        3
102
RTVSPost2010PropOp43
 70
     1
102
RTVSPost2010Prop44ColorIndex
 90
        5
102
RTVSPost2010Prop44ColorRGB
 90
      255
102
RTVSPost2010PropOp44
 70
     1
102
RTVSPost2010Prop45
280
     0
102
RTVSPost2010PropOp45
 70
     1
102
RTVSPost2010Prop46
 90
       50
102
RTVSPost2010PropOp46
 70
     1
102
RTVSPost2010Prop47
 90
       50
102
RTVSPost2010PropOp47
 70
     1
102
RTVSPost2010Prop48
 90
       50
102
RTVSPost2010PropOp48
 70
     1
102
RTVSPost2010Prop49
280
     0
102
RTVSPost2010PropOp49
 70
     1
102
RTVSPost2010Prop50
 90
       50
102
RTVSPost2010PropOp50
 70
     1
102
RTVSPost2010Prop51ColorIndex
 90
      256
102
RTVSPost2010Prop51ColorRGB
 90
-16777216
102
RTVSPost2010PropOp51
 70
     0
102
RTVSPost2010Prop52
140
1.0
102
RTVSPost2010PropOp52
 70
     0
102
RTVSPost2010Prop53
 90
        2
102
RTVSPost2010PropOp53
 70
     1
102
RTVSPost2010Prop54
  1
strokes_ogs.tif
102
RTVSPost2010PropOp54
 70
     1
102
RTVSPost2010Prop55
280
     0
102
RTVSPost2010PropOp55
 70
     1
102
RTVSPost2010Prop56
140
1.0
102
RTVSPost2010PropOp56
 70
     1
102
RTVSPost2010Prop57
140
1.0
102
RTVSPost2010PropOp57
 70
     1
102
RTVSPropertyOp0
 70
     0
102
RTVSPropertyOp1
 70
     0
102
RTVSPropertyOp2
 70
     0
102
RTVSPropertyOp3
 70
     0
102
RTVSPropertyOp4
 70
     0
102
RTVSPropertyOp5
 70
     0
102
RTVSPropertyOp6
 70
     0
102
RTVSPropertyOp7
 70
     0
102
RTVSPropertyOp8
 70
     0
102
RTVSPropertyOp9
 70
     0
102
RTVSPropertyOp10
 70
     0
102
RTVSPropertyOp11
 70
     0
102
RTVSPropertyOp12
 70
     0
102
RTVSPropertyOp13
 70
     0
102
RTVSPropertyOp14
 70
     2
102
RTVSPropertyOp15
 70
     0
102
RTVSPropertyOp16
 70
     0
102
RTVSPropertyOp17
 70
     0
102
RTVSPropertyOp18
 70
     0
102
RTVSPropertyOp19
 70
     0
102
RTVSPropertyOp20
 70
     0
102
RTVSPropertyOp21
 70
     0
102
RTVSPropertyOp22
 70
     0
102
RTVSPropertyOp23
 70
     0
102
RTVSPropertyOp24
 70
     0
102
RTVSPropertyOp25
 70
     0
102
RTVSPropertyOp26
 70
     0
102
RTVSPropertyOp27
 70
     0
102
RTVSPropertyOp28
 70
     1
102
RTVSPropertyOp29
 70
     1
102
RTVSPropertyOp30
 70
     1
102
RTVSPropertyOp31
 70
     1
102
RTVSPropertyOp32
 70
     1
102
RTVSPropertyOp33
 70
     1
102
RTVSPropertyOp34
 70
     1
102
RTVSPropertyOp35
 70
     1
102
RTVSPropertyOp36
 70
     1
102
RTVSPropertyOp37
 70
     1
102
RTVSPropertyOp38
 70
     1
102
RTVSPropertyOp39
 70
     1
102
RTVSPropertyOp40
 70
     1
102
RTVSPropertyOp41
 70
     1
102
RTVSPropertyOp42
 70
     1
102
RTVSPropertyOp43
 70
     1
102
RTVSPropertyOp44
 70
     1
102
RTVSPropertyOp45
 70
     1
102
RTVSPropertyOp46
 70
     1
102
RTVSPropertyOp47
 70
     1
102
RTVSPropertyOp48
 70
     1
102
RTVSPropertyOp49
 70
     1
102
RTVSPropertyOp50
 70
     1
102
RTVSPropertyOp51
 70
     0
102
RTVSPropertyOp52
 70
     0
102
RTVSPropertyOp53
 70
     1
102
RTVSPropertyOp54
 70
     1
102
RTVSPropertyOp55
 70
     1
102
RTVSPropertyOp56
 70
     1
102
RTVSPropertyOp57
 70
     1
102
RTVSPropertyOp58
 70
     1
102
RTVSPropertyOp59
 70
     1
102
RTVSPropertyOp60
 70
     1
102
RTVSPropertyOp61
 70
     1
102
RTVSPropertyOp62
 70
     1
  0
XRECORD
  5
A12A
102
{ACAD_REACTORS
330
A129
102
}
330
A129
100
AcDbXrecord
280
     1
102
RTVSPost2010Prop28
280
     0
102
RTVSPost2010PropOp28
 70
     1
102
RTVSPost2010Prop29
280
     1
102
RTVSPost2010PropOp29
 70
     1
102
RTVSPost2010Prop30
280
     1
102
RTVSPost2010PropOp30
 70
     1
102
RTVSPost2010Prop31
280
     0
102
RTVSPost2010PropOp31
 70
     1
102
RTVSPost2010Prop32
280
     0
102
RTVSPost2010PropOp32
 70
     1
102
RTVSPost2010Prop33
280
     0
102
RTVSPost2010PropOp33
 70
     1
102
RTVSPost2010Prop34
280
     0
102
RTVSPost2010PropOp34
 70
     1
102
RTVSPost2010Prop35
280
     0
102
RTVSPost2010PropOp35
 70
     1
102
RTVSPost2010Prop36
280
     0
102
RTVSPost2010PropOp36
 70
     1
102
RTVSPost2010Prop37
 90
       50
102
RTVSPost2010PropOp37
 70
     1
102
RTVSPost2010Prop38
140
0.0
102
RTVSPost2010PropOp38
 70
     1
102
RTVSPost2010Prop39
140
1.0
102
RTVSPost2010PropOp39
 70
     1
102
RTVSPost2010Prop40
 90
        0
102
RTVSPost2010PropOp40
 70
     1
102
RTVSPost2010Prop41ColorIndex
 90
       18
102
RTVSPost2010Prop41ColorRGB
 90
        0
102
RTVSPost2010PropOp41
 70
     1
102
RTVSPost2010Prop42
 90
       50
102
RTVSPost2010PropOp42
 70
     1
102
RTVSPost2010Prop43
 90
        3
102
RTVSPost2010PropOp43
 70
     1
102
RTVSPost2010Prop44ColorIndex
 90
        5
102
RTVSPost2010Prop44ColorRGB
 90
      255
102
RTVSPost2010PropOp44
 70
     1
102
RTVSPost2010Prop45
280
     0
102
RTVSPost2010PropOp45
 70
     1
102
RTVSPost2010Prop46
 90
       50
102
RTVSPost2010PropOp46
 70
     1
102
RTVSPost2010Prop47
 90
       50
102
RTVSPost2010PropOp47
 70
     1
102
RTVSPost2010Prop48
 90
       50
102
RTVSPost2010PropOp48
 70
     1
102
RTVSPost2010Prop49
280
     0
102
RTVSPost2010PropOp49
 70
     1
102
RTVSPost2010Prop50
 90
       50
102
RTVSPost2010PropOp50
 70
     1
102
RTVSPost2010Prop51ColorIndex
 90
      256
102
RTVSPost2010Prop51ColorRGB
 90
-16777216
102
RTVSPost2010PropOp51
 70
     0
102
RTVSPost2010Prop52
140
1.0
102
RTVSPost2010PropOp52
 70
     0
102
RTVSPost2010Prop53
 90
        2
102
RTVSPost2010PropOp53
 70
     1
102
RTVSPost2010Prop54
  1
strokes_ogs.tif
102
RTVSPost2010PropOp54
 70
     1
102
RTVSPost2010Prop55
280
     0
102
RTVSPost2010PropOp55
 70
     1
102
RTVSPost2010Prop56
140
1.0
102
RTVSPost2010PropOp56
 70
     1
102
RTVSPost2010Prop57
140
1.0
102
RTVSPost2010PropOp57
 70
     1
102
RTVSPropertyOp0
 70
     1
102
RTVSPropertyOp1
 70
     1
102
RTVSPropertyOp2
 70
     1
102
RTVSPropertyOp3
 70
     1
102
RTVSPropertyOp4
 70
     1
102
RTVSPropertyOp5
 70
     1
102
RTVSPropertyOp6
 70
     1
102
RTVSPropertyOp7
 70
     1
102
RTVSPropertyOp8
 70
     1
102
RTVSPropertyOp9
 70
     1
102
RTVSPropertyOp10
 70
     1
102
RTVSPropertyOp11
 70
     1
102
RTVSPropertyOp12
 70
     1
102
RTVSPropertyOp13
 70
     1
102
RTVSPropertyOp14
 70
     1
102
RTVSPropertyOp15
 70
     1
102
RTVSPropertyOp16
 70
     1
102
RTVSPropertyOp17
 70
     1
102
RTVSPropertyOp18
 70
     1
102
RTVSPropertyOp19
 70
     1
102
RTVSPropertyOp20
 70
     1
102
RTVSPropertyOp21
 70
     1
102
RTVSPropertyOp22
 70
     1
102
RTVSPropertyOp23
 70
     1
102
RTVSPropertyOp24
 70
     1
102
RTVSPropertyOp25
 70
     1
102
RTVSPropertyOp26
 70
     1
102
RTVSPropertyOp27
 70
     1
102
RTVSPropertyOp28
 70
     1
102
RTVSPropertyOp29
 70
     1
102
RTVSPropertyOp30
 70
     1
102
RTVSPropertyOp31
 70
     1
102
RTVSPropertyOp32
 70
     1
102
RTVSPropertyOp33
 70
     1
102
RTVSPropertyOp34
 70
     1
102
RTVSPropertyOp35
 70
     1
102
RTVSPropertyOp36
 70
     1
102
RTVSPropertyOp37
 70
     1
102
RTVSPropertyOp38
 70
     1
102
RTVSPropertyOp39
 70
     1
102
RTVSPropertyOp40
 70
     1
102
RTVSPropertyOp41
 70
     1
102
RTVSPropertyOp42
 70
     1
102
RTVSPropertyOp43
 70
     1
102
RTVSPropertyOp44
 70
     1
102
RTVSPropertyOp45
 70
     1
102
RTVSPropertyOp46
 70
     1
102
RTVSPropertyOp47
 70
     1
102
RTVSPropertyOp48
 70
     1
102
RTVSPropertyOp49
 70
     1
102
RTVSPropertyOp50
 70
     1
102
RTVSPropertyOp51
 70
     0
102
RTVSPropertyOp52
 70
     0
102
RTVSPropertyOp53
 70
     1
102
RTVSPropertyOp54
 70
     1
102
RTVSPropertyOp55
 70
     1
102
RTVSPropertyOp56
 70
     1
102
RTVSPropertyOp57
 70
     1
102
RTVSPropertyOp58
 70
     1
102
RTVSPropertyOp59
 70
     1
102
RTVSPropertyOp60
 70
     1
102
RTVSPropertyOp61
 70
     1
102
RTVSPropertyOp62
 70
     1
  0
XRECORD
  5
A136
102
{ACAD_REACTORS
330
A135
102
}
330
A135
100
AcDbXrecord
280
     1
102
RTVSPost2010Prop28
280
     0
102
RTVSPost2010PropOp28
 70
     1
102
RTVSPost2010Prop29
280
     1
102
RTVSPost2010PropOp29
 70
     1
102
RTVSPost2010Prop30
280
     1
102
RTVSPost2010PropOp30
 70
     1
102
RTVSPost2010Prop31
280
     0
102
RTVSPost2010PropOp31
 70
     1
102
RTVSPost2010Prop32
280
     0
102
RTVSPost2010PropOp32
 70
     1
102
RTVSPost2010Prop33
280
     0
102
RTVSPost2010PropOp33
 70
     1
102
RTVSPost2010Prop34
280
     0
102
RTVSPost2010PropOp34
 70
     1
102
RTVSPost2010Prop35
280
     0
102
RTVSPost2010PropOp35
 70
     1
102
RTVSPost2010Prop36
280
     0
102
RTVSPost2010PropOp36
 70
     1
102
RTVSPost2010Prop37
 90
       50
102
RTVSPost2010PropOp37
 70
     1
102
RTVSPost2010Prop38
140
0.0
102
RTVSPost2010PropOp38
 70
     1
102
RTVSPost2010Prop39
140
1.0
102
RTVSPost2010PropOp39
 70
     1
102
RTVSPost2010Prop40
 90
        0
102
RTVSPost2010PropOp40
 70
     1
102
RTVSPost2010Prop41ColorIndex
 90
       18
102
RTVSPost2010Prop41ColorRGB
 90
        0
102
RTVSPost2010PropOp41
 70
     1
102
RTVSPost2010Prop42
 90
       50
102
RTVSPost2010PropOp42
 70
     1
102
RTVSPost2010Prop43
 90
        3
102
RTVSPost2010PropOp43
 70
     1
102
RTVSPost2010Prop44ColorIndex
 90
        5
102
RTVSPost2010Prop44ColorRGB
 90
      255
102
RTVSPost2010PropOp44
 70
     1
102
RTVSPost2010Prop45
280
     0
102
RTVSPost2010PropOp45
 70
     1
102
RTVSPost2010Prop46
 90
       50
102
RTVSPost2010PropOp46
 70
     1
102
RTVSPost2010Prop47
 90
       50
102
RTVSPost2010PropOp47
 70
     1
102
RTVSPost2010Prop48
 90
       50
102
RTVSPost2010PropOp48
 70
     1
102
RTVSPost2010Prop49
280
     0
102
RTVSPost2010PropOp49
 70
     1
102
RTVSPost2010Prop50
 90
       50
102
RTVSPost2010PropOp50
 70
     1
102
RTVSPost2010Prop51ColorIndex
 90
      256
102
RTVSPost2010Prop51ColorRGB
 90
-16777216
102
RTVSPost2010PropOp51
 70
     0
102
RTVSPost2010Prop52
140
1.0
102
RTVSPost2010PropOp52
 70
     0
102
RTVSPost2010Prop53
 90
        2
102
RTVSPost2010PropOp53
 70
     1
102
RTVSPost2010Prop54
  1
strokes_ogs.tif
102
RTVSPost2010PropOp54
 70
     1
102
RTVSPost2010Prop55
280
     0
102
RTVSPost2010PropOp55
 70
     1
102
RTVSPost2010Prop56
140
1.0
102
RTVSPost2010PropOp56
 70
     1
102
RTVSPost2010Prop57
140
1.0
102
RTVSPost2010PropOp57
 70
     1
102
RTVSPropertyOp0
 70
     0
102
RTVSPropertyOp1
 70
     0
102
RTVSPropertyOp2
 70
     0
102
RTVSPropertyOp3
 70
     0
102
RTVSPropertyOp4
 70
     0
102
RTVSPropertyOp5
 70
     0
102
RTVSPropertyOp6
 70
     0
102
RTVSPropertyOp7
 70
     0
102
RTVSPropertyOp8
 70
     0
102
RTVSPropertyOp9
 70
     0
102
RTVSPropertyOp10
 70
     0
102
RTVSPropertyOp11
 70
     0
102
RTVSPropertyOp12
 70
     0
102
RTVSPropertyOp13
 70
     0
102
RTVSPropertyOp14
 70
     2
102
RTVSPropertyOp15
 70
     0
102
RTVSPropertyOp16
 70
     0
102
RTVSPropertyOp17
 70
     0
102
RTVSPropertyOp18
 70
     0
102
RTVSPropertyOp19
 70
     0
102
RTVSPropertyOp20
 70
     0
102
RTVSPropertyOp21
 70
     0
102
RTVSPropertyOp22
 70
     0
102
RTVSPropertyOp23
 70
     0
102
RTVSPropertyOp24
 70
     0
102
RTVSPropertyOp25
 70
     0
102
RTVSPropertyOp26
 70
     0
102
RTVSPropertyOp27
 70
     0
102
RTVSPropertyOp28
 70
     1
102
RTVSPropertyOp29
 70
     1
102
RTVSPropertyOp30
 70
     1
102
RTVSPropertyOp31
 70
     1
102
RTVSPropertyOp32
 70
     1
102
RTVSPropertyOp33
 70
     1
102
RTVSPropertyOp34
 70
     1
102
RTVSPropertyOp35
 70
     1
102
RTVSPropertyOp36
 70
     1
102
RTVSPropertyOp37
 70
     1
102
RTVSPropertyOp38
 70
     1
102
RTVSPropertyOp39
 70
     1
102
RTVSPropertyOp40
 70
     1
102
RTVSPropertyOp41
 70
     1
102
RTVSPropertyOp42
 70
     1
102
RTVSPropertyOp43
 70
     1
102
RTVSPropertyOp44
 70
     1
102
RTVSPropertyOp45
 70
     1
102
RTVSPropertyOp46
 70
     1
102
RTVSPropertyOp47
 70
     1
102
RTVSPropertyOp48
 70
     1
102
RTVSPropertyOp49
 70
     1
102
RTVSPropertyOp50
 70
     1
102
RTVSPropertyOp51
 70
     0
102
RTVSPropertyOp52
 70
     0
102
RTVSPropertyOp53
 70
     1
102
RTVSPropertyOp54
 70
     1
102
RTVSPropertyOp55
 70
     1
102
RTVSPropertyOp56
 70
     1
102
RTVSPropertyOp57
 70
     1
102
RTVSPropertyOp58
 70
     1
102
RTVSPropertyOp59
 70
     1
102
RTVSPropertyOp60
 70
     1
102
RTVSPropertyOp61
 70
     1
102
RTVSPropertyOp62
 70
     1
  0
XRECORD
  5
A122
102
{ACAD_REACTORS
330
A121
102
}
330
A121
100
AcDbXrecord
280
     1
102
RTVSPost2010Prop28
280
     0
102
RTVSPost2010PropOp28
 70
     1
102
RTVSPost2010Prop29
280
     1
102
RTVSPost2010PropOp29
 70
     1
102
RTVSPost2010Prop30
280
     1
102
RTVSPost2010PropOp30
 70
     1
102
RTVSPost2010Prop31
280
     0
102
RTVSPost2010PropOp31
 70
     1
102
RTVSPost2010Prop32
280
     0
102
RTVSPost2010PropOp32
 70
     1
102
RTVSPost2010Prop33
280
     0
102
RTVSPost2010PropOp33
 70
     1
102
RTVSPost2010Prop34
280
     0
102
RTVSPost2010PropOp34
 70
     1
102
RTVSPost2010Prop35
280
     0
102
RTVSPost2010PropOp35
 70
     1
102
RTVSPost2010Prop36
280
     0
102
RTVSPost2010PropOp36
 70
     1
102
RTVSPost2010Prop37
 90
       50
102
RTVSPost2010PropOp37
 70
     1
102
RTVSPost2010Prop38
140
0.0
102
RTVSPost2010PropOp38
 70
     1
102
RTVSPost2010Prop39
140
1.0
102
RTVSPost2010PropOp39
 70
     1
102
RTVSPost2010Prop40
 90
        0
102
RTVSPost2010PropOp40
 70
     1
102
RTVSPost2010Prop41ColorIndex
 90
       18
102
RTVSPost2010Prop41ColorRGB
 90
        0
102
RTVSPost2010PropOp41
 70
     1
102
RTVSPost2010Prop42
 90
       50
102
RTVSPost2010PropOp42
 70
     1
102
RTVSPost2010Prop43
 90
        3
102
RTVSPost2010PropOp43
 70
     1
102
RTVSPost2010Prop44ColorIndex
 90
        5
102
RTVSPost2010Prop44ColorRGB
 90
      255
102
RTVSPost2010PropOp44
 70
     1
102
RTVSPost2010Prop45
280
     0
102
RTVSPost2010PropOp45
 70
     1
102
RTVSPost2010Prop46
 90
       50
102
RTVSPost2010PropOp46
 70
     1
102
RTVSPost2010Prop47
 90
       50
102
RTVSPost2010PropOp47
 70
     1
102
RTVSPost2010Prop48
 90
       50
102
RTVSPost2010PropOp48
 70
     1
102
RTVSPost2010Prop49
280
     0
102
RTVSPost2010PropOp49
 70
     1
102
RTVSPost2010Prop50
 90
       50
102
RTVSPost2010PropOp50
 70
     1
102
RTVSPost2010Prop51ColorIndex
 90
      256
102
RTVSPost2010Prop51ColorRGB
 90
-16777216
102
RTVSPost2010PropOp51
 70
     0
102
RTVSPost2010Prop52
140
1.0
102
RTVSPost2010PropOp52
 70
     0
102
RTVSPost2010Prop53
 90
        2
102
RTVSPost2010PropOp53
 70
     1
102
RTVSPost2010Prop54
  1
strokes_ogs.tif
102
RTVSPost2010PropOp54
 70
     1
102
RTVSPost2010Prop55
280
     0
102
RTVSPost2010PropOp55
 70
     1
102
RTVSPost2010Prop56
140
1.0
102
RTVSPost2010PropOp56
 70
     1
102
RTVSPost2010Prop57
140
1.0
102
RTVSPost2010PropOp57
 70
     1
102
RTVSPropertyOp0
 70
     1
102
RTVSPropertyOp1
 70
     1
102
RTVSPropertyOp2
 70
     1
102
RTVSPropertyOp3
 70
     1
102
RTVSPropertyOp4
 70
     1
102
RTVSPropertyOp5
 70
     1
102
RTVSPropertyOp6
 70
     1
102
RTVSPropertyOp7
 70
     1
102
RTVSPropertyOp8
 70
     1
102
RTVSPropertyOp9
 70
     1
102
RTVSPropertyOp10
 70
     1
102
RTVSPropertyOp11
 70
     1
102
RTVSPropertyOp12
 70
     1
102
RTVSPropertyOp13
 70
     1
102
RTVSPropertyOp14
 70
     1
102
RTVSPropertyOp15
 70
     1
102
RTVSPropertyOp16
 70
     1
102
RTVSPropertyOp17
 70
     1
102
RTVSPropertyOp18
 70
     1
102
RTVSPropertyOp19
 70
     1
102
RTVSPropertyOp20
 70
     1
102
RTVSPropertyOp21
 70
     1
102
RTVSPropertyOp22
 70
     1
102
RTVSPropertyOp23
 70
     1
102
RTVSPropertyOp24
 70
     1
102
RTVSPropertyOp25
 70
     1
102
RTVSPropertyOp26
 70
     1
102
RTVSPropertyOp27
 70
     1
102
RTVSPropertyOp28
 70
     1
102
RTVSPropertyOp29
 70
     1
102
RTVSPropertyOp30
 70
     1
102
RTVSPropertyOp31
 70
     1
102
RTVSPropertyOp32
 70
     1
102
RTVSPropertyOp33
 70
     1
102
RTVSPropertyOp34
 70
     1
102
RTVSPropertyOp35
 70
     1
102
RTVSPropertyOp36
 70
     1
102
RTVSPropertyOp37
 70
     1
102
RTVSPropertyOp38
 70
     1
102
RTVSPropertyOp39
 70
     1
102
RTVSPropertyOp40
 70
     1
102
RTVSPropertyOp41
 70
     1
102
RTVSPropertyOp42
 70
     1
102
RTVSPropertyOp43
 70
     1
102
RTVSPropertyOp44
 70
     1
102
RTVSPropertyOp45
 70
     1
102
RTVSPropertyOp46
 70
     1
102
RTVSPropertyOp47
 70
     1
102
RTVSPropertyOp48
 70
     1
102
RTVSPropertyOp49
 70
     1
102
RTVSPropertyOp50
 70
     1
102
RTVSPropertyOp51
 70
     0
102
RTVSPropertyOp52
 70
     0
102
RTVSPropertyOp53
 70
     1
102
RTVSPropertyOp54
 70
     1
102
RTVSPropertyOp55
 70
     1
102
RTVSPropertyOp56
 70
     1
102
RTVSPropertyOp57
 70
     1
102
RTVSPropertyOp58
 70
     1
102
RTVSPropertyOp59
 70
     1
102
RTVSPropertyOp60
 70
     1
102
RTVSPropertyOp61
 70
     1
102
RTVSPropertyOp62
 70
     1
  0
XRECORD
  5
A142
102
{ACAD_REACTORS
330
A141
102
}
330
A141
100
AcDbXrecord
280
     1
102
RTVSPost2010Prop28
280
     0
102
RTVSPost2010PropOp28
 70
     1
102
RTVSPost2010Prop29
280
     1
102
RTVSPost2010PropOp29
 70
     1
102
RTVSPost2010Prop30
280
     1
102
RTVSPost2010PropOp30
 70
     1
102
RTVSPost2010Prop31
280
     0
102
RTVSPost2010PropOp31
 70
     1
102
RTVSPost2010Prop32
280
     0
102
RTVSPost2010PropOp32
 70
     1
102
RTVSPost2010Prop33
280
     0
102
RTVSPost2010PropOp33
 70
     1
102
RTVSPost2010Prop34
280
     0
102
RTVSPost2010PropOp34
 70
     1
102
RTVSPost2010Prop35
280
     0
102
RTVSPost2010PropOp35
 70
     1
102
RTVSPost2010Prop36
280
     0
102
RTVSPost2010PropOp36
 70
     1
102
RTVSPost2010Prop37
 90
       50
102
RTVSPost2010PropOp37
 70
     1
102
RTVSPost2010Prop38
140
0.0
102
RTVSPost2010PropOp38
 70
     1
102
RTVSPost2010Prop39
140
1.0
102
RTVSPost2010PropOp39
 70
     1
102
RTVSPost2010Prop40
 90
        0
102
RTVSPost2010PropOp40
 70
     1
102
RTVSPost2010Prop41ColorIndex
 90
       18
102
RTVSPost2010Prop41ColorRGB
 90
        0
102
RTVSPost2010PropOp41
 70
     1
102
RTVSPost2010Prop42
 90
       50
102
RTVSPost2010PropOp42
 70
     1
102
RTVSPost2010Prop43
 90
        3
102
RTVSPost2010PropOp43
 70
     1
102
RTVSPost2010Prop44ColorIndex
 90
        5
102
RTVSPost2010Prop44ColorRGB
 90
      255
102
RTVSPost2010PropOp44
 70
     1
102
RTVSPost2010Prop45
280
     0
102
RTVSPost2010PropOp45
 70
     1
102
RTVSPost2010Prop46
 90
       50
102
RTVSPost2010PropOp46
 70
     1
102
RTVSPost2010Prop47
 90
       50
102
RTVSPost2010PropOp47
 70
     1
102
RTVSPost2010Prop48
 90
       50
102
RTVSPost2010PropOp48
 70
     1
102
RTVSPost2010Prop49
280
     0
102
RTVSPost2010PropOp49
 70
     1
102
RTVSPost2010Prop50
 90
       50
102
RTVSPost2010PropOp50
 70
     1
102
RTVSPost2010Prop51ColorIndex
 90
      256
102
RTVSPost2010Prop51ColorRGB
 90
-16777216
102
RTVSPost2010PropOp51
 70
     0
102
RTVSPost2010Prop52
140
1.0
102
RTVSPost2010PropOp52
 70
     0
102
RTVSPost2010Prop53
 90
        2
102
RTVSPost2010PropOp53
 70
     1
102
RTVSPost2010Prop54
  1
strokes_ogs.tif
102
RTVSPost2010PropOp54
 70
     1
102
RTVSPost2010Prop55
280
     0
102
RTVSPost2010PropOp55
 70
     1
102
RTVSPost2010Prop56
140
1.0
102
RTVSPost2010PropOp56
 70
     1
102
RTVSPost2010Prop57
140
1.0
102
RTVSPost2010PropOp57
 70
     1
102
RTVSPropertyOp0
 70
     1
102
RTVSPropertyOp1
 70
     1
102
RTVSPropertyOp2
 70
     1
102
RTVSPropertyOp3
 70
     1
102
RTVSPropertyOp4
 70
     1
102
RTVSPropertyOp5
 70
     1
102
RTVSPropertyOp6
 70
     1
102
RTVSPropertyOp7
 70
     1
102
RTVSPropertyOp8
 70
     1
102
RTVSPropertyOp9
 70
     1
102
RTVSPropertyOp10
 70
     1
102
RTVSPropertyOp11
 70
     1
102
RTVSPropertyOp12
 70
     1
102
RTVSPropertyOp13
 70
     1
102
RTVSPropertyOp14
 70
     1
102
RTVSPropertyOp15
 70
     1
102
RTVSPropertyOp16
 70
     1
102
RTVSPropertyOp17
 70
     1
102
RTVSPropertyOp18
 70
     1
102
RTVSPropertyOp19
 70
     1
102
RTVSPropertyOp20
 70
     1
102
RTVSPropertyOp21
 70
     1
102
RTVSPropertyOp22
 70
     1
102
RTVSPropertyOp23
 70
     1
102
RTVSPropertyOp24
 70
     1
102
RTVSPropertyOp25
 70
     1
102
RTVSPropertyOp26
 70
     1
102
RTVSPropertyOp27
 70
     1
102
RTVSPropertyOp28
 70
     1
102
RTVSPropertyOp29
 70
     1
102
RTVSPropertyOp30
 70
     1
102
RTVSPropertyOp31
 70
     1
102
RTVSPropertyOp32
 70
     1
102
RTVSPropertyOp33
 70
     1
102
RTVSPropertyOp34
 70
     1
102
RTVSPropertyOp35
 70
     1
102
RTVSPropertyOp36
 70
     1
102
RTVSPropertyOp37
 70
     1
102
RTVSPropertyOp38
 70
     1
102
RTVSPropertyOp39
 70
     1
102
RTVSPropertyOp40
 70
     1
102
RTVSPropertyOp41
 70
     1
102
RTVSPropertyOp42
 70
     1
102
RTVSPropertyOp43
 70
     1
102
RTVSPropertyOp44
 70
     1
102
RTVSPropertyOp45
 70
     1
102
RTVSPropertyOp46
 70
     1
102
RTVSPropertyOp47
 70
     1
102
RTVSPropertyOp48
 70
     1
102
RTVSPropertyOp49
 70
     1
102
RTVSPropertyOp50
 70
     1
102
RTVSPropertyOp51
 70
     0
102
RTVSPropertyOp52
 70
     0
102
RTVSPropertyOp53
 70
     1
102
RTVSPropertyOp54
 70
     1
102
RTVSPropertyOp55
 70
     1
102
RTVSPropertyOp56
 70
     1
102
RTVSPropertyOp57
 70
     1
102
RTVSPropertyOp58
 70
     1
102
RTVSPropertyOp59
 70
     1
102
RTVSPropertyOp60
 70
     1
102
RTVSPropertyOp61
 70
     1
102
RTVSPropertyOp62
 70
     1
  0
XRECORD
  5
A140
102
{ACAD_REACTORS
330
A13F
102
}
330
A13F
100
AcDbXrecord
280
     1
102
RTVSPost2010Prop28
280
     0
102
RTVSPost2010PropOp28
 70
     1
102
RTVSPost2010Prop29
280
     1
102
RTVSPost2010PropOp29
 70
     1
102
RTVSPost2010Prop30
280
     1
102
RTVSPost2010PropOp30
 70
     1
102
RTVSPost2010Prop31
280
     0
102
RTVSPost2010PropOp31
 70
     1
102
RTVSPost2010Prop32
280
     0
102
RTVSPost2010PropOp32
 70
     1
102
RTVSPost2010Prop33
280
     0
102
RTVSPost2010PropOp33
 70
     1
102
RTVSPost2010Prop34
280
     0
102
RTVSPost2010PropOp34
 70
     1
102
RTVSPost2010Prop35
280
     0
102
RTVSPost2010PropOp35
 70
     1
102
RTVSPost2010Prop36
280
     0
102
RTVSPost2010PropOp36
 70
     1
102
RTVSPost2010Prop37
 90
       50
102
RTVSPost2010PropOp37
 70
     1
102
RTVSPost2010Prop38
140
0.0
102
RTVSPost2010PropOp38
 70
     1
102
RTVSPost2010Prop39
140
1.0
102
RTVSPost2010PropOp39
 70
     1
102
RTVSPost2010Prop40
 90
        0
102
RTVSPost2010PropOp40
 70
     1
102
RTVSPost2010Prop41ColorIndex
 90
       18
102
RTVSPost2010Prop41ColorRGB
 90
        0
102
RTVSPost2010PropOp41
 70
     1
102
RTVSPost2010Prop42
 90
       50
102
RTVSPost2010PropOp42
 70
     1
102
RTVSPost2010Prop43
 90
        3
102
RTVSPost2010PropOp43
 70
     1
102
RTVSPost2010Prop44ColorIndex
 90
        5
102
RTVSPost2010Prop44ColorRGB
 90
      255
102
RTVSPost2010PropOp44
 70
     1
102
RTVSPost2010Prop45
280
     0
102
RTVSPost2010PropOp45
 70
     1
102
RTVSPost2010Prop46
 90
       50
102
RTVSPost2010PropOp46
 70
     1
102
RTVSPost2010Prop47
 90
       50
102
RTVSPost2010PropOp47
 70
     1
102
RTVSPost2010Prop48
 90
       50
102
RTVSPost2010PropOp48
 70
     1
102
RTVSPost2010Prop49
280
     0
102
RTVSPost2010PropOp49
 70
     1
102
RTVSPost2010Prop50
 90
       50
102
RTVSPost2010PropOp50
 70
     1
102
RTVSPost2010Prop51ColorIndex
 90
      256
102
RTVSPost2010Prop51ColorRGB
 90
-16777216
102
RTVSPost2010PropOp51
 70
     0
102
RTVSPost2010Prop52
140
1.0
102
RTVSPost2010PropOp52
 70
     0
102
RTVSPost2010Prop53
 90
        2
102
RTVSPost2010PropOp53
 70
     1
102
RTVSPost2010Prop54
  1
strokes_ogs.tif
102
RTVSPost2010PropOp54
 70
     1
102
RTVSPost2010Prop55
280
     0
102
RTVSPost2010PropOp55
 70
     1
102
RTVSPost2010Prop56
140
1.0
102
RTVSPost2010PropOp56
 70
     1
102
RTVSPost2010Prop57
140
1.0
102
RTVSPost2010PropOp57
 70
     1
102
RTVSPropertyOp0
 70
     1
102
RTVSPropertyOp1
 70
     1
102
RTVSPropertyOp2
 70
     1
102
RTVSPropertyOp3
 70
     1
102
RTVSPropertyOp4
 70
     1
102
RTVSPropertyOp5
 70
     1
102
RTVSPropertyOp6
 70
     1
102
RTVSPropertyOp7
 70
     1
102
RTVSPropertyOp8
 70
     1
102
RTVSPropertyOp9
 70
     1
102
RTVSPropertyOp10
 70
     1
102
RTVSPropertyOp11
 70
     1
102
RTVSPropertyOp12
 70
     1
102
RTVSPropertyOp13
 70
     1
102
RTVSPropertyOp14
 70
     1
102
RTVSPropertyOp15
 70
     1
102
RTVSPropertyOp16
 70
     1
102
RTVSPropertyOp17
 70
     1
102
RTVSPropertyOp18
 70
     1
102
RTVSPropertyOp19
 70
     1
102
RTVSPropertyOp20
 70
     1
102
RTVSPropertyOp21
 70
     1
102
RTVSPropertyOp22
 70
     1
102
RTVSPropertyOp23
 70
     1
102
RTVSPropertyOp24
 70
     1
102
RTVSPropertyOp25
 70
     1
102
RTVSPropertyOp26
 70
     1
102
RTVSPropertyOp27
 70
     1
102
RTVSPropertyOp28
 70
     1
102
RTVSPropertyOp29
 70
     1
102
RTVSPropertyOp30
 70
     1
102
RTVSPropertyOp31
 70
     1
102
RTVSPropertyOp32
 70
     1
102
RTVSPropertyOp33
 70
     1
102
RTVSPropertyOp34
 70
     1
102
RTVSPropertyOp35
 70
     1
102
RTVSPropertyOp36
 70
     1
102
RTVSPropertyOp37
 70
     1
102
RTVSPropertyOp38
 70
     1
102
RTVSPropertyOp39
 70
     1
102
RTVSPropertyOp40
 70
     1
102
RTVSPropertyOp41
 70
     1
102
RTVSPropertyOp42
 70
     1
102
RTVSPropertyOp43
 70
     1
102
RTVSPropertyOp44
 70
     1
102
RTVSPropertyOp45
 70
     1
102
RTVSPropertyOp46
 70
     1
102
RTVSPropertyOp47
 70
     1
102
RTVSPropertyOp48
 70
     1
102
RTVSPropertyOp49
 70
     1
102
RTVSPropertyOp50
 70
     1
102
RTVSPropertyOp51
 70
     0
102
RTVSPropertyOp52
 70
     0
102
RTVSPropertyOp53
 70
     1
102
RTVSPropertyOp54
 70
     1
102
RTVSPropertyOp55
 70
     1
102
RTVSPropertyOp56
 70
     1
102
RTVSPropertyOp57
 70
     1
102
RTVSPropertyOp58
 70
     1
102
RTVSPropertyOp59
 70
     1
102
RTVSPropertyOp60
 70
     1
102
RTVSPropertyOp61
 70
     1
102
RTVSPropertyOp62
 70
     1
  0
XRECORD
  5
A13A
102
{ACAD_REACTORS
330
A139
102
}
330
A139
100
AcDbXrecord
280
     1
102
RTVSPost2010Prop28
280
     0
102
RTVSPost2010PropOp28
 70
     1
102
RTVSPost2010Prop29
280
     1
102
RTVSPost2010PropOp29
 70
     1
102
RTVSPost2010Prop30
280
     1
102
RTVSPost2010PropOp30
 70
     1
102
RTVSPost2010Prop31
280
     0
102
RTVSPost2010PropOp31
 70
     1
102
RTVSPost2010Prop32
280
     0
102
RTVSPost2010PropOp32
 70
     1
102
RTVSPost2010Prop33
280
     0
102
RTVSPost2010PropOp33
 70
     1
102
RTVSPost2010Prop34
280
     0
102
RTVSPost2010PropOp34
 70
     1
102
RTVSPost2010Prop35
280
     0
102
RTVSPost2010PropOp35
 70
     1
102
RTVSPost2010Prop36
280
     0
102
RTVSPost2010PropOp36
 70
     1
102
RTVSPost2010Prop37
 90
       50
102
RTVSPost2010PropOp37
 70
     1
102
RTVSPost2010Prop38
140
0.0
102
RTVSPost2010PropOp38
 70
     1
102
RTVSPost2010Prop39
140
1.0
102
RTVSPost2010PropOp39
 70
     1
102
RTVSPost2010Prop40
 90
        0
102
RTVSPost2010PropOp40
 70
     1
102
RTVSPost2010Prop41ColorIndex
 90
       18
102
RTVSPost2010Prop41ColorRGB
 90
        0
102
RTVSPost2010PropOp41
 70
     1
102
RTVSPost2010Prop42
 90
       50
102
RTVSPost2010PropOp42
 70
     1
102
RTVSPost2010Prop43
 90
        3
102
RTVSPost2010PropOp43
 70
     1
102
RTVSPost2010Prop44ColorIndex
 90
        5
102
RTVSPost2010Prop44ColorRGB
 90
      255
102
RTVSPost2010PropOp44
 70
     1
102
RTVSPost2010Prop45
280
     0
102
RTVSPost2010PropOp45
 70
     1
102
RTVSPost2010Prop46
 90
       50
102
RTVSPost2010PropOp46
 70
     1
102
RTVSPost2010Prop47
 90
       50
102
RTVSPost2010PropOp47
 70
     1
102
RTVSPost2010Prop48
 90
       50
102
RTVSPost2010PropOp48
 70
     1
102
RTVSPost2010Prop49
280
     0
102
RTVSPost2010PropOp49
 70
     1
102
RTVSPost2010Prop50
 90
       50
102
RTVSPost2010PropOp50
 70
     1
102
RTVSPost2010Prop51ColorIndex
 90
      256
102
RTVSPost2010Prop51ColorRGB
 90
-16777216
102
RTVSPost2010PropOp51
 70
     0
102
RTVSPost2010Prop52
140
1.0
102
RTVSPost2010PropOp52
 70
     0
102
RTVSPost2010Prop53
 90
        2
102
RTVSPost2010PropOp53
 70
     1
102
RTVSPost2010Prop54
  1
strokes_ogs.tif
102
RTVSPost2010PropOp54
 70
     1
102
RTVSPost2010Prop55
280
     0
102
RTVSPost2010PropOp55
 70
     1
102
RTVSPost2010Prop56
140
1.0
102
RTVSPost2010PropOp56
 70
     1
102
RTVSPost2010Prop57
140
1.0
102
RTVSPost2010PropOp57
 70
     1
102
RTVSPropertyOp0
 70
     1
102
RTVSPropertyOp1
 70
     1
102
RTVSPropertyOp2
 70
     1
102
RTVSPropertyOp3
 70
     1
102
RTVSPropertyOp4
 70
     1
102
RTVSPropertyOp5
 70
     1
102
RTVSPropertyOp6
 70
     1
102
RTVSPropertyOp7
 70
     1
102
RTVSPropertyOp8
 70
     1
102
RTVSPropertyOp9
 70
     1
102
RTVSPropertyOp10
 70
     1
102
RTVSPropertyOp11
 70
     1
102
RTVSPropertyOp12
 70
     1
102
RTVSPropertyOp13
 70
     1
102
RTVSPropertyOp14
 70
     1
102
RTVSPropertyOp15
 70
     1
102
RTVSPropertyOp16
 70
     1
102
RTVSPropertyOp17
 70
     1
102
RTVSPropertyOp18
 70
     1
102
RTVSPropertyOp19
 70
     1
102
RTVSPropertyOp20
 70
     1
102
RTVSPropertyOp21
 70
     1
102
RTVSPropertyOp22
 70
     1
102
RTVSPropertyOp23
 70
     1
102
RTVSPropertyOp24
 70
     1
102
RTVSPropertyOp25
 70
     1
102
RTVSPropertyOp26
 70
     1
102
RTVSPropertyOp27
 70
     1
102
RTVSPropertyOp28
 70
     1
102
RTVSPropertyOp29
 70
     1
102
RTVSPropertyOp30
 70
     1
102
RTVSPropertyOp31
 70
     1
102
RTVSPropertyOp32
 70
     1
102
RTVSPropertyOp33
 70
     1
102
RTVSPropertyOp34
 70
     1
102
RTVSPropertyOp35
 70
     1
102
RTVSPropertyOp36
 70
     1
102
RTVSPropertyOp37
 70
     1
102
RTVSPropertyOp38
 70
     1
102
RTVSPropertyOp39
 70
     1
102
RTVSPropertyOp40
 70
     1
102
RTVSPropertyOp41
 70
     1
102
RTVSPropertyOp42
 70
     1
102
RTVSPropertyOp43
 70
     1
102
RTVSPropertyOp44
 70
     1
102
RTVSPropertyOp45
 70
     1
102
RTVSPropertyOp46
 70
     1
102
RTVSPropertyOp47
 70
     1
102
RTVSPropertyOp48
 70
     1
102
RTVSPropertyOp49
 70
     1
102
RTVSPropertyOp50
 70
     1
102
RTVSPropertyOp51
 70
     0
102
RTVSPropertyOp52
 70
     0
102
RTVSPropertyOp53
 70
     1
102
RTVSPropertyOp54
 70
     1
102
RTVSPropertyOp55
 70
     1
102
RTVSPropertyOp56
 70
     1
102
RTVSPropertyOp57
 70
     1
102
RTVSPropertyOp58
 70
     1
102
RTVSPropertyOp59
 70
     1
102
RTVSPropertyOp60
 70
     1
102
RTVSPropertyOp61
 70
     1
102
RTVSPropertyOp62
 70
     1
  0
XRECORD
  5
A13C
102
{ACAD_REACTORS
330
A13B
102
}
330
A13B
100
AcDbXrecord
280
     1
102
RTVSPost2010Prop28
280
     0
102
RTVSPost2010PropOp28
 70
     1
102
RTVSPost2010Prop29
280
     1
102
RTVSPost2010PropOp29
 70
     1
102
RTVSPost2010Prop30
280
     1
102
RTVSPost2010PropOp30
 70
     1
102
RTVSPost2010Prop31
280
     0
102
RTVSPost2010PropOp31
 70
     1
102
RTVSPost2010Prop32
280
     0
102
RTVSPost2010PropOp32
 70
     1
102
RTVSPost2010Prop33
280
     0
102
RTVSPost2010PropOp33
 70
     1
102
RTVSPost2010Prop34
280
     0
102
RTVSPost2010PropOp34
 70
     1
102
RTVSPost2010Prop35
280
     0
102
RTVSPost2010PropOp35
 70
     1
102
RTVSPost2010Prop36
280
     0
102
RTVSPost2010PropOp36
 70
     1
102
RTVSPost2010Prop37
 90
       50
102
RTVSPost2010PropOp37
 70
     1
102
RTVSPost2010Prop38
140
0.0
102
RTVSPost2010PropOp38
 70
     1
102
RTVSPost2010Prop39
140
1.0
102
RTVSPost2010PropOp39
 70
     1
102
RTVSPost2010Prop40
 90
        0
102
RTVSPost2010PropOp40
 70
     1
102
RTVSPost2010Prop41ColorIndex
 90
       18
102
RTVSPost2010Prop41ColorRGB
 90
        0
102
RTVSPost2010PropOp41
 70
     1
102
RTVSPost2010Prop42
 90
       50
102
RTVSPost2010PropOp42
 70
     1
102
RTVSPost2010Prop43
 90
        3
102
RTVSPost2010PropOp43
 70
     1
102
RTVSPost2010Prop44ColorIndex
 90
        5
102
RTVSPost2010Prop44ColorRGB
 90
      255
102
RTVSPost2010PropOp44
 70
     1
102
RTVSPost2010Prop45
280
     0
102
RTVSPost2010PropOp45
 70
     1
102
RTVSPost2010Prop46
 90
       50
102
RTVSPost2010PropOp46
 70
     1
102
RTVSPost2010Prop47
 90
       50
102
RTVSPost2010PropOp47
 70
     1
102
RTVSPost2010Prop48
 90
       50
102
RTVSPost2010PropOp48
 70
     1
102
RTVSPost2010Prop49
280
     0
102
RTVSPost2010PropOp49
 70
     1
102
RTVSPost2010Prop50
 90
       50
102
RTVSPost2010PropOp50
 70
     1
102
RTVSPost2010Prop51ColorIndex
 90
      256
102
RTVSPost2010Prop51ColorRGB
 90
-16777216
102
RTVSPost2010PropOp51
 70
     0
102
RTVSPost2010Prop52
140
1.0
102
RTVSPost2010PropOp52
 70
     0
102
RTVSPost2010Prop53
 90
        2
102
RTVSPost2010PropOp53
 70
     1
102
RTVSPost2010Prop54
  1
strokes_ogs.tif
102
RTVSPost2010PropOp54
 70
     1
102
RTVSPost2010Prop55
280
     0
102
RTVSPost2010PropOp55
 70
     1
102
RTVSPost2010Prop56
140
1.0
102
RTVSPost2010PropOp56
 70
     1
102
RTVSPost2010Prop57
140
1.0
102
RTVSPost2010PropOp57
 70
     1
102
RTVSPropertyOp0
 70
     1
102
RTVSPropertyOp1
 70
     1
102
RTVSPropertyOp2
 70
     1
102
RTVSPropertyOp3
 70
     1
102
RTVSPropertyOp4
 70
     1
102
RTVSPropertyOp5
 70
     1
102
RTVSPropertyOp6
 70
     1
102
RTVSPropertyOp7
 70
     1
102
RTVSPropertyOp8
 70
     1
102
RTVSPropertyOp9
 70
     1
102
RTVSPropertyOp10
 70
     1
102
RTVSPropertyOp11
 70
     1
102
RTVSPropertyOp12
 70
     1
102
RTVSPropertyOp13
 70
     1
102
RTVSPropertyOp14
 70
     1
102
RTVSPropertyOp15
 70
     1
102
RTVSPropertyOp16
 70
     1
102
RTVSPropertyOp17
 70
     1
102
RTVSPropertyOp18
 70
     1
102
RTVSPropertyOp19
 70
     1
102
RTVSPropertyOp20
 70
     1
102
RTVSPropertyOp21
 70
     1
102
RTVSPropertyOp22
 70
     1
102
RTVSPropertyOp23
 70
     1
102
RTVSPropertyOp24
 70
     1
102
RTVSPropertyOp25
 70
     1
102
RTVSPropertyOp26
 70
     1
102
RTVSPropertyOp27
 70
     1
102
RTVSPropertyOp28
 70
     1
102
RTVSPropertyOp29
 70
     1
102
RTVSPropertyOp30
 70
     1
102
RTVSPropertyOp31
 70
     1
102
RTVSPropertyOp32
 70
     1
102
RTVSPropertyOp33
 70
     1
102
RTVSPropertyOp34
 70
     1
102
RTVSPropertyOp35
 70
     1
102
RTVSPropertyOp36
 70
     1
102
RTVSPropertyOp37
 70
     1
102
RTVSPropertyOp38
 70
     1
102
RTVSPropertyOp39
 70
     1
102
RTVSPropertyOp40
 70
     1
102
RTVSPropertyOp41
 70
     1
102
RTVSPropertyOp42
 70
     1
102
RTVSPropertyOp43
 70
     1
102
RTVSPropertyOp44
 70
     1
102
RTVSPropertyOp45
 70
     1
102
RTVSPropertyOp46
 70
     1
102
RTVSPropertyOp47
 70
     1
102
RTVSPropertyOp48
 70
     1
102
RTVSPropertyOp49
 70
     1
102
RTVSPropertyOp50
 70
     1
102
RTVSPropertyOp51
 70
     0
102
RTVSPropertyOp52
 70
     0
102
RTVSPropertyOp53
 70
     1
102
RTVSPropertyOp54
 70
     1
102
RTVSPropertyOp55
 70
     1
102
RTVSPropertyOp56
 70
     1
102
RTVSPropertyOp57
 70
     1
102
RTVSPropertyOp58
 70
     1
102
RTVSPropertyOp59
 70
     1
102
RTVSPropertyOp60
 70
     1
102
RTVSPropertyOp61
 70
     1
102
RTVSPropertyOp62
 70
     1
  0
XRECORD
  5
A128
102
{ACAD_REACTORS
330
A127
102
}
330
A127
100
AcDbXrecord
280
     1
102
RTVSPost2010Prop28
280
     0
102
RTVSPost2010PropOp28
 70
     1
102
RTVSPost2010Prop29
280
     1
102
RTVSPost2010PropOp29
 70
     1
102
RTVSPost2010Prop30
280
     1
102
RTVSPost2010PropOp30
 70
     1
102
RTVSPost2010Prop31
280
     0
102
RTVSPost2010PropOp31
 70
     1
102
RTVSPost2010Prop32
280
     0
102
RTVSPost2010PropOp32
 70
     1
102
RTVSPost2010Prop33
280
     0
102
RTVSPost2010PropOp33
 70
     1
102
RTVSPost2010Prop34
280
     0
102
RTVSPost2010PropOp34
 70
     1
102
RTVSPost2010Prop35
280
     0
102
RTVSPost2010PropOp35
 70
     1
102
RTVSPost2010Prop36
280
     0
102
RTVSPost2010PropOp36
 70
     1
102
RTVSPost2010Prop37
 90
       50
102
RTVSPost2010PropOp37
 70
     1
102
RTVSPost2010Prop38
140
0.0
102
RTVSPost2010PropOp38
 70
     1
102
RTVSPost2010Prop39
140
1.0
102
RTVSPost2010PropOp39
 70
     1
102
RTVSPost2010Prop40
 90
        0
102
RTVSPost2010PropOp40
 70
     1
102
RTVSPost2010Prop41ColorIndex
 90
       18
102
RTVSPost2010Prop41ColorRGB
 90
        0
102
RTVSPost2010PropOp41
 70
     1
102
RTVSPost2010Prop42
 90
       50
102
RTVSPost2010PropOp42
 70
     1
102
RTVSPost2010Prop43
 90
        3
102
RTVSPost2010PropOp43
 70
     1
102
RTVSPost2010Prop44ColorIndex
 90
        5
102
RTVSPost2010Prop44ColorRGB
 90
      255
102
RTVSPost2010PropOp44
 70
     1
102
RTVSPost2010Prop45
280
     0
102
RTVSPost2010PropOp45
 70
     1
102
RTVSPost2010Prop46
 90
       50
102
RTVSPost2010PropOp46
 70
     1
102
RTVSPost2010Prop47
 90
       50
102
RTVSPost2010PropOp47
 70
     1
102
RTVSPost2010Prop48
 90
       50
102
RTVSPost2010PropOp48
 70
     1
102
RTVSPost2010Prop49
280
     0
102
RTVSPost2010PropOp49
 70
     1
102
RTVSPost2010Prop50
 90
       50
102
RTVSPost2010PropOp50
 70
     1
102
RTVSPost2010Prop51ColorIndex
 90
      256
102
RTVSPost2010Prop51ColorRGB
 90
-16777216
102
RTVSPost2010PropOp51
 70
     0
102
RTVSPost2010Prop52
140
1.0
102
RTVSPost2010PropOp52
 70
     0
102
RTVSPost2010Prop53
 90
        2
102
RTVSPost2010PropOp53
 70
     1
102
RTVSPost2010Prop54
  1
strokes_ogs.tif
102
RTVSPost2010PropOp54
 70
     1
102
RTVSPost2010Prop55
280
     0
102
RTVSPost2010PropOp55
 70
     1
102
RTVSPost2010Prop56
140
1.0
102
RTVSPost2010PropOp56
 70
     1
102
RTVSPost2010Prop57
140
1.0
102
RTVSPost2010PropOp57
 70
     1
102
RTVSPropertyOp0
 70
     1
102
RTVSPropertyOp1
 70
     1
102
RTVSPropertyOp2
 70
     1
102
RTVSPropertyOp3
 70
     1
102
RTVSPropertyOp4
 70
     1
102
RTVSPropertyOp5
 70
     1
102
RTVSPropertyOp6
 70
     1
102
RTVSPropertyOp7
 70
     1
102
RTVSPropertyOp8
 70
     1
102
RTVSPropertyOp9
 70
     1
102
RTVSPropertyOp10
 70
     1
102
RTVSPropertyOp11
 70
     1
102
RTVSPropertyOp12
 70
     1
102
RTVSPropertyOp13
 70
     1
102
RTVSPropertyOp14
 70
     1
102
RTVSPropertyOp15
 70
     1
102
RTVSPropertyOp16
 70
     1
102
RTVSPropertyOp17
 70
     1
102
RTVSPropertyOp18
 70
     1
102
RTVSPropertyOp19
 70
     1
102
RTVSPropertyOp20
 70
     1
102
RTVSPropertyOp21
 70
     1
102
RTVSPropertyOp22
 70
     1
102
RTVSPropertyOp23
 70
     1
102
RTVSPropertyOp24
 70
     1
102
RTVSPropertyOp25
 70
     1
102
RTVSPropertyOp26
 70
     1
102
RTVSPropertyOp27
 70
     1
102
RTVSPropertyOp28
 70
     1
102
RTVSPropertyOp29
 70
     1
102
RTVSPropertyOp30
 70
     1
102
RTVSPropertyOp31
 70
     1
102
RTVSPropertyOp32
 70
     1
102
RTVSPropertyOp33
 70
     1
102
RTVSPropertyOp34
 70
     1
102
RTVSPropertyOp35
 70
     1
102
RTVSPropertyOp36
 70
     1
102
RTVSPropertyOp37
 70
     1
102
RTVSPropertyOp38
 70
     1
102
RTVSPropertyOp39
 70
     1
102
RTVSPropertyOp40
 70
     1
102
RTVSPropertyOp41
 70
     1
102
RTVSPropertyOp42
 70
     1
102
RTVSPropertyOp43
 70
     1
102
RTVSPropertyOp44
 70
     1
102
RTVSPropertyOp45
 70
     1
102
RTVSPropertyOp46
 70
     1
102
RTVSPropertyOp47
 70
     1
102
RTVSPropertyOp48
 70
     1
102
RTVSPropertyOp49
 70
     1
102
RTVSPropertyOp50
 70
     1
102
RTVSPropertyOp51
 70
     0
102
RTVSPropertyOp52
 70
     0
102
RTVSPropertyOp53
 70
     1
102
RTVSPropertyOp54
 70
     1
102
RTVSPropertyOp55
 70
     1
102
RTVSPropertyOp56
 70
     1
102
RTVSPropertyOp57
 70
     1
102
RTVSPropertyOp58
 70
     1
102
RTVSPropertyOp59
 70
     1
102
RTVSPropertyOp60
 70
     1
102
RTVSPropertyOp61
 70
     1
102
RTVSPropertyOp62
 70
     1
  0
XRECORD
  5
A11C
102
{ACAD_REACTORS
330
A11B
102
}
330
A11B
100
AcDbXrecord
280
     1
102
RTVSPost2010Prop28
280
     0
102
RTVSPost2010PropOp28
 70
     1
102
RTVSPost2010Prop29
280
     1
102
RTVSPost2010PropOp29
 70
     1
102
RTVSPost2010Prop30
280
     1
102
RTVSPost2010PropOp30
 70
     1
102
RTVSPost2010Prop31
280
     0
102
RTVSPost2010PropOp31
 70
     1
102
RTVSPost2010Prop32
280
     0
102
RTVSPost2010PropOp32
 70
     1
102
RTVSPost2010Prop33
280
     0
102
RTVSPost2010PropOp33
 70
     1
102
RTVSPost2010Prop34
280
     0
102
RTVSPost2010PropOp34
 70
     1
102
RTVSPost2010Prop35
280
     0
102
RTVSPost2010PropOp35
 70
     1
102
RTVSPost2010Prop36
280
     0
102
RTVSPost2010PropOp36
 70
     1
102
RTVSPost2010Prop37
 90
       50
102
RTVSPost2010PropOp37
 70
     1
102
RTVSPost2010Prop38
140
0.0
102
RTVSPost2010PropOp38
 70
     1
102
RTVSPost2010Prop39
140
1.0
102
RTVSPost2010PropOp39
 70
     1
102
RTVSPost2010Prop40
 90
        0
102
RTVSPost2010PropOp40
 70
     1
102
RTVSPost2010Prop41ColorIndex
 90
       18
102
RTVSPost2010Prop41ColorRGB
 90
        0
102
RTVSPost2010PropOp41
 70
     1
102
RTVSPost2010Prop42
 90
       50
102
RTVSPost2010PropOp42
 70
     1
102
RTVSPost2010Prop43
 90
        3
102
RTVSPost2010PropOp43
 70
     1
102
RTVSPost2010Prop44ColorIndex
 90
        5
102
RTVSPost2010Prop44ColorRGB
 90
      255
102
RTVSPost2010PropOp44
 70
     1
102
RTVSPost2010Prop45
280
     0
102
RTVSPost2010PropOp45
 70
     1
102
RTVSPost2010Prop46
 90
       50
102
RTVSPost2010PropOp46
 70
     1
102
RTVSPost2010Prop47
 90
       50
102
RTVSPost2010PropOp47
 70
     1
102
RTVSPost2010Prop48
 90
       50
102
RTVSPost2010PropOp48
 70
     1
102
RTVSPost2010Prop49
280
     0
102
RTVSPost2010PropOp49
 70
     1
102
RTVSPost2010Prop50
 90
       50
102
RTVSPost2010PropOp50
 70
     1
102
RTVSPost2010Prop51ColorIndex
 90
      256
102
RTVSPost2010Prop51ColorRGB
 90
-16777216
102
RTVSPost2010PropOp51
 70
     0
102
RTVSPost2010Prop52
140
1.0
102
RTVSPost2010PropOp52
 70
     0
102
RTVSPost2010Prop53
 90
        2
102
RTVSPost2010PropOp53
 70
     1
102
RTVSPost2010Prop54
  1
strokes_ogs.tif
102
RTVSPost2010PropOp54
 70
     1
102
RTVSPost2010Prop55
280
     0
102
RTVSPost2010PropOp55
 70
     1
102
RTVSPost2010Prop56
140
1.0
102
RTVSPost2010PropOp56
 70
     1
102
RTVSPost2010Prop57
140
1.0
102
RTVSPost2010PropOp57
 70
     1
102
RTVSPropertyOp0
 70
     1
102
RTVSPropertyOp1
 70
     1
102
RTVSPropertyOp2
 70
     1
102
RTVSPropertyOp3
 70
     1
102
RTVSPropertyOp4
 70
     1
102
RTVSPropertyOp5
 70
     1
102
RTVSPropertyOp6
 70
     1
102
RTVSPropertyOp7
 70
     1
102
RTVSPropertyOp8
 70
     1
102
RTVSPropertyOp9
 70
     1
102
RTVSPropertyOp10
 70
     1
102
RTVSPropertyOp11
 70
     1
102
RTVSPropertyOp12
 70
     1
102
RTVSPropertyOp13
 70
     1
102
RTVSPropertyOp14
 70
     1
102
RTVSPropertyOp15
 70
     1
102
RTVSPropertyOp16
 70
     1
102
RTVSPropertyOp17
 70
     1
102
RTVSPropertyOp18
 70
     1
102
RTVSPropertyOp19
 70
     1
102
RTVSPropertyOp20
 70
     1
102
RTVSPropertyOp21
 70
     1
102
RTVSPropertyOp22
 70
     1
102
RTVSPropertyOp23
 70
     1
102
RTVSPropertyOp24
 70
     1
102
RTVSPropertyOp25
 70
     1
102
RTVSPropertyOp26
 70
     1
102
RTVSPropertyOp27
 70
     1
102
RTVSPropertyOp28
 70
     1
102
RTVSPropertyOp29
 70
     1
102
RTVSPropertyOp30
 70
     1
102
RTVSPropertyOp31
 70
     1
102
RTVSPropertyOp32
 70
     1
102
RTVSPropertyOp33
 70
     1
102
RTVSPropertyOp34
 70
     1
102
RTVSPropertyOp35
 70
     1
102
RTVSPropertyOp36
 70
     1
102
RTVSPropertyOp37
 70
     1
102
RTVSPropertyOp38
 70
     1
102
RTVSPropertyOp39
 70
     1
102
RTVSPropertyOp40
 70
     1
102
RTVSPropertyOp41
 70
     1
102
RTVSPropertyOp42
 70
     1
102
RTVSPropertyOp43
 70
     1
102
RTVSPropertyOp44
 70
     1
102
RTVSPropertyOp45
 70
     1
102
RTVSPropertyOp46
 70
     1
102
RTVSPropertyOp47
 70
     1
102
RTVSPropertyOp48
 70
     1
102
RTVSPropertyOp49
 70
     1
102
RTVSPropertyOp50
 70
     1
102
RTVSPropertyOp51
 70
     0
102
RTVSPropertyOp52
 70
     0
102
RTVSPropertyOp53
 70
     1
102
RTVSPropertyOp54
 70
     1
102
RTVSPropertyOp55
 70
     1
102
RTVSPropertyOp56
 70
     1
102
RTVSPropertyOp57
 70
     1
102
RTVSPropertyOp58
 70
     1
102
RTVSPropertyOp59
 70
     1
102
RTVSPropertyOp60
 70
     1
102
RTVSPropertyOp61
 70
     1
102
RTVSPropertyOp62
 70
     1
  0
XRECORD
  5
A13E
102
{ACAD_REACTORS
330
A13D
102
}
330
A13D
100
AcDbXrecord
280
     1
102
RTVSPost2010Prop28
280
     0
102
RTVSPost2010PropOp28
 70
     1
102
RTVSPost2010Prop29
280
     1
102
RTVSPost2010PropOp29
 70
     1
102
RTVSPost2010Prop30
280
     1
102
RTVSPost2010PropOp30
 70
     1
102
RTVSPost2010Prop31
280
     0
102
RTVSPost2010PropOp31
 70
     1
102
RTVSPost2010Prop32
280
     0
102
RTVSPost2010PropOp32
 70
     1
102
RTVSPost2010Prop33
280
     0
102
RTVSPost2010PropOp33
 70
     1
102
RTVSPost2010Prop34
280
     0
102
RTVSPost2010PropOp34
 70
     1
102
RTVSPost2010Prop35
280
     0
102
RTVSPost2010PropOp35
 70
     1
102
RTVSPost2010Prop36
280
     0
102
RTVSPost2010PropOp36
 70
     1
102
RTVSPost2010Prop37
 90
       50
102
RTVSPost2010PropOp37
 70
     1
102
RTVSPost2010Prop38
140
0.0
102
RTVSPost2010PropOp38
 70
     1
102
RTVSPost2010Prop39
140
1.0
102
RTVSPost2010PropOp39
 70
     1
102
RTVSPost2010Prop40
 90
        0
102
RTVSPost2010PropOp40
 70
     1
102
RTVSPost2010Prop41ColorIndex
 90
       18
102
RTVSPost2010Prop41ColorRGB
 90
        0
102
RTVSPost2010PropOp41
 70
     1
102
RTVSPost2010Prop42
 90
       50
102
RTVSPost2010PropOp42
 70
     1
102
RTVSPost2010Prop43
 90
        3
102
RTVSPost2010PropOp43
 70
     1
102
RTVSPost2010Prop44ColorIndex
 90
        5
102
RTVSPost2010Prop44ColorRGB
 90
      255
102
RTVSPost2010PropOp44
 70
     1
102
RTVSPost2010Prop45
280
     0
102
RTVSPost2010PropOp45
 70
     1
102
RTVSPost2010Prop46
 90
       50
102
RTVSPost2010PropOp46
 70
     1
102
RTVSPost2010Prop47
 90
       50
102
RTVSPost2010PropOp47
 70
     1
102
RTVSPost2010Prop48
 90
       50
102
RTVSPost2010PropOp48
 70
     1
102
RTVSPost2010Prop49
280
     0
102
RTVSPost2010PropOp49
 70
     1
102
RTVSPost2010Prop50
 90
       50
102
RTVSPost2010PropOp50
 70
     1
102
RTVSPost2010Prop51ColorIndex
 90
      256
102
RTVSPost2010Prop51ColorRGB
 90
-16777216
102
RTVSPost2010PropOp51
 70
     0
102
RTVSPost2010Prop52
140
1.0
102
RTVSPost2010PropOp52
 70
     0
102
RTVSPost2010Prop53
 90
        2
102
RTVSPost2010PropOp53
 70
     1
102
RTVSPost2010Prop54
  1
strokes_ogs.tif
102
RTVSPost2010PropOp54
 70
     1
102
RTVSPost2010Prop55
280
     0
102
RTVSPost2010PropOp55
 70
     1
102
RTVSPost2010Prop56
140
1.0
102
RTVSPost2010PropOp56
 70
     1
102
RTVSPost2010Prop57
140
1.0
102
RTVSPost2010PropOp57
 70
     1
102
RTVSPropertyOp0
 70
     1
102
RTVSPropertyOp1
 70
     1
102
RTVSPropertyOp2
 70
     1
102
RTVSPropertyOp3
 70
     1
102
RTVSPropertyOp4
 70
     1
102
RTVSPropertyOp5
 70
     1
102
RTVSPropertyOp6
 70
     1
102
RTVSPropertyOp7
 70
     1
102
RTVSPropertyOp8
 70
     1
102
RTVSPropertyOp9
 70
     1
102
RTVSPropertyOp10
 70
     1
102
RTVSPropertyOp11
 70
     1
102
RTVSPropertyOp12
 70
     1
102
RTVSPropertyOp13
 70
     1
102
RTVSPropertyOp14
 70
     1
102
RTVSPropertyOp15
 70
     1
102
RTVSPropertyOp16
 70
     1
102
RTVSPropertyOp17
 70
     1
102
RTVSPropertyOp18
 70
     1
102
RTVSPropertyOp19
 70
     1
102
RTVSPropertyOp20
 70
     1
102
RTVSPropertyOp21
 70
     1
102
RTVSPropertyOp22
 70
     1
102
RTVSPropertyOp23
 70
     1
102
RTVSPropertyOp24
 70
     1
102
RTVSPropertyOp25
 70
     1
102
RTVSPropertyOp26
 70
     1
102
RTVSPropertyOp27
 70
     1
102
RTVSPropertyOp28
 70
     1
102
RTVSPropertyOp29
 70
     1
102
RTVSPropertyOp30
 70
     1
102
RTVSPropertyOp31
 70
     1
102
RTVSPropertyOp32
 70
     1
102
RTVSPropertyOp33
 70
     1
102
RTVSPropertyOp34
 70
     1
102
RTVSPropertyOp35
 70
     1
102
RTVSPropertyOp36
 70
     1
102
RTVSPropertyOp37
 70
     1
102
RTVSPropertyOp38
 70
     1
102
RTVSPropertyOp39
 70
     1
102
RTVSPropertyOp40
 70
     1
102
RTVSPropertyOp41
 70
     1
102
RTVSPropertyOp42
 70
     1
102
RTVSPropertyOp43
 70
     1
102
RTVSPropertyOp44
 70
     1
102
RTVSPropertyOp45
 70
     1
102
RTVSPropertyOp46
 70
     1
102
RTVSPropertyOp47
 70
     1
102
RTVSPropertyOp48
 70
     1
102
RTVSPropertyOp49
 70
     1
102
RTVSPropertyOp50
 70
     1
102
RTVSPropertyOp51
 70
     0
102
RTVSPropertyOp52
 70
     0
102
RTVSPropertyOp53
 70
     1
102
RTVSPropertyOp54
 70
     1
102
RTVSPropertyOp55
 70
     1
102
RTVSPropertyOp56
 70
     1
102
RTVSPropertyOp57
 70
     1
102
RTVSPropertyOp58
 70
     1
102
RTVSPropertyOp59
 70
     1
102
RTVSPropertyOp60
 70
     1
102
RTVSPropertyOp61
 70
     1
102
RTVSPropertyOp62
 70
     1
  0
DMBASEELEMENT
  5
1BA
102
{ACAD_XDICTIONARY
360
1BE
102
}
102
{ACAD_REACTORS
330
1B7
102
}
330
1B7
100
AcMapDMBaseElement
 70
     1
  1
Map Base
 70
     1
330
1B7
100
AcMapDMBaseElement
 70
     1
  1

 70
     2
  1

 70
     1
 40
1.797693134862313E+99
 70
     1
 70
     1
 70
     1
 70
     1
360
1BD
100
AcMapDMBaseElement
 70
     1
1001
ACAD
1000
AcRTDxfName
1000
DMBASEELEMENT
  0
DMDEFAULTSTYLE
  5
1BB
102
{ACAD_REACTORS
330
1B7
102
}
330
1B7
100
AcMapDMDefaultStyle
 70
     1
 90
        1
  1
Default
100
AcMapDMDefaultStyle
 70
     1
280
   100
 90
        0
1001
AcMapDMDisplayStyleRegapp
1070
     2
1071
        1
1000
Default
1000

1001
ACAD
1000
AcRTDxfName
1000
DMDEFAULTSTYLE
  0
DICTIONARY
  5
1BE
330
1BA
100
AcDbDictionary
280
     1
281
     1
  3
AcMapDMSurrogateStyleSets
360
1BF
  0
DMSTYLEREFERENCE
  5
1BD
330
1BA
100
AcMapDMStyleReference
 70
     1
 70
     0
340
1BB
330
1B7
1001
ACAD
1000
AcRTDxfName
1000
DMSTYLEREFERENCE
  0
DMSURROGATESTYLESETS
  5
1BF
102
{ACAD_REACTORS
330
1BE
102
}
330
1BE
100
AcMapDMSurrogateStyleSets
 70
     1
  1
Map Base
 70
     1
 40
1.797693134862313E+99
 70
     1
 70
     1
 70
     1
 70
     1
330
1BD
 70
     0
1001
ACAD
1000
AcRTDxfName
1000
DMSURROGATESTYLESETS
  0
ENDSEC
  0
EOF
